-- MySQL dump 10.13  Distrib 8.0.19, for Win64 (x86_64)
--
-- Host: localhost    Database: capstone_agriculture_db
-- ------------------------------------------------------
-- Server version	8.0.19

/*!40101 SET @OLD_CHARACTER_SET_CLIENT=@@CHARACTER_SET_CLIENT */;
/*!40101 SET @OLD_CHARACTER_SET_RESULTS=@@CHARACTER_SET_RESULTS */;
/*!40101 SET @OLD_COLLATION_CONNECTION=@@COLLATION_CONNECTION */;
/*!50503 SET NAMES utf8 */;
/*!40103 SET @OLD_TIME_ZONE=@@TIME_ZONE */;
/*!40103 SET TIME_ZONE='+00:00' */;
/*!40014 SET @OLD_UNIQUE_CHECKS=@@UNIQUE_CHECKS, UNIQUE_CHECKS=0 */;
/*!40014 SET @OLD_FOREIGN_KEY_CHECKS=@@FOREIGN_KEY_CHECKS, FOREIGN_KEY_CHECKS=0 */;
/*!40101 SET @OLD_SQL_MODE=@@SQL_MODE, SQL_MODE='NO_AUTO_VALUE_ON_ZERO' */;
/*!40111 SET @OLD_SQL_NOTES=@@SQL_NOTES, SQL_NOTES=0 */;

--
-- Table structure for table `crop_calendar_table`
--

DROP TABLE IF EXISTS `crop_calendar_table`;
/*!40101 SET @saved_cs_client     = @@character_set_client */;
/*!50503 SET character_set_client = utf8mb4 */;
CREATE TABLE `crop_calendar_table` (
  `calendar_id` int NOT NULL AUTO_INCREMENT,
  `farm_id` int NOT NULL,
  `land_prep_date` datetime DEFAULT NULL,
  `sowing_date` datetime DEFAULT NULL,
  `harvest_date` datetime DEFAULT NULL,
  `planting_method` enum('Irrigation','Non-Irrigation') NOT NULL,
  `seed_planted` int NOT NULL,
  `status` enum('Active','Inactive','In-Progress','Completed') DEFAULT NULL,
  `seed_rate` int NOT NULL,
  `harvest_yield` int DEFAULT NULL,
  `crop_plan` varchar(45) NOT NULL,
  PRIMARY KEY (`calendar_id`),
  UNIQUE KEY `calendar_id_UNIQUE` (`calendar_id`),
  KEY `seed_to_calendar_idx` (`seed_planted`),
  KEY `farm_to_calendar_idx` (`farm_id`),
  CONSTRAINT `farm_to_calendar` FOREIGN KEY (`farm_id`) REFERENCES `farm_table` (`farm_id`),
  CONSTRAINT `seed_to_calendar` FOREIGN KEY (`seed_planted`) REFERENCES `seed_table` (`seed_id`)
) ENGINE=InnoDB AUTO_INCREMENT=3 DEFAULT CHARSET=utf8mb4 COLLATE=utf8mb4_0900_ai_ci;
/*!40101 SET character_set_client = @saved_cs_client */;

--
-- Dumping data for table `crop_calendar_table`
--

LOCK TABLES `crop_calendar_table` WRITE;
/*!40000 ALTER TABLE `crop_calendar_table` DISABLE KEYS */;
INSERT INTO `crop_calendar_table` VALUES (1,2,'2021-10-24 00:00:00','2021-10-27 00:00:00',NULL,'Non-Irrigation',3,'In-Progress',99,NULL,'my planz'),(2,1,'2021-10-31 00:00:00','2021-11-06 00:00:00',NULL,'Irrigation',1,'In-Progress',50,NULL,'your plan1');
/*!40000 ALTER TABLE `crop_calendar_table` ENABLE KEYS */;
UNLOCK TABLES;

--
-- Table structure for table `daily_data`
--

DROP TABLE IF EXISTS `daily_data`;
/*!40101 SET @saved_cs_client     = @@character_set_client */;
/*!50503 SET character_set_client = utf8mb4 */;
CREATE TABLE `daily_data` (
  `data_id` int NOT NULL,
  `farm_id` int NOT NULL,
  `min_temp` float DEFAULT NULL,
  `max_temp` float DEFAULT NULL,
  `pressure` float DEFAULT NULL,
  `humidity` float DEFAULT NULL,
  `precipitation` float DEFAULT NULL,
  `temp10` float DEFAULT NULL,
  `soil_moisture` float DEFAULT NULL,
  `surface_temp` float DEFAULT NULL,
  `UVI` float DEFAULT NULL,
  `NDVI` float DEFAULT NULL,
  PRIMARY KEY (`data_id`),
  KEY `farm_index_idx` (`farm_id`),
  CONSTRAINT `farm_index` FOREIGN KEY (`farm_id`) REFERENCES `farm_table` (`farm_id`)
) ENGINE=InnoDB DEFAULT CHARSET=utf8mb4 COLLATE=utf8mb4_0900_ai_ci;
/*!40101 SET character_set_client = @saved_cs_client */;

--
-- Dumping data for table `daily_data`
--

LOCK TABLES `daily_data` WRITE;
/*!40000 ALTER TABLE `daily_data` DISABLE KEYS */;
/*!40000 ALTER TABLE `daily_data` ENABLE KEYS */;
UNLOCK TABLES;

--
-- Table structure for table `diagnosis`
--

DROP TABLE IF EXISTS `diagnosis`;
/*!40101 SET @saved_cs_client     = @@character_set_client */;
/*!50503 SET character_set_client = utf8mb4 */;
CREATE TABLE `diagnosis` (
  `diagnosis_id` int NOT NULL AUTO_INCREMENT,
  `type` enum('Pest','Disease') NOT NULL,
  `date_diagnosed` date NOT NULL,
  `farm_id` int NOT NULL,
  `value` tinytext,
  `pd_id` int NOT NULL,
  PRIMARY KEY (`diagnosis_id`),
  KEY `diag_farm_idx` (`farm_id`),
  CONSTRAINT `diag_farm` FOREIGN KEY (`farm_id`) REFERENCES `farm_table` (`farm_id`)
) ENGINE=InnoDB DEFAULT CHARSET=utf8mb4 COLLATE=utf8mb4_0900_ai_ci;
/*!40101 SET character_set_client = @saved_cs_client */;

--
-- Dumping data for table `diagnosis`
--

LOCK TABLES `diagnosis` WRITE;
/*!40000 ALTER TABLE `diagnosis` DISABLE KEYS */;
/*!40000 ALTER TABLE `diagnosis` ENABLE KEYS */;
UNLOCK TABLES;

--
-- Table structure for table `disease_table`
--

DROP TABLE IF EXISTS `disease_table`;
/*!40101 SET @saved_cs_client     = @@character_set_client */;
/*!50503 SET character_set_client = utf8mb4 */;
CREATE TABLE `disease_table` (
  `disease_id` int NOT NULL AUTO_INCREMENT,
  `disease_name` varchar(45) NOT NULL,
  `disease_desc` tinytext NOT NULL,
  `scientific_name` varchar(45) DEFAULT NULL,
  PRIMARY KEY (`disease_id`),
  UNIQUE KEY `disease_name_UNIQUE` (`disease_name`)
) ENGINE=InnoDB AUTO_INCREMENT=3 DEFAULT CHARSET=utf8mb4 COLLATE=utf8mb4_0900_ai_ci;
/*!40101 SET character_set_client = @saved_cs_client */;

--
-- Dumping data for table `disease_table`
--

LOCK TABLES `disease_table` WRITE;
/*!40000 ALTER TABLE `disease_table` DISABLE KEYS */;
INSERT INTO `disease_table` VALUES (1,'Bacterial Blight','It causes wilting of seedlings and yellowing and drying of leaves.','Xanthomonas oryzae pv. oryzae.'),(2,'Bacterial leaf streak','Infected plants show browning and drying of leaves. ','Xanthomonas oryzae pv. oryzicola');
/*!40000 ALTER TABLE `disease_table` ENABLE KEYS */;
UNLOCK TABLES;

--
-- Table structure for table `effects_disease`
--

DROP TABLE IF EXISTS `effects_disease`;
/*!40101 SET @saved_cs_client     = @@character_set_client */;
/*!50503 SET character_set_client = utf8mb4 */;
CREATE TABLE `effects_disease` (
  `effects_id` int NOT NULL,
  `disease_id` int NOT NULL,
  `effects_disease_id` int NOT NULL AUTO_INCREMENT,
  PRIMARY KEY (`effects_disease_id`),
  KEY `fk_effects_table_has_disease_table_disease_table1_idx` (`disease_id`),
  KEY `fk_effects_table_has_disease_table_effects_table1_idx` (`effects_id`),
  CONSTRAINT `fk_effects_table_has_disease_table_disease_table1` FOREIGN KEY (`disease_id`) REFERENCES `disease_table` (`disease_id`),
  CONSTRAINT `fk_effects_table_has_disease_table_effects_table1` FOREIGN KEY (`effects_id`) REFERENCES `effects_table` (`effects_id`)
) ENGINE=InnoDB DEFAULT CHARSET=utf8mb4 COLLATE=utf8mb4_0900_ai_ci;
/*!40101 SET character_set_client = @saved_cs_client */;

--
-- Dumping data for table `effects_disease`
--

LOCK TABLES `effects_disease` WRITE;
/*!40000 ALTER TABLE `effects_disease` DISABLE KEYS */;
/*!40000 ALTER TABLE `effects_disease` ENABLE KEYS */;
UNLOCK TABLES;

--
-- Table structure for table `effects_pest`
--

DROP TABLE IF EXISTS `effects_pest`;
/*!40101 SET @saved_cs_client     = @@character_set_client */;
/*!50503 SET character_set_client = utf8mb4 */;
CREATE TABLE `effects_pest` (
  `effects_pest_id` int NOT NULL,
  `effects_id` int NOT NULL,
  `pest_id` int NOT NULL AUTO_INCREMENT,
  PRIMARY KEY (`effects_pest_id`),
  KEY `fk_effects_table_has_pest_table_pest_table1_idx` (`pest_id`),
  KEY `fk_effects_table_has_pest_table_effects_table1_idx` (`effects_id`),
  CONSTRAINT `fk_effects_table_has_pest_table_effects_table1` FOREIGN KEY (`effects_id`) REFERENCES `effects_table` (`effects_id`),
  CONSTRAINT `fk_effects_table_has_pest_table_pest_table1` FOREIGN KEY (`pest_id`) REFERENCES `pest_table` (`pest_id`)
) ENGINE=InnoDB DEFAULT CHARSET=utf8mb4 COLLATE=utf8mb4_0900_ai_ci;
/*!40101 SET character_set_client = @saved_cs_client */;

--
-- Dumping data for table `effects_pest`
--

LOCK TABLES `effects_pest` WRITE;
/*!40000 ALTER TABLE `effects_pest` DISABLE KEYS */;
/*!40000 ALTER TABLE `effects_pest` ENABLE KEYS */;
UNLOCK TABLES;

--
-- Table structure for table `effects_table`
--

DROP TABLE IF EXISTS `effects_table`;
/*!40101 SET @saved_cs_client     = @@character_set_client */;
/*!50503 SET character_set_client = utf8mb4 */;
CREATE TABLE `effects_table` (
  `effects_id` int NOT NULL AUTO_INCREMENT,
  `effect_name` varchar(45) NOT NULL,
  `effect_desc` tinytext,
  PRIMARY KEY (`effects_id`)
) ENGINE=InnoDB DEFAULT CHARSET=utf8mb4 COLLATE=utf8mb4_0900_ai_ci;
/*!40101 SET character_set_client = @saved_cs_client */;

--
-- Dumping data for table `effects_table`
--

LOCK TABLES `effects_table` WRITE;
/*!40000 ALTER TABLE `effects_table` DISABLE KEYS */;
/*!40000 ALTER TABLE `effects_table` ENABLE KEYS */;
UNLOCK TABLES;

--
-- Table structure for table `employee_table`
--

DROP TABLE IF EXISTS `employee_table`;
/*!40101 SET @saved_cs_client     = @@character_set_client */;
/*!50503 SET character_set_client = utf8mb4 */;
CREATE TABLE `employee_table` (
  `employee_id` int NOT NULL AUTO_INCREMENT,
  `position` enum('Office Worker','Farm Manager','Farmer','Owner') NOT NULL DEFAULT 'Farmer',
  `last_name` varchar(25) NOT NULL,
  `first_name` varchar(45) NOT NULL,
  `phone_number` varchar(15) DEFAULT NULL,
  PRIMARY KEY (`employee_id`),
  UNIQUE KEY `idemployee_table_UNIQUE` (`employee_id`),
  UNIQUE KEY `phone_number_UNIQUE` (`phone_number`)
) ENGINE=InnoDB AUTO_INCREMENT=13 DEFAULT CHARSET=utf8mb4 COLLATE=utf8mb4_0900_ai_ci;
/*!40101 SET character_set_client = @saved_cs_client */;

--
-- Dumping data for table `employee_table`
--

LOCK TABLES `employee_table` WRITE;
/*!40000 ALTER TABLE `employee_table` DISABLE KEYS */;
INSERT INTO `employee_table` VALUES (1,'Office Worker','last','first','9293150238'),(3,'Office Worker','last','first','9293150233'),(4,'Farmer','Cu','Martin','9138457'),(5,'Farmer','Aquino','Y2','9169821'),(6,'Farm Manager','Anyayahan','Yen','13432874'),(7,'Farm Manager','Madrazo','Wilford','1345672874'),(8,'Farmer','Magpantay','Lissa','98231'),(9,'Farmer','Macana','Darren','111110'),(10,'Farmer','Lu','Lia','111111'),(11,'Farmer','See','Rich','111112'),(12,'Farmer','Espalto','Mike','111113');
/*!40000 ALTER TABLE `employee_table` ENABLE KEYS */;
UNLOCK TABLES;

--
-- Table structure for table `farm_assignment`
--

DROP TABLE IF EXISTS `farm_assignment`;
/*!40101 SET @saved_cs_client     = @@character_set_client */;
/*!50503 SET character_set_client = utf8mb4 */;
CREATE TABLE `farm_assignment` (
  `assignment_id` int NOT NULL AUTO_INCREMENT,
  `employee_id` int NOT NULL,
  `farm_id` int NOT NULL,
  `status` enum('Active','Inactive') DEFAULT 'Active',
  PRIMARY KEY (`assignment_id`),
  UNIQUE KEY `assignment_id_UNIQUE` (`assignment_id`),
  KEY `employee_id_idx` (`employee_id`),
  KEY `farm_id_idx` (`farm_id`),
  CONSTRAINT `employee_id` FOREIGN KEY (`employee_id`) REFERENCES `employee_table` (`employee_id`),
  CONSTRAINT `farm_farm_assignment_id` FOREIGN KEY (`farm_id`) REFERENCES `farm_table` (`farm_id`)
) ENGINE=InnoDB AUTO_INCREMENT=28 DEFAULT CHARSET=utf8mb4 COLLATE=utf8mb4_0900_ai_ci;
/*!40101 SET character_set_client = @saved_cs_client */;

--
-- Dumping data for table `farm_assignment`
--

LOCK TABLES `farm_assignment` WRITE;
/*!40000 ALTER TABLE `farm_assignment` DISABLE KEYS */;
INSERT INTO `farm_assignment` VALUES (1,3,1,'Active'),(2,6,1,'Active'),(3,8,1,'Active'),(4,4,2,'Active'),(5,7,2,'Active'),(6,8,2,'Active'),(27,6,30,'Active');
/*!40000 ALTER TABLE `farm_assignment` ENABLE KEYS */;
UNLOCK TABLES;

--
-- Table structure for table `farm_materials`
--

DROP TABLE IF EXISTS `farm_materials`;
/*!40101 SET @saved_cs_client     = @@character_set_client */;
/*!50503 SET character_set_client = utf8mb4 */;
CREATE TABLE `farm_materials` (
  `farm_mat_id` int NOT NULL AUTO_INCREMENT,
  `farm_id` int DEFAULT NULL,
  `item_id` int DEFAULT NULL,
  `item_type` enum('Pesticide','Fertilizer','Seed','Others') NOT NULL,
  `current_amount` float DEFAULT '0',
  `isActive` tinyint(1) DEFAULT '1',
  PRIMARY KEY (`farm_mat_id`),
  KEY `farm_id_idx` (`farm_id`),
  CONSTRAINT `farm_id` FOREIGN KEY (`farm_id`) REFERENCES `farm_table` (`farm_id`)
) ENGINE=InnoDB AUTO_INCREMENT=7 DEFAULT CHARSET=utf8mb4 COLLATE=utf8mb4_0900_ai_ci;
/*!40101 SET character_set_client = @saved_cs_client */;

--
-- Dumping data for table `farm_materials`
--

LOCK TABLES `farm_materials` WRITE;
/*!40000 ALTER TABLE `farm_materials` DISABLE KEYS */;
/*!40000 ALTER TABLE `farm_materials` ENABLE KEYS */;
UNLOCK TABLES;

--
-- Table structure for table `farm_table`
--

DROP TABLE IF EXISTS `farm_table`;
/*!40101 SET @saved_cs_client     = @@character_set_client */;
/*!50503 SET character_set_client = utf8mb4 */;
CREATE TABLE `farm_table` (
  `farm_id` int NOT NULL AUTO_INCREMENT,
  `farm_name` varchar(45) NOT NULL,
  `farm_desc` varchar(45) DEFAULT NULL,
  `farm_area` float DEFAULT NULL,
  `land_type` enum('Lowland','Upland') NOT NULL DEFAULT 'Lowland',
  `status` enum('Active','Inactive','In-Progress') DEFAULT 'Active',
  PRIMARY KEY (`farm_id`),
  UNIQUE KEY `farm_id_UNIQUE` (`farm_id`),
  UNIQUE KEY `farm_name_UNIQUE` (`farm_name`)
) ENGINE=InnoDB AUTO_INCREMENT=42 DEFAULT CHARSET=utf8mb4 COLLATE=utf8mb4_0900_ai_ci;
/*!40101 SET character_set_client = @saved_cs_client */;

--
-- Dumping data for table `farm_table`
--

LOCK TABLES `farm_table` WRITE;
/*!40000 ALTER TABLE `farm_table` DISABLE KEYS */;
INSERT INTO `farm_table` VALUES (1,'farm1','desc',100,'Lowland','Active'),(2,'farm2','desc',200,'Upland','Active'),(30,'LA Farm (API Paid)','Yawa',0,'Lowland','Active'),(35,'sdadas','',0,'Lowland','Active'),(36,'moa','',0,'Lowland','Active'),(37,'moaaa','',0,'Lowland','Active'),(39,'yehey','',0,'Lowland','Active'),(40,'a','',0,'Lowland','Active');
/*!40000 ALTER TABLE `farm_table` ENABLE KEYS */;
UNLOCK TABLES;

--
-- Table structure for table `farm_types`
--

DROP TABLE IF EXISTS `farm_types`;
/*!40101 SET @saved_cs_client     = @@character_set_client */;
/*!50503 SET character_set_client = utf8mb4 */;
CREATE TABLE `farm_types` (
  `farm_type_id` int NOT NULL AUTO_INCREMENT,
  `farm_type` varchar(45) NOT NULL,
  `farm_type_desc` tinytext NOT NULL,
  PRIMARY KEY (`farm_type_id`),
  UNIQUE KEY `farm_type_UNIQUE` (`farm_type`)
) ENGINE=InnoDB AUTO_INCREMENT=6 DEFAULT CHARSET=utf8mb4 COLLATE=utf8mb4_0900_ai_ci;
/*!40101 SET character_set_client = @saved_cs_client */;

--
-- Dumping data for table `farm_types`
--

LOCK TABLES `farm_types` WRITE;
/*!40000 ALTER TABLE `farm_types` DISABLE KEYS */;
INSERT INTO `farm_types` VALUES (1,'Upland','The farm is upland'),(2,'Lowland','The farm is lowland'),(3,'Irrigated','The farm is irrigated'),(4,'Rainfed','The farm is rainfed'),(5,'Transplanting','Planting method used is transplanting');
/*!40000 ALTER TABLE `farm_types` ENABLE KEYS */;
UNLOCK TABLES;

--
-- Table structure for table `farm_types_disease`
--

DROP TABLE IF EXISTS `farm_types_disease`;
/*!40101 SET @saved_cs_client     = @@character_set_client */;
/*!50503 SET character_set_client = utf8mb4 */;
CREATE TABLE `farm_types_disease` (
  `farm_types_disease_id` int NOT NULL AUTO_INCREMENT,
  `farm_type_id` int NOT NULL,
  `disease_id` int NOT NULL,
  PRIMARY KEY (`farm_types_disease_id`),
  KEY `fk_farm_types_has_disease_table_disease_table1_idx` (`disease_id`),
  KEY `fk_farm_types_has_disease_table_farm_types1_idx` (`farm_type_id`),
  CONSTRAINT `fk_farm_types_has_disease_table_disease_table1` FOREIGN KEY (`disease_id`) REFERENCES `disease_table` (`disease_id`),
  CONSTRAINT `fk_farm_types_has_disease_table_farm_types1` FOREIGN KEY (`farm_type_id`) REFERENCES `farm_types` (`farm_type_id`)
) ENGINE=InnoDB AUTO_INCREMENT=3 DEFAULT CHARSET=utf8mb4 COLLATE=utf8mb4_0900_ai_ci;
/*!40101 SET character_set_client = @saved_cs_client */;

--
-- Dumping data for table `farm_types_disease`
--

LOCK TABLES `farm_types_disease` WRITE;
/*!40000 ALTER TABLE `farm_types_disease` DISABLE KEYS */;
INSERT INTO `farm_types_disease` VALUES (1,1,2),(2,2,2);
/*!40000 ALTER TABLE `farm_types_disease` ENABLE KEYS */;
UNLOCK TABLES;

--
-- Table structure for table `farmer_queries`
--

DROP TABLE IF EXISTS `farmer_queries`;
/*!40101 SET @saved_cs_client     = @@character_set_client */;
/*!50503 SET character_set_client = utf8mb4 */;
CREATE TABLE `farmer_queries` (
  `query_id` int NOT NULL AUTO_INCREMENT,
  `employee_id` int NOT NULL,
  `message` mediumtext,
  PRIMARY KEY (`query_id`),
  KEY `farmer_ref_idx` (`employee_id`),
  CONSTRAINT `farmer_ref` FOREIGN KEY (`employee_id`) REFERENCES `employee_table` (`employee_id`)
) ENGINE=InnoDB DEFAULT CHARSET=utf8mb4 COLLATE=utf8mb4_0900_ai_ci;
/*!40101 SET character_set_client = @saved_cs_client */;

--
-- Dumping data for table `farmer_queries`
--

LOCK TABLES `farmer_queries` WRITE;
/*!40000 ALTER TABLE `farmer_queries` DISABLE KEYS */;
/*!40000 ALTER TABLE `farmer_queries` ENABLE KEYS */;
UNLOCK TABLES;

--
-- Table structure for table `farmtypes_pest`
--

DROP TABLE IF EXISTS `farmtypes_pest`;
/*!40101 SET @saved_cs_client     = @@character_set_client */;
/*!50503 SET character_set_client = utf8mb4 */;
CREATE TABLE `farmtypes_pest` (
  `farmtypes_pest_id` int NOT NULL AUTO_INCREMENT,
  `farm_type_id` int NOT NULL,
  `pest_id` int NOT NULL,
  PRIMARY KEY (`farmtypes_pest_id`),
  KEY `fk_farm_types_has_pest_table_pest_table1_idx` (`pest_id`),
  KEY `fk_farm_types_has_pest_table_farm_types1_idx` (`farm_type_id`),
  CONSTRAINT `fk_farm_types_has_pest_table_farm_types1` FOREIGN KEY (`farm_type_id`) REFERENCES `farm_types` (`farm_type_id`),
  CONSTRAINT `fk_farm_types_has_pest_table_pest_table1` FOREIGN KEY (`pest_id`) REFERENCES `pest_table` (`pest_id`)
) ENGINE=InnoDB AUTO_INCREMENT=6 DEFAULT CHARSET=utf8mb4 COLLATE=utf8mb4_0900_ai_ci;
/*!40101 SET character_set_client = @saved_cs_client */;

--
-- Dumping data for table `farmtypes_pest`
--

LOCK TABLES `farmtypes_pest` WRITE;
/*!40000 ALTER TABLE `farmtypes_pest` DISABLE KEYS */;
INSERT INTO `farmtypes_pest` VALUES (1,3,3),(2,5,3),(3,3,2),(4,5,3),(5,3,1);
/*!40000 ALTER TABLE `farmtypes_pest` ENABLE KEYS */;
UNLOCK TABLES;

--
-- Table structure for table `fertilizer_disease`
--

DROP TABLE IF EXISTS `fertilizer_disease`;
/*!40101 SET @saved_cs_client     = @@character_set_client */;
/*!50503 SET character_set_client = utf8mb4 */;
CREATE TABLE `fertilizer_disease` (
  `fertilizer_disease_id` int NOT NULL,
  `fertilizier_id` int NOT NULL,
  `disease_id` int NOT NULL,
  PRIMARY KEY (`fertilizer_disease_id`),
  KEY `fk_fertilizer_table_has_disease_table_disease_table1_idx` (`disease_id`),
  KEY `fk_fertilizer_table_has_disease_table_fertilizer_table1_idx` (`fertilizier_id`),
  CONSTRAINT `fk_fertilizer_table_has_disease_table_disease_table1` FOREIGN KEY (`disease_id`) REFERENCES `disease_table` (`disease_id`),
  CONSTRAINT `fk_fertilizer_table_has_disease_table_fertilizer_table1` FOREIGN KEY (`fertilizier_id`) REFERENCES `fertilizer_table` (`fertilizier_id`)
) ENGINE=InnoDB DEFAULT CHARSET=utf8mb4 COLLATE=utf8mb4_0900_ai_ci;
/*!40101 SET character_set_client = @saved_cs_client */;

--
-- Dumping data for table `fertilizer_disease`
--

LOCK TABLES `fertilizer_disease` WRITE;
/*!40000 ALTER TABLE `fertilizer_disease` DISABLE KEYS */;
/*!40000 ALTER TABLE `fertilizer_disease` ENABLE KEYS */;
UNLOCK TABLES;

--
-- Table structure for table `fertilizer_pest`
--

DROP TABLE IF EXISTS `fertilizer_pest`;
/*!40101 SET @saved_cs_client     = @@character_set_client */;
/*!50503 SET character_set_client = utf8mb4 */;
CREATE TABLE `fertilizer_pest` (
  `fertilizer_pest_id` int NOT NULL AUTO_INCREMENT,
  `pest_id` int NOT NULL,
  `fertilizier_id` int NOT NULL,
  PRIMARY KEY (`fertilizer_pest_id`),
  KEY `fk_pest_table_has_fertilizer_table_fertilizer_table1_idx` (`fertilizier_id`),
  KEY `fk_pest_table_has_fertilizer_table_pest_table1_idx` (`pest_id`),
  CONSTRAINT `fk_pest_table_has_fertilizer_table_fertilizer_table1` FOREIGN KEY (`fertilizier_id`) REFERENCES `fertilizer_table` (`fertilizier_id`),
  CONSTRAINT `fk_pest_table_has_fertilizer_table_pest_table1` FOREIGN KEY (`pest_id`) REFERENCES `pest_table` (`pest_id`)
) ENGINE=InnoDB DEFAULT CHARSET=utf8mb4 COLLATE=utf8mb4_0900_ai_ci;
/*!40101 SET character_set_client = @saved_cs_client */;

--
-- Dumping data for table `fertilizer_pest`
--

LOCK TABLES `fertilizer_pest` WRITE;
/*!40000 ALTER TABLE `fertilizer_pest` DISABLE KEYS */;
/*!40000 ALTER TABLE `fertilizer_pest` ENABLE KEYS */;
UNLOCK TABLES;

--
-- Table structure for table `fertilizer_table`
--

DROP TABLE IF EXISTS `fertilizer_table`;
/*!40101 SET @saved_cs_client     = @@character_set_client */;
/*!50503 SET character_set_client = utf8mb4 */;
CREATE TABLE `fertilizer_table` (
  `fertilizier_id` int NOT NULL AUTO_INCREMENT,
  `fertilizer_name` varchar(20) NOT NULL,
  `fertilizer_desc` tinytext,
  `N` float DEFAULT '0',
  `P` float DEFAULT '0',
  `K` float DEFAULT '0',
  PRIMARY KEY (`fertilizier_id`),
  UNIQUE KEY `fertilizier_id_UNIQUE` (`fertilizier_id`),
  UNIQUE KEY `fertilizer_name_UNIQUE` (`fertilizer_name`)
) ENGINE=InnoDB AUTO_INCREMENT=7 DEFAULT CHARSET=utf8mb4 COLLATE=utf8mb4_0900_ai_ci;
/*!40101 SET character_set_client = @saved_cs_client */;

--
-- Dumping data for table `fertilizer_table`
--

LOCK TABLES `fertilizer_table` WRITE;
/*!40000 ALTER TABLE `fertilizer_table` DISABLE KEYS */;
INSERT INTO `fertilizer_table` VALUES (1,'APN','Ammonium Phosphate Nitrate',30,10,0),(2,'APS','Ammonium Phosphate Sulfate',16,20,0),(3,'APP','Ammonium Polyphosp',10,34,0),(4,'AN','Ammonium Nitrate',33,0,0),(5,'MOP','Potassium Chloride',10,34,0),(6,'NK','Potassium Nitrate',13,0,44);
/*!40000 ALTER TABLE `fertilizer_table` ENABLE KEYS */;
UNLOCK TABLES;

--
-- Table structure for table `field_input_table`
--

DROP TABLE IF EXISTS `field_input_table`;
/*!40101 SET @saved_cs_client     = @@character_set_client */;
/*!50503 SET character_set_client = utf8mb4 */;
CREATE TABLE `field_input_table` (
  `input_id` int NOT NULL AUTO_INCREMENT,
  `field_data` int NOT NULL,
  `date_applied` datetime NOT NULL,
  `fertilizer_id` int DEFAULT NULL,
  `pesticide_id` int DEFAULT NULL,
  `amount` float NOT NULL,
  `applied_by` int NOT NULL,
  PRIMARY KEY (`input_id`),
  UNIQUE KEY `input_id_UNIQUE` (`input_id`),
  KEY `input_to_employee_applied_idx` (`applied_by`),
  KEY `fertilizer_to_input_idx` (`fertilizer_id`),
  KEY `pesticide_to_input_idx` (`pesticide_id`),
  CONSTRAINT `fertilizer_to_input` FOREIGN KEY (`fertilizer_id`) REFERENCES `fertilizer_table` (`fertilizier_id`),
  CONSTRAINT `input_to_employee_applied` FOREIGN KEY (`applied_by`) REFERENCES `employee_table` (`employee_id`),
  CONSTRAINT `pesticide_to_input` FOREIGN KEY (`pesticide_id`) REFERENCES `pesticide_table` (`pesticide_id`)
) ENGINE=InnoDB DEFAULT CHARSET=utf8mb4 COLLATE=utf8mb4_0900_ai_ci;
/*!40101 SET character_set_client = @saved_cs_client */;

--
-- Dumping data for table `field_input_table`
--

LOCK TABLES `field_input_table` WRITE;
/*!40000 ALTER TABLE `field_input_table` DISABLE KEYS */;
/*!40000 ALTER TABLE `field_input_table` ENABLE KEYS */;
UNLOCK TABLES;

--
-- Table structure for table `pest_table`
--

DROP TABLE IF EXISTS `pest_table`;
/*!40101 SET @saved_cs_client     = @@character_set_client */;
/*!50503 SET character_set_client = utf8mb4 */;
CREATE TABLE `pest_table` (
  `pest_id` int NOT NULL AUTO_INCREMENT,
  `pest_name` varchar(45) NOT NULL,
  `pest_desc` tinytext NOT NULL,
  `scientific_name` varchar(45) DEFAULT NULL,
  PRIMARY KEY (`pest_id`),
  UNIQUE KEY `pest_name_UNIQUE` (`pest_name`)
) ENGINE=InnoDB AUTO_INCREMENT=4 DEFAULT CHARSET=utf8mb4 COLLATE=utf8mb4_0900_ai_ci;
/*!40101 SET character_set_client = @saved_cs_client */;

--
-- Dumping data for table `pest_table`
--

LOCK TABLES `pest_table` WRITE;
/*!40000 ALTER TABLE `pest_table` DISABLE KEYS */;
INSERT INTO `pest_table` VALUES (1,'Rats','Rodents running around the farm','Rattus'),(2,'Rice Hispa','Rice hispa scrapes the upper surface of leaf blades leaving only the lower epidermis.','Dicladispa armigera'),(3,'Rice Caseworm','Rice caseworms or case bearers cut off leaf tips to make leaf cases. ','Nymphula depunctalis ');
/*!40000 ALTER TABLE `pest_table` ENABLE KEYS */;
UNLOCK TABLES;

--
-- Table structure for table `pesticide_table`
--

DROP TABLE IF EXISTS `pesticide_table`;
/*!40101 SET @saved_cs_client     = @@character_set_client */;
/*!50503 SET character_set_client = utf8mb4 */;
CREATE TABLE `pesticide_table` (
  `pesticide_id` int NOT NULL AUTO_INCREMENT,
  `pesticide_name` varchar(20) NOT NULL,
  `pesticide_desc` tinytext,
  PRIMARY KEY (`pesticide_id`),
  UNIQUE KEY `pesticide_id_UNIQUE` (`pesticide_id`),
  UNIQUE KEY `pesticide_name_UNIQUE` (`pesticide_name`)
) ENGINE=InnoDB AUTO_INCREMENT=6 DEFAULT CHARSET=utf8mb4 COLLATE=utf8mb4_0900_ai_ci;
/*!40101 SET character_set_client = @saved_cs_client */;

--
-- Dumping data for table `pesticide_table`
--

LOCK TABLES `pesticide_table` WRITE;
/*!40000 ALTER TABLE `pesticide_table` DISABLE KEYS */;
INSERT INTO `pesticide_table` VALUES (1,'Pesticide11','for bugs'),(2,'Pesticide2','for worms'),(3,'PestIdIde','New pesticide desc'),(5,'PestIdIde3','New pesticide desc');
/*!40000 ALTER TABLE `pesticide_table` ENABLE KEYS */;
UNLOCK TABLES;

--
-- Table structure for table `purchase_table`
--

DROP TABLE IF EXISTS `purchase_table`;
/*!40101 SET @saved_cs_client     = @@character_set_client */;
/*!50503 SET character_set_client = utf8mb4 */;
CREATE TABLE `purchase_table` (
  `purchase_id` int NOT NULL AUTO_INCREMENT,
  `item_id` int DEFAULT NULL,
  `item_type` enum('Pesticide','Fertilizer','Seed','Others') NOT NULL,
  `item_desc` tinytext,
  `purchase_price` float DEFAULT NULL,
  `date_purchased` datetime DEFAULT NULL,
  `amount` float NOT NULL,
  `units` varchar(45) NOT NULL DEFAULT 'Kg',
  `purchase_status` enum('Pending','Processing','Purchased','Cancelled') DEFAULT 'Pending',
  `requested_by` int DEFAULT NULL,
  `request_date` date DEFAULT NULL,
  PRIMARY KEY (`purchase_id`),
  UNIQUE KEY `purchase_id_UNIQUE` (`purchase_id`),
  KEY `requested_by_idx` (`requested_by`),
  CONSTRAINT `requested_by` FOREIGN KEY (`requested_by`) REFERENCES `employee_table` (`employee_id`)
) ENGINE=InnoDB AUTO_INCREMENT=6 DEFAULT CHARSET=utf8mb4 COLLATE=utf8mb4_0900_ai_ci;
/*!40101 SET character_set_client = @saved_cs_client */;

--
-- Dumping data for table `purchase_table`
--

LOCK TABLES `purchase_table` WRITE;
/*!40000 ALTER TABLE `purchase_table` DISABLE KEYS */;
/*!40000 ALTER TABLE `purchase_table` ENABLE KEYS */;
UNLOCK TABLES;

--
-- Table structure for table `season_pest`
--

DROP TABLE IF EXISTS `season_pest`;
/*!40101 SET @saved_cs_client     = @@character_set_client */;
/*!50503 SET character_set_client = utf8mb4 */;
CREATE TABLE `season_pest` (
  `season_pest` int NOT NULL AUTO_INCREMENT,
  `pest_id` int NOT NULL,
  `season_id` int NOT NULL,
  PRIMARY KEY (`season_pest`),
  KEY `fk_pest_table_has_seasons_seasons1_idx` (`season_id`),
  KEY `fk_pest_table_has_seasons_pest_table1_idx` (`pest_id`),
  CONSTRAINT `fk_pest_table_has_seasons_pest_table1` FOREIGN KEY (`pest_id`) REFERENCES `pest_table` (`pest_id`),
  CONSTRAINT `fk_pest_table_has_seasons_seasons1` FOREIGN KEY (`season_id`) REFERENCES `seasons` (`season_id`)
) ENGINE=InnoDB AUTO_INCREMENT=3 DEFAULT CHARSET=utf8mb4 COLLATE=utf8mb4_0900_ai_ci;
/*!40101 SET character_set_client = @saved_cs_client */;

--
-- Dumping data for table `season_pest`
--

LOCK TABLES `season_pest` WRITE;
/*!40000 ALTER TABLE `season_pest` DISABLE KEYS */;
INSERT INTO `season_pest` VALUES (1,2,2),(2,3,2);
/*!40000 ALTER TABLE `season_pest` ENABLE KEYS */;
UNLOCK TABLES;

--
-- Table structure for table `seasons`
--

DROP TABLE IF EXISTS `seasons`;
/*!40101 SET @saved_cs_client     = @@character_set_client */;
/*!50503 SET character_set_client = utf8mb4 */;
CREATE TABLE `seasons` (
  `season_id` int NOT NULL AUTO_INCREMENT,
  `season_name` varchar(45) NOT NULL,
  `season_desc` tinytext,
  `season_start` int DEFAULT NULL,
  `season_end` int DEFAULT NULL,
  `season_temp` float DEFAULT NULL,
  `season_humidity` float DEFAULT NULL,
  PRIMARY KEY (`season_id`),
  UNIQUE KEY `season_name_UNIQUE` (`season_name`)
) ENGINE=InnoDB AUTO_INCREMENT=3 DEFAULT CHARSET=utf8mb4 COLLATE=utf8mb4_0900_ai_ci;
/*!40101 SET character_set_client = @saved_cs_client */;

--
-- Dumping data for table `seasons`
--

LOCK TABLES `seasons` WRITE;
/*!40000 ALTER TABLE `seasons` DISABLE KEYS */;
INSERT INTO `seasons` VALUES (1,'Hot','How season hot climate',45,150,35,70),(2,'Wet','Full of rain',150,280,26,63);
/*!40000 ALTER TABLE `seasons` ENABLE KEYS */;
UNLOCK TABLES;

--
-- Table structure for table `seasons_disease`
--

DROP TABLE IF EXISTS `seasons_disease`;
/*!40101 SET @saved_cs_client     = @@character_set_client */;
/*!50503 SET character_set_client = utf8mb4 */;
CREATE TABLE `seasons_disease` (
  `seasons_disease_id` int NOT NULL AUTO_INCREMENT,
  `season_id` int NOT NULL,
  `disease_id` int NOT NULL,
  PRIMARY KEY (`seasons_disease_id`),
  KEY `fk_seasons_has_disease_table_disease_table1_idx` (`disease_id`),
  KEY `fk_seasons_has_disease_table_seasons1_idx` (`season_id`),
  CONSTRAINT `fk_seasons_has_disease_table_disease_table1` FOREIGN KEY (`disease_id`) REFERENCES `disease_table` (`disease_id`),
  CONSTRAINT `fk_seasons_has_disease_table_seasons1` FOREIGN KEY (`season_id`) REFERENCES `seasons` (`season_id`)
) ENGINE=InnoDB AUTO_INCREMENT=3 DEFAULT CHARSET=utf8mb4 COLLATE=utf8mb4_0900_ai_ci;
/*!40101 SET character_set_client = @saved_cs_client */;

--
-- Dumping data for table `seasons_disease`
--

LOCK TABLES `seasons_disease` WRITE;
/*!40000 ALTER TABLE `seasons_disease` DISABLE KEYS */;
INSERT INTO `seasons_disease` VALUES (1,2,2),(2,2,1);
/*!40000 ALTER TABLE `seasons_disease` ENABLE KEYS */;
UNLOCK TABLES;

--
-- Table structure for table `seed_table`
--

DROP TABLE IF EXISTS `seed_table`;
/*!40101 SET @saved_cs_client     = @@character_set_client */;
/*!50503 SET character_set_client = utf8mb4 */;
CREATE TABLE `seed_table` (
  `seed_id` int NOT NULL AUTO_INCREMENT,
  `seed_name` varchar(20) NOT NULL,
  `seed_desc` tinytext,
  `maturity_days` int DEFAULT NULL,
  `average_yield` float DEFAULT NULL,
  PRIMARY KEY (`seed_id`),
  UNIQUE KEY `seed_id_UNIQUE` (`seed_id`),
  UNIQUE KEY `seed_name_UNIQUE` (`seed_name`)
) ENGINE=InnoDB AUTO_INCREMENT=4 DEFAULT CHARSET=utf8mb4 COLLATE=utf8mb4_0900_ai_ci;
/*!40101 SET character_set_client = @saved_cs_client */;

--
-- Dumping data for table `seed_table`
--

LOCK TABLES `seed_table` WRITE;
/*!40000 ALTER TABLE `seed_table` DISABLE KEYS */;
INSERT INTO `seed_table` VALUES (1,'Dinarada','dinorado desc',90,NULL),(2,'168','168 desc',120,NULL),(3,'Seedling','New seedling desc',20,NULL);
/*!40000 ALTER TABLE `seed_table` ENABLE KEYS */;
UNLOCK TABLES;

--
-- Table structure for table `sessions`
--

DROP TABLE IF EXISTS `sessions`;
/*!40101 SET @saved_cs_client     = @@character_set_client */;
/*!50503 SET character_set_client = utf8mb4 */;
CREATE TABLE `sessions` (
  `session_id` varchar(128) CHARACTER SET utf8mb4 COLLATE utf8mb4_bin NOT NULL,
  `expires` int unsigned NOT NULL,
  `data` mediumtext CHARACTER SET utf8mb4 COLLATE utf8mb4_bin,
  PRIMARY KEY (`session_id`)
) ENGINE=InnoDB DEFAULT CHARSET=utf8mb4 COLLATE=utf8mb4_0900_ai_ci;
/*!40101 SET character_set_client = @saved_cs_client */;

--
-- Dumping data for table `sessions`
--

LOCK TABLES `sessions` WRITE;
/*!40000 ALTER TABLE `sessions` DISABLE KEYS */;
INSERT INTO `sessions` VALUES ('K5za4OnebhkSWETJmZFh7mBWwMfozyNn',1636360904,'{\"cookie\":{\"originalMaxAge\":108000000,\"expires\":\"2021-11-07T08:54:53.036Z\",\"secure\":false,\"httpOnly\":true,\"path\":\"/\"},\"flash\":{}}'),('eC40ueTWs_hNnwNttkSyHd7VlUtRY5kG',1636219006,'{\"cookie\":{\"originalMaxAge\":108000000,\"expires\":\"2021-11-05T12:56:21.205Z\",\"secure\":false,\"httpOnly\":true,\"path\":\"/\"},\"flash\":{}}');
/*!40000 ALTER TABLE `sessions` ENABLE KEYS */;
UNLOCK TABLES;

--
-- Table structure for table `soil_quality_table`
--

DROP TABLE IF EXISTS `soil_quality_table`;
/*!40101 SET @saved_cs_client     = @@character_set_client */;
/*!50503 SET character_set_client = utf8mb4 */;
CREATE TABLE `soil_quality_table` (
  `soil_quality_id` int NOT NULL AUTO_INCREMENT,
  `farm_id` int NOT NULL,
  `pH_lvl` float NOT NULL,
  `p_lvl` float NOT NULL,
  `k_lvl` float NOT NULL,
  `n_lvl` float NOT NULL,
  `date_taken` date NOT NULL,
  PRIMARY KEY (`soil_quality_id`),
  UNIQUE KEY `soil_quality_id_UNIQUE` (`soil_quality_id`),
  KEY `sq_id_idx` (`farm_id`),
  CONSTRAINT `sq_id` FOREIGN KEY (`farm_id`) REFERENCES `farm_table` (`farm_id`)
) ENGINE=InnoDB AUTO_INCREMENT=11 DEFAULT CHARSET=utf8mb4 COLLATE=utf8mb4_0900_ai_ci;
/*!40101 SET character_set_client = @saved_cs_client */;

--
-- Dumping data for table `soil_quality_table`
--

LOCK TABLES `soil_quality_table` WRITE;
/*!40000 ALTER TABLE `soil_quality_table` DISABLE KEYS */;
INSERT INTO `soil_quality_table` VALUES (1,1,6.5,0,0,0,'2021-11-04'),(2,30,7.5,4,8.75,3.75,'2021-11-05');
/*!40000 ALTER TABLE `soil_quality_table` ENABLE KEYS */;
UNLOCK TABLES;

--
-- Table structure for table `stages`
--

DROP TABLE IF EXISTS `stages`;
/*!40101 SET @saved_cs_client     = @@character_set_client */;
/*!50503 SET character_set_client = utf8mb4 */;
CREATE TABLE `stages` (
  `stage_id` int NOT NULL AUTO_INCREMENT,
  `stage_name` varchar(45) NOT NULL,
  `stage_desc` tinytext,
  `avg_duration` int DEFAULT NULL,
  PRIMARY KEY (`stage_id`)
) ENGINE=InnoDB AUTO_INCREMENT=4 DEFAULT CHARSET=utf8mb4 COLLATE=utf8mb4_0900_ai_ci;
/*!40101 SET character_set_client = @saved_cs_client */;

--
-- Dumping data for table `stages`
--

LOCK TABLES `stages` WRITE;
/*!40000 ALTER TABLE `stages` DISABLE KEYS */;
INSERT INTO `stages` VALUES (1,'Vegetation','Vegetation period',80),(2,'Reproductive','Reproductive period',35),(3,'Ripening','Ripening period',30);
/*!40000 ALTER TABLE `stages` ENABLE KEYS */;
UNLOCK TABLES;

--
-- Table structure for table `stages_disease`
--

DROP TABLE IF EXISTS `stages_disease`;
/*!40101 SET @saved_cs_client     = @@character_set_client */;
/*!50503 SET character_set_client = utf8mb4 */;
CREATE TABLE `stages_disease` (
  `stages_disease_id` int NOT NULL AUTO_INCREMENT,
  `stage_id` int NOT NULL,
  `disease_id` int NOT NULL,
  PRIMARY KEY (`stages_disease_id`),
  KEY `fk_stages_has_disease_table_disease_table1_idx` (`disease_id`),
  KEY `fk_stages_has_disease_table_stages1_idx` (`stage_id`),
  CONSTRAINT `fk_stages_has_disease_table_disease_table1` FOREIGN KEY (`disease_id`) REFERENCES `disease_table` (`disease_id`),
  CONSTRAINT `fk_stages_has_disease_table_stages1` FOREIGN KEY (`stage_id`) REFERENCES `stages` (`stage_id`)
) ENGINE=InnoDB AUTO_INCREMENT=2 DEFAULT CHARSET=utf8mb4 COLLATE=utf8mb4_0900_ai_ci;
/*!40101 SET character_set_client = @saved_cs_client */;

--
-- Dumping data for table `stages_disease`
--

LOCK TABLES `stages_disease` WRITE;
/*!40000 ALTER TABLE `stages_disease` DISABLE KEYS */;
INSERT INTO `stages_disease` VALUES (1,2,1);
/*!40000 ALTER TABLE `stages_disease` ENABLE KEYS */;
UNLOCK TABLES;

--
-- Table structure for table `stages_pest`
--

DROP TABLE IF EXISTS `stages_pest`;
/*!40101 SET @saved_cs_client     = @@character_set_client */;
/*!50503 SET character_set_client = utf8mb4 */;
CREATE TABLE `stages_pest` (
  `stages_pest_id` int NOT NULL AUTO_INCREMENT,
  `stage_id` int NOT NULL,
  `pest_id` int NOT NULL,
  PRIMARY KEY (`stages_pest_id`),
  KEY `fk_stages_has_pest_table_pest_table1_idx` (`pest_id`),
  KEY `fk_stages_has_pest_table_stages1_idx` (`stage_id`),
  CONSTRAINT `fk_stages_has_pest_table_pest_table1` FOREIGN KEY (`pest_id`) REFERENCES `pest_table` (`pest_id`),
  CONSTRAINT `fk_stages_has_pest_table_stages1` FOREIGN KEY (`stage_id`) REFERENCES `stages` (`stage_id`)
) ENGINE=InnoDB AUTO_INCREMENT=3 DEFAULT CHARSET=utf8mb4 COLLATE=utf8mb4_0900_ai_ci;
/*!40101 SET character_set_client = @saved_cs_client */;

--
-- Dumping data for table `stages_pest`
--

LOCK TABLES `stages_pest` WRITE;
/*!40000 ALTER TABLE `stages_pest` DISABLE KEYS */;
INSERT INTO `stages_pest` VALUES (1,1,3),(2,1,2);
/*!40000 ALTER TABLE `stages_pest` ENABLE KEYS */;
UNLOCK TABLES;

--
-- Table structure for table `symptoms_disease`
--

DROP TABLE IF EXISTS `symptoms_disease`;
/*!40101 SET @saved_cs_client     = @@character_set_client */;
/*!50503 SET character_set_client = utf8mb4 */;
CREATE TABLE `symptoms_disease` (
  `symptom_id` int NOT NULL,
  `disease_id` int NOT NULL,
  `symptoms_disease_id` int NOT NULL AUTO_INCREMENT,
  PRIMARY KEY (`symptoms_disease_id`),
  KEY `fk_symptoms_table_has_disease_table_disease_table1_idx` (`disease_id`),
  KEY `fk_symptoms_table_has_disease_table_symptoms_table1_idx` (`symptom_id`),
  CONSTRAINT `fk_symptoms_table_has_disease_table_disease_table1` FOREIGN KEY (`disease_id`) REFERENCES `disease_table` (`disease_id`),
  CONSTRAINT `fk_symptoms_table_has_disease_table_symptoms_table1` FOREIGN KEY (`symptom_id`) REFERENCES `symptoms_table` (`symptom_id`)
) ENGINE=InnoDB AUTO_INCREMENT=5 DEFAULT CHARSET=utf8mb4 COLLATE=utf8mb4_0900_ai_ci;
/*!40101 SET character_set_client = @saved_cs_client */;

--
-- Dumping data for table `symptoms_disease`
--

LOCK TABLES `symptoms_disease` WRITE;
/*!40000 ALTER TABLE `symptoms_disease` DISABLE KEYS */;
INSERT INTO `symptoms_disease` VALUES (1,1,1),(2,1,2),(3,2,3),(6,2,4);
/*!40000 ALTER TABLE `symptoms_disease` ENABLE KEYS */;
UNLOCK TABLES;

--
-- Table structure for table `symptoms_pest`
--

DROP TABLE IF EXISTS `symptoms_pest`;
/*!40101 SET @saved_cs_client     = @@character_set_client */;
/*!50503 SET character_set_client = utf8mb4 */;
CREATE TABLE `symptoms_pest` (
  `symptoms_pest_id` int NOT NULL AUTO_INCREMENT,
  `symptom_id` int NOT NULL,
  `pest_id` int NOT NULL,
  PRIMARY KEY (`symptoms_pest_id`),
  KEY `fk_symptoms_table_has_pest_table_pest_table1_idx` (`pest_id`),
  KEY `fk_symptoms_table_has_pest_table_symptoms_table1_idx` (`symptom_id`),
  CONSTRAINT `fk_symptoms_table_has_pest_table_pest_table1` FOREIGN KEY (`pest_id`) REFERENCES `pest_table` (`pest_id`),
  CONSTRAINT `fk_symptoms_table_has_pest_table_symptoms_table1` FOREIGN KEY (`symptom_id`) REFERENCES `symptoms_table` (`symptom_id`)
) ENGINE=InnoDB AUTO_INCREMENT=5 DEFAULT CHARSET=utf8mb4 COLLATE=utf8mb4_0900_ai_ci;
/*!40101 SET character_set_client = @saved_cs_client */;

--
-- Dumping data for table `symptoms_pest`
--

LOCK TABLES `symptoms_pest` WRITE;
/*!40000 ALTER TABLE `symptoms_pest` DISABLE KEYS */;
INSERT INTO `symptoms_pest` VALUES (1,3,1),(2,4,2),(3,8,2),(4,6,3);
/*!40000 ALTER TABLE `symptoms_pest` ENABLE KEYS */;
UNLOCK TABLES;

--
-- Table structure for table `symptoms_table`
--

DROP TABLE IF EXISTS `symptoms_table`;
/*!40101 SET @saved_cs_client     = @@character_set_client */;
/*!50503 SET character_set_client = utf8mb4 */;
CREATE TABLE `symptoms_table` (
  `symptom_id` int NOT NULL AUTO_INCREMENT,
  `symptom_name` varchar(45) DEFAULT NULL,
  `symptom_desc` tinytext,
  PRIMARY KEY (`symptom_id`)
) ENGINE=InnoDB AUTO_INCREMENT=9 DEFAULT CHARSET=utf8mb4 COLLATE=utf8mb4_0900_ai_ci;
/*!40101 SET character_set_client = @saved_cs_client */;

--
-- Dumping data for table `symptoms_table`
--

LOCK TABLES `symptoms_table` WRITE;
/*!40000 ALTER TABLE `symptoms_table` DISABLE KEYS */;
INSERT INTO `symptoms_table` VALUES (1,'Dry leaf','Leaves are dry and yellowish'),(2,'Weak Stem','stem is soft and bending.'),(3,'Burrows','Burrows are visible in weedy areas.'),(4,'Grassy Weeds','The presence of grassy weeds in and near rice fields as alternate hosts harbor and encourage the pest to develop.'),(5,'whitish leaves','Whitish and membranous leaves'),(6,'Leaf cases on water','Leafe cases are floatingon water'),(7,'Skeletonized tissues','Skeletonized leaf tissues usually appear ladder-like'),(8,'Highly fertilized','Heavily fertilized field also encourages the damage.');
/*!40000 ALTER TABLE `symptoms_table` ENABLE KEYS */;
UNLOCK TABLES;

--
-- Table structure for table `user_table`
--

DROP TABLE IF EXISTS `user_table`;
/*!40101 SET @saved_cs_client     = @@character_set_client */;
/*!50503 SET character_set_client = utf8mb4 */;
CREATE TABLE `user_table` (
  `user_id` int NOT NULL AUTO_INCREMENT,
  `employee_id` int NOT NULL,
  `username` varchar(20) NOT NULL,
  `password` varchar(20) NOT NULL,
  `access_level` int NOT NULL,
  PRIMARY KEY (`user_id`),
  UNIQUE KEY `user_id_UNIQUE` (`user_id`),
  KEY `user_to_employee_idx` (`employee_id`),
  CONSTRAINT `user_to_employee` FOREIGN KEY (`employee_id`) REFERENCES `employee_table` (`employee_id`)
) ENGINE=InnoDB AUTO_INCREMENT=2 DEFAULT CHARSET=utf8mb4 COLLATE=utf8mb4_0900_ai_ci;
/*!40101 SET character_set_client = @saved_cs_client */;

--
-- Dumping data for table `user_table`
--

LOCK TABLES `user_table` WRITE;
/*!40000 ALTER TABLE `user_table` DISABLE KEYS */;
/*!40000 ALTER TABLE `user_table` ENABLE KEYS */;
UNLOCK TABLES;

--
-- Table structure for table `weather_disease`
--

DROP TABLE IF EXISTS `weather_disease`;
/*!40101 SET @saved_cs_client     = @@character_set_client */;
/*!50503 SET character_set_client = utf8mb4 */;
CREATE TABLE `weather_disease` (
  `weather_disease_id` int NOT NULL AUTO_INCREMENT,
  `weather_id` int NOT NULL,
  `disease_id` int NOT NULL,
  PRIMARY KEY (`weather_disease_id`),
  KEY `fk_weather_table_has_disease_table_disease_table1_idx` (`disease_id`),
  KEY `fk_weather_table_has_disease_table_weather_table1_idx` (`weather_id`),
  CONSTRAINT `fk_weather_table_has_disease_table_disease_table1` FOREIGN KEY (`disease_id`) REFERENCES `disease_table` (`disease_id`),
  CONSTRAINT `fk_weather_table_has_disease_table_weather_table1` FOREIGN KEY (`weather_id`) REFERENCES `weather_table` (`weather_id`)
) ENGINE=InnoDB AUTO_INCREMENT=4 DEFAULT CHARSET=utf8mb4 COLLATE=utf8mb4_0900_ai_ci;
/*!40101 SET character_set_client = @saved_cs_client */;

--
-- Dumping data for table `weather_disease`
--

LOCK TABLES `weather_disease` WRITE;
/*!40000 ALTER TABLE `weather_disease` DISABLE KEYS */;
INSERT INTO `weather_disease` VALUES (1,2,1),(2,1,2),(3,1,1);
/*!40000 ALTER TABLE `weather_disease` ENABLE KEYS */;
UNLOCK TABLES;

--
-- Table structure for table `weather_forecast_table`
--

DROP TABLE IF EXISTS `weather_forecast_table`;
/*!40101 SET @saved_cs_client     = @@character_set_client */;
/*!50503 SET character_set_client = utf8mb4 */;
CREATE TABLE `weather_forecast_table` (
  `forecast_id` int NOT NULL AUTO_INCREMENT,
  `date` date NOT NULL,
  `time` varchar(10) NOT NULL,
  `weather_id` int NOT NULL,
  `desc` varchar(45) DEFAULT NULL,
  `humidity` float NOT NULL,
  `max_temp` float NOT NULL,
  `min_temp` float NOT NULL,
  `name` varchar(45) DEFAULT NULL,
  `pressure` float NOT NULL,
  `rainfall` float NOT NULL,
  `time_uploaded` int NOT NULL,
  PRIMARY KEY (`forecast_id`),
  UNIQUE KEY `forecast_id_UNIQUE` (`forecast_id`)
) ENGINE=InnoDB AUTO_INCREMENT=3392 DEFAULT CHARSET=utf8mb4 COLLATE=utf8mb4_0900_ai_ci;
/*!40101 SET character_set_client = @saved_cs_client */;

--
-- Dumping data for table `weather_forecast_table`
--

LOCK TABLES `weather_forecast_table` WRITE;
/*!40000 ALTER TABLE `weather_forecast_table` DISABLE KEYS */;
INSERT INTO `weather_forecast_table` VALUES (3271,'2021-11-07','11:00AM',800,'clear sky',89,30,25.49,'Clear',1011,0,10),(3272,'2021-11-07','2:00AM',800,'clear sky',62,30.59,30.59,'Clear',1010,0,10),(3273,'2021-11-08','11:00AM',800,'clear sky',80,27.31,27.31,'Clear',1013,0,10),(3274,'2021-11-08','2:00AM',804,'overcast clouds',65,29.2,29.2,'Clouds',1011,0,10),(3275,'2021-11-08','5:00AM',800,'clear sky',66,29.21,29.21,'Clear',1011,0,10),(3276,'2021-11-08','8:00AM',800,'clear sky',87,29,27.01,'Clear',1010,0,10),(3277,'2021-11-08','2:00PM',800,'clear sky',66,30.26,30.26,'Clear',1006,0,10),(3278,'2021-11-08','5:00PM',800,'clear sky',72,28.89,28.89,'Clear',1008,0,10),(3279,'2021-11-08','8:00PM',800,'clear sky',62,29.41,29.41,'Clear',1008,0,10),(3280,'2021-11-08','11:00PM',800,'clear sky',63,29.78,29.78,'Clear',1008,0,10),(3281,'2021-11-09','11:00AM',800,'clear sky',91,26.57,24.86,'Clear',1010,0,10),(3282,'2021-11-09','2:00AM',800,'clear sky',82,27.25,27.25,'Clear',1008,0,10),(3283,'2021-11-09','5:00AM',800,'clear sky',80,26.61,26.61,'Clear',1010,0,10),(3284,'2021-11-09','8:00AM',800,'clear sky',85,25.89,25.89,'Clear',1010,0,10),(3285,'2021-11-09','2:00PM',800,'clear sky',88,25.78,25.78,'Clear',1008,0,10),(3286,'2021-11-09','5:00PM',804,'overcast clouds',89,24.67,24.67,'Clouds',1010,0,10),(3287,'2021-11-09','8:00PM',800,'clear sky',88,25.6,25.6,'Clear',1013,0,10),(3288,'2021-11-09','11:00PM',800,'clear sky',85,25.22,25.22,'Clear',1013,0,10),(3289,'2021-11-10','11:00AM',800,'clear sky',89,24.48,24.48,'Clear',1013,0,10),(3290,'2021-11-10','2:00AM',800,'clear sky',89,24.67,24.67,'Clear',1011,0,10),(3291,'2021-11-10','5:00AM',804,'overcast clouds',88,24.83,24.83,'Clouds',1010,0,10),(3292,'2021-11-10','8:00AM',800,'clear sky',91,24.61,24.61,'Clear',1011,0,10),(3293,'2021-11-10','2:00PM',800,'clear sky',87,24.6,24.6,'Clear',1013,0,10),(3294,'2021-11-10','5:00PM',800,'clear sky',88,24.23,24.23,'Clear',1013,0,10),(3295,'2021-11-10','8:00PM',800,'clear sky',92,24.38,24.38,'Clear',1011,0,10),(3296,'2021-11-10','11:00PM',800,'clear sky',89,24.67,24.67,'Clear',1008,0,10),(3297,'2021-11-11','11:00AM',800,'clear sky',92,24.14,24.14,'Clear',1010,0,10),(3298,'2021-11-11','2:00AM',800,'clear sky',88,23.93,23.93,'Clear',1010,0,10),(3299,'2021-11-11','5:00AM',800,'clear sky',87,23.79,23.79,'Clear',1010,0,10),(3300,'2021-11-11','8:00AM',800,'clear sky',91,23.85,23.85,'Clear',1010,0,10),(3301,'2021-11-11','2:00PM',800,'clear sky',89,24.31,24.31,'Clear',1008,0,10),(3302,'2021-11-11','5:00PM',800,'clear sky',91,24.61,24.61,'Clear',1011,0,10),(3303,'2021-11-11','8:00PM',800,'clear sky',88,23.52,23.52,'Clear',1011,0,10),(3304,'2021-11-11','11:00PM',800,'clear sky',88,23.62,23.62,'Clear',1011,0,10),(3305,'2021-11-12','11:00AM',800,'clear sky',89,23.75,23.75,'Clear',1010,0,10),(3306,'2021-11-12','2:00AM',804,'overcast clouds',77,27.58,27.58,'Clouds',1011,0,10),(3307,'2021-11-12','5:00AM',800,'clear sky',87,25.71,25.71,'Clear',1015,0,10),(3308,'2021-11-12','8:00AM',804,'overcast clouds',81,26.28,26.28,'Clouds',1013,0,10),(3309,'2021-11-12','2:00PM',800,'clear sky',81,26.46,26.46,'Clear',1013,0,10),(3310,'2021-11-12','5:00PM',800,'clear sky',82,26.56,26.56,'Clear',1013,0,10),(3311,'2021-11-12','8:00PM',803,'broken clouds',81,26.76,26.76,'Clouds',1014,0,10),(3312,'2021-11-12','11:00PM',802,'scattered clouds',77,26.76,26.76,'Clouds',1014,0,10),(3313,'2021-11-13','11:00AM',802,'scattered clouds',81,26.66,26.66,'Clouds',1013,0,10),(3314,'2021-11-13','2:00AM',802,'scattered clouds',83,26.45,26.45,'Clouds',1012,0,10),(3315,'2021-11-13','5:00AM',802,'scattered clouds',85,26.21,26.21,'Clouds',1012,0,10),(3316,'2021-11-13','8:00AM',802,'scattered clouds',88,25.91,25.91,'Clouds',1011,0,10),(3317,'2021-11-13','2:00PM',802,'scattered clouds',91,25.52,25.52,'Clouds',1010,0,10),(3318,'2021-11-13','5:00PM',802,'scattered clouds',95,24.98,24.98,'Clouds',1010,0,10),(3319,'2021-11-13','8:00PM',802,'scattered clouds',99,24.3,24.3,'Clouds',1009,0,10),(3320,'2021-11-13','11:00PM',802,'scattered clouds',103,23.76,23.76,'Clouds',1009,0,10),(3321,'2021-11-14','11:00AM',802,'scattered clouds',105,23.42,23.42,'Clouds',1009,0,10),(3322,'2021-11-14','2:00AM',802,'scattered clouds',107,23.23,23.23,'Clouds',1009,0,10),(3323,'2021-11-14','5:00AM',802,'scattered clouds',107,23.11,23.11,'Clouds',1009,0,10),(3324,'2021-11-14','8:00AM',802,'scattered clouds',108,23.06,23.06,'Clouds',1009,0,10),(3325,'2021-11-14','2:00PM',802,'scattered clouds',108,23,23,'Clouds',1009,0,10),(3326,'2021-11-14','5:00PM',802,'scattered clouds',108,23.09,23.09,'Clouds',1009,0,10),(3327,'2021-11-14','8:00PM',802,'scattered clouds',108,22.79,22.79,'Clouds',1009,0,10),(3328,'2021-11-14','11:00PM',803,'broken clouds',108,24.01,24.01,'Clouds',1009,0,10),(3329,'2021-11-15','11:00AM',801,'few clouds',102,23.47,23.47,'Clouds',1009,0,10),(3330,'2021-11-15','2:00AM',803,'broken clouds',104,24.69,24.69,'Clouds',1009,0,10),(3331,'2021-11-15','5:00AM',801,'few clouds',97,24.17,24.17,'Clouds',1010,0,10),(3332,'2021-11-15','8:00AM',803,'broken clouds',102,24.62,24.62,'Clouds',1009,0,10),(3333,'2021-11-15','2:00PM',802,'scattered clouds',99,23.99,23.99,'Clouds',1009,0,10),(3334,'2021-11-15','5:00PM',803,'broken clouds',103,24.34,24.34,'Clouds',1009,0,10),(3335,'2021-11-15','8:00PM',801,'few clouds',101,23.69,23.69,'Clouds',1009,0,10),(3336,'2021-11-15','11:00PM',803,'broken clouds',104,24.48,24.48,'Clouds',1009,0,10),(3337,'2021-11-16','11:00AM',801,'few clouds',100,23.9,23.9,'Clouds',1009,0,10),(3338,'2021-11-16','2:00AM',803,'broken clouds',103,24.53,24.53,'Clouds',1009,0,10),(3339,'2021-11-16','5:00AM',801,'few clouds',100,23.93,23.93,'Clouds',1009,0,10),(3340,'2021-11-16','8:00AM',803,'broken clouds',103,24.46,24.46,'Clouds',1009,0,10),(3341,'2021-11-16','2:00PM',801,'few clouds',100,23.84,23.84,'Clouds',1009,0,10),(3342,'2021-11-16','5:00PM',803,'broken clouds',103,24.46,24.46,'Clouds',1009,0,10),(3343,'2021-11-16','8:00PM',801,'few clouds',100,23.86,23.86,'Clouds',1009,0,10),(3344,'2021-11-16','11:00PM',803,'broken clouds',103,24.49,24.49,'Clouds',1009,0,10),(3345,'2021-11-17','11:00AM',801,'few clouds',100,23.89,23.89,'Clouds',1009,0,10),(3346,'2021-11-17','2:00AM',803,'broken clouds',103,24.48,24.48,'Clouds',1009,0,10),(3347,'2021-11-17','5:00AM',801,'few clouds',100,23.87,23.87,'Clouds',1009,0,10),(3348,'2021-11-17','8:00AM',803,'broken clouds',103,24.47,24.47,'Clouds',1009,0,10),(3349,'2021-11-17','2:00PM',801,'few clouds',100,23.87,23.87,'Clouds',1009,0,10),(3350,'2021-11-17','5:00PM',803,'broken clouds',103,24.48,24.48,'Clouds',1009,0,10),(3351,'2021-11-17','8:00PM',801,'few clouds',100,23.87,23.87,'Clouds',1009,0,10),(3352,'2021-11-17','11:00PM',803,'broken clouds',103,24.48,24.48,'Clouds',1009,0,10),(3353,'2021-11-18','11:00AM',801,'few clouds',100,23.87,23.87,'Clouds',1009,0,10),(3354,'2021-11-18','2:00AM',803,'broken clouds',103,24.48,24.48,'Clouds',1009,0,10),(3355,'2021-11-18','5:00AM',801,'few clouds',100,23.87,23.87,'Clouds',1009,0,10),(3356,'2021-11-18','8:00AM',803,'broken clouds',103,24.48,24.48,'Clouds',1009,0,10),(3357,'2021-11-18','2:00PM',801,'few clouds',100,23.87,23.87,'Clouds',1009,0,10),(3358,'2021-11-18','5:00PM',803,'broken clouds',103,24.48,24.48,'Clouds',1009,0,10),(3359,'2021-11-18','8:00PM',801,'few clouds',100,23.87,23.87,'Clouds',1009,0,10),(3360,'2021-11-18','11:00PM',803,'broken clouds',103,24.48,24.48,'Clouds',1009,0,10),(3361,'2021-11-19','11:00AM',801,'few clouds',100,23.87,23.87,'Clouds',1009,0,10),(3362,'2021-11-19','2:00AM',803,'broken clouds',103,24.48,24.48,'Clouds',1009,0,10),(3363,'2021-11-19','5:00AM',801,'few clouds',100,23.87,23.87,'Clouds',1009,0,10),(3364,'2021-11-19','8:00AM',803,'broken clouds',103,24.48,24.48,'Clouds',1009,0,10),(3365,'2021-11-19','2:00PM',801,'few clouds',100,23.87,23.87,'Clouds',1009,0,10),(3366,'2021-11-19','5:00PM',803,'broken clouds',103,24.48,24.48,'Clouds',1009,0,10),(3367,'2021-11-19','8:00PM',801,'few clouds',100,23.87,23.87,'Clouds',1009,0,10),(3368,'2021-11-19','11:00PM',803,'broken clouds',103,24.48,24.48,'Clouds',1009,0,10),(3369,'2021-11-20','11:00AM',801,'few clouds',100,23.87,23.87,'Clouds',1009,0,10),(3370,'2021-11-20','2:00AM',803,'broken clouds',103,24.48,24.48,'Clouds',1009,0,10),(3371,'2021-11-20','5:00AM',801,'few clouds',100,23.87,23.87,'Clouds',1009,0,10),(3372,'2021-11-20','8:00AM',803,'broken clouds',103,24.48,24.48,'Clouds',1009,0,10),(3373,'2021-11-20','2:00PM',801,'few clouds',100,23.87,23.87,'Clouds',1009,0,10),(3374,'2021-11-20','5:00PM',803,'broken clouds',103,24.48,24.48,'Clouds',1009,0,10),(3375,'2021-11-20','8:00PM',801,'few clouds',100,23.87,23.87,'Clouds',1009,0,10),(3376,'2021-11-20','11:00PM',803,'broken clouds',103,24.48,24.48,'Clouds',1009,0,10),(3377,'2021-11-21','11:00AM',801,'few clouds',100,23.87,23.87,'Clouds',1009,0,10),(3378,'2021-11-21','2:00AM',803,'broken clouds',103,24.48,24.48,'Clouds',1009,0,10),(3379,'2021-11-21','5:00AM',801,'few clouds',100,23.87,23.87,'Clouds',1009,0,10),(3380,'2021-11-21','8:00AM',803,'broken clouds',103,24.48,24.48,'Clouds',1009,0,10),(3381,'2021-11-21','2:00PM',801,'few clouds',100,23.87,23.87,'Clouds',1009,0,10),(3382,'2021-11-21','5:00PM',803,'broken clouds',103,24.48,24.48,'Clouds',1009,0,10),(3383,'2021-11-21','8:00PM',801,'few clouds',100,23.87,23.87,'Clouds',1009,0,10),(3384,'2021-11-21','11:00PM',803,'broken clouds',103,24.48,24.48,'Clouds',1009,0,10),(3385,'2021-11-22','11:00AM',801,'few clouds',100,23.87,23.87,'Clouds',1009,0,10),(3386,'2021-11-22','2:00AM',803,'broken clouds',103,24.48,24.48,'Clouds',1009,0,10),(3387,'2021-11-22','5:00AM',801,'few clouds',100,23.87,23.87,'Clouds',1009,0,10),(3388,'2021-11-22','8:00AM',803,'broken clouds',103,24.48,24.48,'Clouds',1009,0,10),(3389,'2021-11-22','2:00PM',801,'few clouds',100,23.87,23.87,'Clouds',1009,0,10),(3390,'2021-11-22','5:00PM',803,'broken clouds',103,24.48,24.48,'Clouds',1009,0,10),(3391,'2021-11-22','8:00PM',801,'few clouds',100,23.87,23.87,'Clouds',1009,0,10);
/*!40000 ALTER TABLE `weather_forecast_table` ENABLE KEYS */;
UNLOCK TABLES;

--
-- Table structure for table `weather_pest`
--

DROP TABLE IF EXISTS `weather_pest`;
/*!40101 SET @saved_cs_client     = @@character_set_client */;
/*!50503 SET character_set_client = utf8mb4 */;
CREATE TABLE `weather_pest` (
  `weather_pest_id` int NOT NULL AUTO_INCREMENT,
  `weather_id` int NOT NULL,
  `pest_id` int NOT NULL,
  PRIMARY KEY (`weather_pest_id`),
  KEY `fk_weather_table_has_pest_table_pest_table1_idx` (`pest_id`),
  KEY `fk_weather_table_has_pest_table_weather_table1_idx` (`weather_id`),
  CONSTRAINT `fk_weather_table_has_pest_table_pest_table1` FOREIGN KEY (`pest_id`) REFERENCES `pest_table` (`pest_id`),
  CONSTRAINT `fk_weather_table_has_pest_table_weather_table1` FOREIGN KEY (`weather_id`) REFERENCES `weather_table` (`weather_id`)
) ENGINE=InnoDB AUTO_INCREMENT=4 DEFAULT CHARSET=utf8mb4 COLLATE=utf8mb4_0900_ai_ci;
/*!40101 SET character_set_client = @saved_cs_client */;

--
-- Dumping data for table `weather_pest`
--

LOCK TABLES `weather_pest` WRITE;
/*!40000 ALTER TABLE `weather_pest` DISABLE KEYS */;
INSERT INTO `weather_pest` VALUES (1,1,1),(2,2,3),(3,2,3);
/*!40000 ALTER TABLE `weather_pest` ENABLE KEYS */;
UNLOCK TABLES;

--
-- Table structure for table `weather_table`
--

DROP TABLE IF EXISTS `weather_table`;
/*!40101 SET @saved_cs_client     = @@character_set_client */;
/*!50503 SET character_set_client = utf8mb4 */;
CREATE TABLE `weather_table` (
  `weather_id` int NOT NULL AUTO_INCREMENT,
  `weather` varchar(45) NOT NULL,
  `weather_desc` tinytext,
  `min_temp` float DEFAULT NULL,
  `max_temp` float DEFAULT NULL,
  `precipitation` float DEFAULT NULL,
  `soil_moisture` float DEFAULT NULL,
  `humidity` float DEFAULT NULL,
  PRIMARY KEY (`weather_id`)
) ENGINE=InnoDB AUTO_INCREMENT=4 DEFAULT CHARSET=utf8mb4 COLLATE=utf8mb4_0900_ai_ci;
/*!40101 SET character_set_client = @saved_cs_client */;

--
-- Dumping data for table `weather_table`
--

LOCK TABLES `weather_table` WRITE;
/*!40000 ALTER TABLE `weather_table` DISABLE KEYS */;
INSERT INTO `weather_table` VALUES (1,'Hot','Hot and humid',29,39,NULL,NULL,75),(2,'Wet','Rainy and wet',23,31,30,NULL,80),(3,'Cloudy','Full of clouds',25,31,NULL,20,70);
/*!40000 ALTER TABLE `weather_table` ENABLE KEYS */;
UNLOCK TABLES;

--
-- Table structure for table `work_order_table`
--

DROP TABLE IF EXISTS `work_order_table`;
/*!40101 SET @saved_cs_client     = @@character_set_client */;
/*!50503 SET character_set_client = utf8mb4 */;
CREATE TABLE `work_order_table` (
  `work_order_id` int NOT NULL AUTO_INCREMENT,
  `type` enum('Land Preparation','Sow Seed','Pesticide Application','Fertilizer Application','Harvest','Water Fields') NOT NULL,
  `crop_calendar_id` int NOT NULL,
  `date_created` date NOT NULL,
  `date_due` date DEFAULT NULL,
  `status` enum('Pending','In-Progress','Completed','Cancelled') NOT NULL,
  `desc` varchar(45) DEFAULT NULL,
  `notes` varchar(45) DEFAULT NULL,
  `resource_used` varchar(45) DEFAULT NULL,
  `amount` double DEFAULT NULL,
  `unit` enum('kg','mg','g') DEFAULT NULL,
  PRIMARY KEY (`work_order_id`),
  UNIQUE KEY `work_order_id_UNIQUE` (`work_order_id`),
  KEY `work_order_fk_idx` (`crop_calendar_id`),
  CONSTRAINT `work_order_fk` FOREIGN KEY (`crop_calendar_id`) REFERENCES `crop_calendar_table` (`calendar_id`)
) ENGINE=InnoDB DEFAULT CHARSET=utf8mb4 COLLATE=utf8mb4_0900_ai_ci;
/*!40101 SET character_set_client = @saved_cs_client */;

--
-- Dumping data for table `work_order_table`
--

LOCK TABLES `work_order_table` WRITE;
/*!40000 ALTER TABLE `work_order_table` DISABLE KEYS */;
/*!40000 ALTER TABLE `work_order_table` ENABLE KEYS */;
UNLOCK TABLES;
/*!40103 SET TIME_ZONE=@OLD_TIME_ZONE */;

/*!40101 SET SQL_MODE=@OLD_SQL_MODE */;
/*!40014 SET FOREIGN_KEY_CHECKS=@OLD_FOREIGN_KEY_CHECKS */;
/*!40014 SET UNIQUE_CHECKS=@OLD_UNIQUE_CHECKS */;
/*!40101 SET CHARACTER_SET_CLIENT=@OLD_CHARACTER_SET_CLIENT */;
/*!40101 SET CHARACTER_SET_RESULTS=@OLD_CHARACTER_SET_RESULTS */;
/*!40101 SET COLLATION_CONNECTION=@OLD_COLLATION_CONNECTION */;
/*!40111 SET SQL_NOTES=@OLD_SQL_NOTES */;

-- Dump completed on 2021-11-07 10:41:46
