CREATE DATABASE  IF NOT EXISTS `capstone_agriculture_db` /*!40100 DEFAULT CHARACTER SET utf8mb4 COLLATE utf8mb4_0900_ai_ci */ /*!80016 DEFAULT ENCRYPTION='N' */;
USE `capstone_agriculture_db`;
-- MySQL dump 10.13  Distrib 8.0.27, for Win64 (x86_64)
--
-- Host: larice-server.mysql.database.azure.com    Database: capstone_agriculture_db
-- ------------------------------------------------------
-- Server version	8.0.28

/*!40101 SET @OLD_CHARACTER_SET_CLIENT=@@CHARACTER_SET_CLIENT */;
/*!40101 SET @OLD_CHARACTER_SET_RESULTS=@@CHARACTER_SET_RESULTS */;
/*!40101 SET @OLD_COLLATION_CONNECTION=@@COLLATION_CONNECTION */;
/*!50503 SET NAMES utf8 */;
/*!40103 SET @OLD_TIME_ZONE=@@TIME_ZONE */;
/*!40103 SET TIME_ZONE='+00:00' */;
/*!40014 SET @OLD_UNIQUE_CHECKS=@@UNIQUE_CHECKS, UNIQUE_CHECKS=0 */;
/*!40014 SET @OLD_FOREIGN_KEY_CHECKS=@@FOREIGN_KEY_CHECKS, FOREIGN_KEY_CHECKS=0 */;
/*!40101 SET @OLD_SQL_MODE=@@SQL_MODE, SQL_MODE='NO_AUTO_VALUE_ON_ZERO' */;
/*!40111 SET @OLD_SQL_NOTES=@@SQL_NOTES, SQL_NOTES=0 */;

--
-- Table structure for table `crop_calendar_table`
--

DROP TABLE IF EXISTS `crop_calendar_table`;
/*!40101 SET @saved_cs_client     = @@character_set_client */;
/*!50503 SET character_set_client = utf8mb4 */;
CREATE TABLE `crop_calendar_table` (
  `calendar_id` int NOT NULL AUTO_INCREMENT,
  `farm_id` int NOT NULL,
  `land_prep_date` datetime DEFAULT NULL,
  `sowing_date` datetime DEFAULT NULL,
  `harvest_date` datetime DEFAULT NULL,
  `planting_method` enum('Irrigation','Non-Irrigation') DEFAULT NULL,
  `seed_planted` int DEFAULT NULL,
  `status` enum('Active','Inactive','In-Progress','Completed') DEFAULT NULL,
  `seed_rate` int NOT NULL,
  `harvest_yield` int DEFAULT NULL,
  `crop_plan` varchar(45) NOT NULL,
  `method` enum('Transplanting','Direct Seeding') NOT NULL,
  PRIMARY KEY (`calendar_id`),
  UNIQUE KEY `calendar_id_UNIQUE` (`calendar_id`),
  KEY `seed_to_calendar_idx` (`seed_planted`),
  KEY `farm_to_calendar_idx` (`farm_id`),
  CONSTRAINT `farm_to_calendar` FOREIGN KEY (`farm_id`) REFERENCES `farm_table` (`farm_id`),
  CONSTRAINT `seed_to_calendar` FOREIGN KEY (`seed_planted`) REFERENCES `seed_table` (`seed_id`)
) ENGINE=InnoDB AUTO_INCREMENT=114 DEFAULT CHARSET=utf8mb4 COLLATE=utf8mb4_0900_ai_ci;
/*!40101 SET character_set_client = @saved_cs_client */;

--
-- Dumping data for table `crop_calendar_table`
--

LOCK TABLES `crop_calendar_table` WRITE;
/*!40000 ALTER TABLE `crop_calendar_table` DISABLE KEYS */;
INSERT INTO `crop_calendar_table` VALUES (79,54,'2019-05-30 00:00:00','2019-06-02 00:00:00','2019-10-27 00:00:00',NULL,4,'Completed',20,88,'Early 2019','Transplanting'),(80,55,'2019-05-30 00:00:00','2019-06-02 00:00:00','2019-10-27 00:00:00',NULL,4,'Completed',20,81,'Early 2019','Transplanting'),(81,56,'2019-05-30 00:00:00','2019-06-02 00:00:00','2019-10-27 00:00:00',NULL,4,'Completed',20,72,'Early 2019','Transplanting'),(82,57,'2019-05-30 00:00:00','2019-06-03 00:00:00','2019-10-28 00:00:00',NULL,8,'Completed',20,69,'Early 2019','Direct Seeding'),(83,58,'2019-05-30 00:00:00','2019-06-03 00:00:00','2019-10-28 00:00:00',NULL,8,'Completed',20,75,'Early 2019','Direct Seeding'),(88,54,'2019-12-05 00:00:00','2019-12-08 00:00:00','2020-05-03 00:00:00',NULL,7,'Completed',20,100,'Late 2019','Transplanting'),(89,55,'2019-12-05 00:00:00','2019-12-08 00:00:00','2020-05-03 00:00:00',NULL,4,'Completed',20,102,'Late 2019','Transplanting'),(90,56,'2019-12-05 00:00:00','2019-12-08 00:00:00','2020-05-03 00:00:00',NULL,7,'Completed',20,92,'Late 2019','Transplanting'),(91,57,'2019-12-05 00:00:00','2019-12-09 00:00:00','2020-05-04 00:00:00',NULL,8,'Completed',20,81,'Late 2019','Direct Seeding'),(92,58,'2019-12-05 00:00:00','2019-12-09 00:00:00','2020-05-04 00:00:00',NULL,8,'Completed',20,78,'Late 2019','Direct Seeding'),(94,54,'2020-05-30 00:00:00','2020-06-02 00:00:00','2020-10-27 00:00:00',NULL,7,'Completed',20,71,'Early 2020','Transplanting'),(95,55,'2020-05-30 00:00:00','2020-06-02 00:00:00','2020-10-27 00:00:00',NULL,7,'Completed',20,73,'Early 2020','Transplanting'),(96,56,'2020-05-30 00:00:00','2020-06-02 00:00:00','2020-10-27 00:00:00',NULL,7,'Completed',20,78,'Early 2020','Transplanting'),(97,57,'2020-05-30 00:00:00','2020-06-03 00:00:00','2020-10-28 00:00:00',NULL,4,'Completed',20,62,'Early 2020','Direct Seeding'),(98,58,'2020-05-30 00:00:00','2020-06-03 00:00:00','2020-10-28 00:00:00',NULL,4,'Completed',20,66,'Early 2020','Direct Seeding'),(99,54,'2020-11-30 00:00:00','2020-12-03 00:00:00','2021-04-29 00:00:00',NULL,8,'Completed',20,66,'Late 2020','Transplanting'),(100,55,'2020-11-30 00:00:00','2020-12-03 00:00:00','2021-04-29 00:00:00',NULL,8,'Completed',20,73,'Late 2020','Transplanting'),(101,56,'2020-11-30 00:00:00','2020-12-03 00:00:00','2021-04-29 00:00:00',NULL,7,'Completed',20,72,'Late 2020','Transplanting'),(102,57,'2020-11-30 00:00:00','2020-12-04 00:00:00','2021-04-30 00:00:00',NULL,4,'Completed',20,67,'Late 2020','Direct Seeding'),(103,58,'2020-11-30 00:00:00','2020-12-04 00:00:00','2021-04-30 00:00:00',NULL,4,'Completed',20,62,'Late 2020','Direct Seeding'),(104,54,'2021-05-31 00:00:00','2021-06-03 00:00:00','2021-10-28 00:00:00',NULL,4,'Completed',20,79,'Early 2021','Transplanting'),(105,55,'2021-05-31 00:00:00','2021-06-03 00:00:00','2021-10-28 00:00:00',NULL,7,'Completed',20,81,'Early 2021','Transplanting'),(106,56,'2021-05-31 00:00:00','2021-06-03 00:00:00','2021-10-28 00:00:00',NULL,4,'Completed',20,78,'Early 2021','Transplanting'),(107,57,'2021-05-31 00:00:00','2021-06-04 00:00:00','2021-10-29 00:00:00',NULL,7,'Completed',20,72,'Early 2021','Direct Seeding'),(108,58,'2021-05-31 00:00:00','2021-06-04 00:00:00','2021-10-29 00:00:00',NULL,7,'Completed',20,78,'Early 2021','Direct Seeding'),(109,54,'2021-12-27 00:00:00','2021-12-30 00:00:00','2022-05-26 00:00:00',NULL,4,'Completed',20,79,'Late 2021','Transplanting'),(110,55,'2021-12-27 00:00:00','2021-12-30 00:00:00','2022-05-26 00:00:00',NULL,4,'Completed',20,77,'Late 2021','Transplanting'),(111,56,'2021-12-27 00:00:00','2021-12-30 00:00:00','2022-05-26 00:00:00',NULL,8,'Completed',20,74,'Late 2021','Transplanting'),(112,57,'2021-12-27 00:00:00','2021-12-31 00:00:00','2022-05-27 00:00:00',NULL,7,'Completed',20,76,'Late 2021','Direct Seeding'),(113,58,'2021-12-27 00:00:00','2021-12-30 00:00:00','2022-05-26 00:00:00',NULL,7,'Completed',20,66,'Late 2021','Transplanting');
/*!40000 ALTER TABLE `crop_calendar_table` ENABLE KEYS */;
UNLOCK TABLES;

--
-- Table structure for table `crop_cycle_table`
--

DROP TABLE IF EXISTS `crop_cycle_table`;
/*!40101 SET @saved_cs_client     = @@character_set_client */;
/*!50503 SET character_set_client = utf8mb4 */;
CREATE TABLE `crop_cycle_table` (
  `cycle_id` int NOT NULL AUTO_INCREMENT,
  `start_date` datetime NOT NULL,
  `end_date` datetime DEFAULT NULL,
  `seed_planted` int NOT NULL,
  PRIMARY KEY (`cycle_id`),
  UNIQUE KEY `cycle_id_UNIQUE` (`cycle_id`),
  KEY `seed_to_cycle_idx` (`seed_planted`),
  CONSTRAINT `seed_to_cycle` FOREIGN KEY (`seed_planted`) REFERENCES `seed_table` (`seed_id`)
) ENGINE=InnoDB DEFAULT CHARSET=utf8mb4 COLLATE=utf8mb4_0900_ai_ci;
/*!40101 SET character_set_client = @saved_cs_client */;

--
-- Dumping data for table `crop_cycle_table`
--

LOCK TABLES `crop_cycle_table` WRITE;
/*!40000 ALTER TABLE `crop_cycle_table` DISABLE KEYS */;
/*!40000 ALTER TABLE `crop_cycle_table` ENABLE KEYS */;
UNLOCK TABLES;

--
-- Table structure for table `custom_nutrient_recommendation`
--

DROP TABLE IF EXISTS `custom_nutrient_recommendation`;
/*!40101 SET @saved_cs_client     = @@character_set_client */;
/*!50503 SET character_set_client = utf8mb4 */;
CREATE TABLE `custom_nutrient_recommendation` (
  `cnr_id` int NOT NULL AUTO_INCREMENT,
  `cnr_name` varchar(45) NOT NULL,
  PRIMARY KEY (`cnr_id`),
  UNIQUE KEY `cnr_id_UNIQUE` (`cnr_id`)
) ENGINE=InnoDB AUTO_INCREMENT=19 DEFAULT CHARSET=utf8mb4 COLLATE=utf8mb4_0900_ai_ci;
/*!40101 SET character_set_client = @saved_cs_client */;

--
-- Dumping data for table `custom_nutrient_recommendation`
--

LOCK TABLES `custom_nutrient_recommendation` WRITE;
/*!40000 ALTER TABLE `custom_nutrient_recommendation` DISABLE KEYS */;
INSERT INTO `custom_nutrient_recommendation` VALUES (18,'Fixed Nutrient Application');
/*!40000 ALTER TABLE `custom_nutrient_recommendation` ENABLE KEYS */;
UNLOCK TABLES;

--
-- Table structure for table `custom_nutrient_recommendation_assignments`
--

DROP TABLE IF EXISTS `custom_nutrient_recommendation_assignments`;
/*!40101 SET @saved_cs_client     = @@character_set_client */;
/*!50503 SET character_set_client = utf8mb4 */;
CREATE TABLE `custom_nutrient_recommendation_assignments` (
  `cnr_assignment_id` int NOT NULL AUTO_INCREMENT,
  `cnr_id` int NOT NULL,
  `farm_id` int NOT NULL,
  PRIMARY KEY (`cnr_assignment_id`),
  UNIQUE KEY `cnr_assignment_id_UNIQUE` (`cnr_assignment_id`),
  KEY `cnr_id_idx` (`cnr_id`),
  KEY `cnr_farm_id_idx` (`farm_id`),
  CONSTRAINT `cnr_farm_id` FOREIGN KEY (`farm_id`) REFERENCES `farm_table` (`farm_id`),
  CONSTRAINT `cnr_id` FOREIGN KEY (`cnr_id`) REFERENCES `custom_nutrient_recommendation` (`cnr_id`)
) ENGINE=InnoDB AUTO_INCREMENT=61 DEFAULT CHARSET=utf8mb4 COLLATE=utf8mb4_0900_ai_ci;
/*!40101 SET character_set_client = @saved_cs_client */;

--
-- Dumping data for table `custom_nutrient_recommendation_assignments`
--

LOCK TABLES `custom_nutrient_recommendation_assignments` WRITE;
/*!40000 ALTER TABLE `custom_nutrient_recommendation_assignments` DISABLE KEYS */;
INSERT INTO `custom_nutrient_recommendation_assignments` VALUES (56,18,54),(57,18,56),(58,18,57),(59,18,58),(60,18,55);
/*!40000 ALTER TABLE `custom_nutrient_recommendation_assignments` ENABLE KEYS */;
UNLOCK TABLES;

--
-- Table structure for table `custom_nutrient_recommendation_items`
--

DROP TABLE IF EXISTS `custom_nutrient_recommendation_items`;
/*!40101 SET @saved_cs_client     = @@character_set_client */;
/*!50503 SET character_set_client = utf8mb4 */;
CREATE TABLE `custom_nutrient_recommendation_items` (
  `cnr_item_id` int NOT NULL AUTO_INCREMENT,
  `dat` int NOT NULL,
  `fertilizer_id` int NOT NULL,
  `amount_equation` varchar(100) NOT NULL,
  `cnr_id` int NOT NULL,
  PRIMARY KEY (`cnr_item_id`),
  UNIQUE KEY `cnr_item_id_UNIQUE` (`cnr_item_id`),
  KEY `cnr_id_idx` (`cnr_id`),
  CONSTRAINT `cnr_item_fk` FOREIGN KEY (`cnr_id`) REFERENCES `custom_nutrient_recommendation` (`cnr_id`)
) ENGINE=InnoDB AUTO_INCREMENT=71 DEFAULT CHARSET=utf8mb4 COLLATE=utf8mb4_0900_ai_ci;
/*!40101 SET character_set_client = @saved_cs_client */;

--
-- Dumping data for table `custom_nutrient_recommendation_items`
--

LOCK TABLES `custom_nutrient_recommendation_items` WRITE;
/*!40000 ALTER TABLE `custom_nutrient_recommendation_items` DISABLE KEYS */;
INSERT INTO `custom_nutrient_recommendation_items` VALUES (65,12,1,'fa,*,(,3,*,fv,/,fv,)',18),(66,12,2,'fa,*,(,3,*,fv,/,fv,)',18),(67,12,7,'fa,*,(,3,*,fv,/,fv,)',18),(68,36,1,'fa,*,(,3,*,fv,/,fv,)',18),(69,36,2,'fa,*,(,3,*,fv,/,fv,)',18),(70,36,7,'fa,*,(,3,*,fv,/,fv,)',18);
/*!40000 ALTER TABLE `custom_nutrient_recommendation_items` ENABLE KEYS */;
UNLOCK TABLES;

--
-- Table structure for table `daily_data`
--

DROP TABLE IF EXISTS `daily_data`;
/*!40101 SET @saved_cs_client     = @@character_set_client */;
/*!50503 SET character_set_client = utf8mb4 */;
CREATE TABLE `daily_data` (
  `data_id` int NOT NULL,
  `farm_id` int NOT NULL,
  `min_temp` float DEFAULT NULL,
  `max_temp` float DEFAULT NULL,
  `pressure` float DEFAULT NULL,
  `humidity` float DEFAULT NULL,
  `precipitation` float DEFAULT NULL,
  `temp10` float DEFAULT NULL,
  `soil_moisture` float DEFAULT NULL,
  `surface_temp` float DEFAULT NULL,
  `UVI` float DEFAULT NULL,
  `NDVI` float DEFAULT NULL,
  PRIMARY KEY (`data_id`),
  KEY `farm_index_idx` (`farm_id`),
  CONSTRAINT `farm_index` FOREIGN KEY (`farm_id`) REFERENCES `farm_table` (`farm_id`)
) ENGINE=InnoDB DEFAULT CHARSET=utf8mb4 COLLATE=utf8mb4_0900_ai_ci;
/*!40101 SET character_set_client = @saved_cs_client */;

--
-- Dumping data for table `daily_data`
--

LOCK TABLES `daily_data` WRITE;
/*!40000 ALTER TABLE `daily_data` DISABLE KEYS */;
/*!40000 ALTER TABLE `daily_data` ENABLE KEYS */;
UNLOCK TABLES;

--
-- Table structure for table `diagnosis`
--

DROP TABLE IF EXISTS `diagnosis`;
/*!40101 SET @saved_cs_client     = @@character_set_client */;
/*!50503 SET character_set_client = utf8mb4 */;
CREATE TABLE `diagnosis` (
  `diagnosis_id` int NOT NULL AUTO_INCREMENT,
  `type` enum('Pest','Disease') NOT NULL,
  `date_diagnosed` date NOT NULL,
  `date_solved` date DEFAULT NULL,
  `farm_id` int NOT NULL,
  `value` tinytext,
  `pd_id` int NOT NULL,
  `calendar_id` int DEFAULT NULL,
  `status` enum('Present','Solved') DEFAULT 'Present',
  `stage_diagnosed` varchar(45) DEFAULT NULL,
  PRIMARY KEY (`diagnosis_id`),
  KEY `diag_farm_idx` (`farm_id`),
  KEY `calendar_id_diagnosis_idx` (`calendar_id`),
  CONSTRAINT `calendar_id_diagnosis` FOREIGN KEY (`calendar_id`) REFERENCES `crop_calendar_table` (`calendar_id`),
  CONSTRAINT `diag_farm` FOREIGN KEY (`farm_id`) REFERENCES `farm_table` (`farm_id`)
) ENGINE=InnoDB AUTO_INCREMENT=120 DEFAULT CHARSET=utf8mb4 COLLATE=utf8mb4_0900_ai_ci;
/*!40101 SET character_set_client = @saved_cs_client */;

--
-- Dumping data for table `diagnosis`
--

LOCK TABLES `diagnosis` WRITE;
/*!40000 ALTER TABLE `diagnosis` DISABLE KEYS */;
/*!40000 ALTER TABLE `diagnosis` ENABLE KEYS */;
UNLOCK TABLES;

--
-- Table structure for table `diagnosis_symptom`
--

DROP TABLE IF EXISTS `diagnosis_symptom`;
/*!40101 SET @saved_cs_client     = @@character_set_client */;
/*!50503 SET character_set_client = utf8mb4 */;
CREATE TABLE `diagnosis_symptom` (
  `diagnosis_symptom_id` int NOT NULL AUTO_INCREMENT,
  `diagnosis_id` int NOT NULL,
  `symptom_id` int NOT NULL,
  PRIMARY KEY (`diagnosis_symptom_id`),
  KEY `diagnosis_id_symp_idx` (`diagnosis_id`),
  KEY `symptom_diagnosis_fk_idx` (`symptom_id`),
  CONSTRAINT `diagnosis_id_symp` FOREIGN KEY (`diagnosis_id`) REFERENCES `diagnosis` (`diagnosis_id`),
  CONSTRAINT `symptom_diagnosis_fk` FOREIGN KEY (`symptom_id`) REFERENCES `symptoms_table` (`symptom_id`)
) ENGINE=InnoDB AUTO_INCREMENT=283 DEFAULT CHARSET=utf8mb4 COLLATE=utf8mb4_0900_ai_ci;
/*!40101 SET character_set_client = @saved_cs_client */;

--
-- Dumping data for table `diagnosis_symptom`
--

LOCK TABLES `diagnosis_symptom` WRITE;
/*!40000 ALTER TABLE `diagnosis_symptom` DISABLE KEYS */;
/*!40000 ALTER TABLE `diagnosis_symptom` ENABLE KEYS */;
UNLOCK TABLES;

--
-- Table structure for table `disaster_logs`
--

DROP TABLE IF EXISTS `disaster_logs`;
/*!40101 SET @saved_cs_client     = @@character_set_client */;
/*!50503 SET character_set_client = utf8mb4 */;
CREATE TABLE `disaster_logs` (
  `disaster_id` int NOT NULL AUTO_INCREMENT,
  `max_temp` float DEFAULT NULL,
  `min_temp` float DEFAULT NULL,
  `pressure` float DEFAULT NULL,
  `humidity` float DEFAULT NULL,
  `weather` tinytext,
  `description` tinytext,
  `wind_speed` float DEFAULT NULL,
  `rainfall` float DEFAULT NULL,
  `wind_direction` float DEFAULT NULL,
  `status` int NOT NULL,
  `type` tinytext NOT NULL,
  `date_recorded` datetime NOT NULL,
  `target_date` datetime NOT NULL,
  PRIMARY KEY (`disaster_id`),
  UNIQUE KEY `disaster_id_UNIQUE` (`disaster_id`)
) ENGINE=InnoDB AUTO_INCREMENT=9 DEFAULT CHARSET=utf8mb4 COLLATE=utf8mb4_0900_ai_ci;
/*!40101 SET character_set_client = @saved_cs_client */;

--
-- Dumping data for table `disaster_logs`
--

LOCK TABLES `disaster_logs` WRITE;
/*!40000 ALTER TABLE `disaster_logs` DISABLE KEYS */;
INSERT INTO `disaster_logs` VALUES (3,25.31,24.49,1005,95,'502','heavy intensity rain',3.43,78.36,301,0,'Heavy Rainfall','2022-01-23 00:00:00','2022-02-20 00:00:00'),(6,25.71,24.71,1009,93,'502','heavy intensity rain',5.62,101.09,108,0,'Heavy Rainfall','2022-01-31 00:00:00','2022-02-05 00:00:00'),(7,27.57,25.76,1006,92,'502','heavy intensity rain',2.15,78.19,273,0,'Heavy Rainfall','2022-04-22 00:00:00','2022-05-18 00:00:00'),(8,26.33,25.96,1003,93,'502','heavy intensity rain',9.3,83.51,216,0,'Heavy Rainfall','2022-05-07 00:00:00','2022-05-25 00:00:00');
/*!40000 ALTER TABLE `disaster_logs` ENABLE KEYS */;
UNLOCK TABLES;

--
-- Table structure for table `disease_table`
--

DROP TABLE IF EXISTS `disease_table`;
/*!40101 SET @saved_cs_client     = @@character_set_client */;
/*!50503 SET character_set_client = utf8mb4 */;
CREATE TABLE `disease_table` (
  `disease_id` int NOT NULL AUTO_INCREMENT,
  `disease_name` varchar(45) NOT NULL,
  `disease_desc` tinytext NOT NULL,
  `scientific_name` varchar(45) DEFAULT NULL,
  PRIMARY KEY (`disease_id`),
  UNIQUE KEY `disease_name_UNIQUE` (`disease_name`)
) ENGINE=InnoDB AUTO_INCREMENT=8 DEFAULT CHARSET=utf8mb4 COLLATE=utf8mb4_0900_ai_ci;
/*!40101 SET character_set_client = @saved_cs_client */;

--
-- Dumping data for table `disease_table`
--

LOCK TABLES `disease_table` WRITE;
/*!40000 ALTER TABLE `disease_table` DISABLE KEYS */;
INSERT INTO `disease_table` VALUES (1,'Bacterial Blight','It causes wilting of seedlings and yellowing and drying of leaves.','Xanthomonas oryzae pv. oryzae.'),(2,'Bacterial leaf streak','Infected plants show browning and drying of leaves. ','Xanthomonas oryzae pv. oryzicola'),(3,'Blast (leaf and collar)',' It can affect all above ground parts of a rice plant: leaf, collar, node, neck, parts of panicle, and sometimes leaf sheath.','Magnaporthe oryzae'),(4,'Brown spot','Brown spot has been historically largely ignored as one of the most common and most damaging rice diseases.','N/A'),(5,'False smut','False smut causes chalkiness of grains which leads to reduction in grain weight. It also reduces seed germination.','N/A'),(6,'Rice grassy stunt','Rice grassy stunt virus reduces yields by inhibiting panicle production.','N/A'),(7,'Bakanae','Bakanae is a seedborne fungal disease. The fungus infects plants through the roots or crowns. It then grows systemically within the plant.','N/A');
/*!40000 ALTER TABLE `disease_table` ENABLE KEYS */;
UNLOCK TABLES;

--
-- Table structure for table `effects_disease`
--

DROP TABLE IF EXISTS `effects_disease`;
/*!40101 SET @saved_cs_client     = @@character_set_client */;
/*!50503 SET character_set_client = utf8mb4 */;
CREATE TABLE `effects_disease` (
  `effects_id` int NOT NULL,
  `disease_id` int NOT NULL,
  `effects_disease_id` int NOT NULL AUTO_INCREMENT,
  PRIMARY KEY (`effects_disease_id`),
  KEY `fk_effects_table_has_disease_table_disease_table1_idx` (`disease_id`),
  KEY `fk_effects_table_has_disease_table_effects_table1_idx` (`effects_id`),
  CONSTRAINT `fk_effects_table_has_disease_table_disease_table1` FOREIGN KEY (`disease_id`) REFERENCES `disease_table` (`disease_id`),
  CONSTRAINT `fk_effects_table_has_disease_table_effects_table1` FOREIGN KEY (`effects_id`) REFERENCES `effects_table` (`effects_id`)
) ENGINE=InnoDB DEFAULT CHARSET=utf8mb4 COLLATE=utf8mb4_0900_ai_ci;
/*!40101 SET character_set_client = @saved_cs_client */;

--
-- Dumping data for table `effects_disease`
--

LOCK TABLES `effects_disease` WRITE;
/*!40000 ALTER TABLE `effects_disease` DISABLE KEYS */;
/*!40000 ALTER TABLE `effects_disease` ENABLE KEYS */;
UNLOCK TABLES;

--
-- Table structure for table `effects_pest`
--

DROP TABLE IF EXISTS `effects_pest`;
/*!40101 SET @saved_cs_client     = @@character_set_client */;
/*!50503 SET character_set_client = utf8mb4 */;
CREATE TABLE `effects_pest` (
  `effects_pest_id` int NOT NULL,
  `effects_id` int NOT NULL,
  `pest_id` int NOT NULL AUTO_INCREMENT,
  PRIMARY KEY (`effects_pest_id`),
  KEY `fk_effects_table_has_pest_table_pest_table1_idx` (`pest_id`),
  KEY `fk_effects_table_has_pest_table_effects_table1_idx` (`effects_id`),
  CONSTRAINT `fk_effects_table_has_pest_table_effects_table1` FOREIGN KEY (`effects_id`) REFERENCES `effects_table` (`effects_id`),
  CONSTRAINT `fk_effects_table_has_pest_table_pest_table1` FOREIGN KEY (`pest_id`) REFERENCES `pest_table` (`pest_id`)
) ENGINE=InnoDB DEFAULT CHARSET=utf8mb4 COLLATE=utf8mb4_0900_ai_ci;
/*!40101 SET character_set_client = @saved_cs_client */;

--
-- Dumping data for table `effects_pest`
--

LOCK TABLES `effects_pest` WRITE;
/*!40000 ALTER TABLE `effects_pest` DISABLE KEYS */;
/*!40000 ALTER TABLE `effects_pest` ENABLE KEYS */;
UNLOCK TABLES;

--
-- Table structure for table `effects_table`
--

DROP TABLE IF EXISTS `effects_table`;
/*!40101 SET @saved_cs_client     = @@character_set_client */;
/*!50503 SET character_set_client = utf8mb4 */;
CREATE TABLE `effects_table` (
  `effects_id` int NOT NULL AUTO_INCREMENT,
  `effect_name` varchar(45) NOT NULL,
  `effect_desc` tinytext,
  PRIMARY KEY (`effects_id`)
) ENGINE=InnoDB DEFAULT CHARSET=utf8mb4 COLLATE=utf8mb4_0900_ai_ci;
/*!40101 SET character_set_client = @saved_cs_client */;

--
-- Dumping data for table `effects_table`
--

LOCK TABLES `effects_table` WRITE;
/*!40000 ALTER TABLE `effects_table` DISABLE KEYS */;
/*!40000 ALTER TABLE `effects_table` ENABLE KEYS */;
UNLOCK TABLES;

--
-- Table structure for table `element_table`
--

DROP TABLE IF EXISTS `element_table`;
/*!40101 SET @saved_cs_client     = @@character_set_client */;
/*!50503 SET character_set_client = utf8mb4 */;
CREATE TABLE `element_table` (
  `element_id` int NOT NULL AUTO_INCREMENT,
  `element_name` int DEFAULT NULL,
  PRIMARY KEY (`element_id`)
) ENGINE=InnoDB DEFAULT CHARSET=utf8mb4 COLLATE=utf8mb4_0900_ai_ci;
/*!40101 SET character_set_client = @saved_cs_client */;

--
-- Dumping data for table `element_table`
--

LOCK TABLES `element_table` WRITE;
/*!40000 ALTER TABLE `element_table` DISABLE KEYS */;
/*!40000 ALTER TABLE `element_table` ENABLE KEYS */;
UNLOCK TABLES;

--
-- Table structure for table `employee_table`
--

DROP TABLE IF EXISTS `employee_table`;
/*!40101 SET @saved_cs_client     = @@character_set_client */;
/*!50503 SET character_set_client = utf8mb4 */;
CREATE TABLE `employee_table` (
  `employee_id` int NOT NULL AUTO_INCREMENT,
  `position` enum('Office Worker','Farm Manager','Farmer','Owner') NOT NULL DEFAULT 'Farmer',
  `last_name` varchar(25) NOT NULL,
  `first_name` varchar(45) NOT NULL,
  `phone_number` varchar(15) DEFAULT NULL,
  `isActive` int DEFAULT '1',
  `access_token` tinytext,
  PRIMARY KEY (`employee_id`),
  UNIQUE KEY `idemployee_table_UNIQUE` (`employee_id`),
  UNIQUE KEY `phone_number_UNIQUE` (`phone_number`)
) ENGINE=InnoDB AUTO_INCREMENT=28 DEFAULT CHARSET=utf8mb4 COLLATE=utf8mb4_0900_ai_ci;
/*!40101 SET character_set_client = @saved_cs_client */;

--
-- Dumping data for table `employee_table`
--

LOCK TABLES `employee_table` WRITE;
/*!40000 ALTER TABLE `employee_table` DISABLE KEYS */;
INSERT INTO `employee_table` VALUES (1,'Office Worker','Cu','Martin','9293150238',1,NULL),(3,'Office Worker','Ramon','Gabio','9293150233',0,NULL),(4,'Farmer','Acena','Orlino','9138457394',1,NULL),(5,'Farmer','Acena','Orlino','9453945345',1,NULL),(6,'Farm Manager','Sina','Reymund','9543534535',1,NULL),(7,'Farm Manager','Soriano','Paulino','1345672874',1,NULL),(8,'Farmer','Baldemor','Jose Marlon','9823143544',1,NULL),(9,'Farmer','Villanueva','Joseph','9324292433',1,NULL),(10,'Farm Manager','Ubay','Bernardo','9645325244',1,NULL),(11,'Farmer','Balneg','Jaime','9325214355',1,NULL),(12,'Farm Manager','Tolentino','Bonnie','9352666224',1,NULL),(13,'Farm Manager','Banay','Elmer','9326255552',1,NULL),(14,'Farm Manager','Rosario','Marilou','9326262444',1,NULL),(15,'Farm Manager','Mary','Bricka','9324266222',1,NULL),(16,'Farm Manager','Harry','Brocka','9324222242',1,NULL),(17,'Farmer','Lorenz','Kalitio','9231113679',1,NULL),(18,'Farmer','Lita','Balako','9234226683',1,NULL),(19,'Farmer','Remy','Ronalda','9436317797',1,NULL),(20,'Farmer','Rando','Ricky','9342346623',1,NULL),(21,'Farmer','Loly','Labuyo','9324252452',1,NULL),(22,'Farmer','Jona','Kalindro','9342352622',1,NULL),(23,'Farmer','Kany','Kalaw','9234229424',1,NULL),(24,'Farm Manager','Aquino','y2','9173028128',1,'UxNyrJZ39bZekOx1y9q-aDoG3dG510hLk8PyK4_hh5k'),(25,'Farm Manager','Anyayahan','Loren','9175365711',1,''),(26,'Farm Manager','Madrazo','Wilford','9178522287',1,'rAdE9NdfWAzYlYvw-z2KEYagufiHw--j2Oo2wkv1d8E');
/*!40000 ALTER TABLE `employee_table` ENABLE KEYS */;
UNLOCK TABLES;

--
-- Table structure for table `farm_assignment`
--

DROP TABLE IF EXISTS `farm_assignment`;
/*!40101 SET @saved_cs_client     = @@character_set_client */;
/*!50503 SET character_set_client = utf8mb4 */;
CREATE TABLE `farm_assignment` (
  `assignment_id` int NOT NULL AUTO_INCREMENT,
  `employee_id` int NOT NULL,
  `farm_id` int NOT NULL,
  `status` enum('Active','Inactive') DEFAULT 'Active',
  PRIMARY KEY (`assignment_id`),
  UNIQUE KEY `assignment_id_UNIQUE` (`assignment_id`),
  KEY `employee_id_idx` (`employee_id`),
  KEY `farm_id_idx` (`farm_id`),
  CONSTRAINT `employee_id` FOREIGN KEY (`employee_id`) REFERENCES `employee_table` (`employee_id`),
  CONSTRAINT `farm_farm_assignment_id` FOREIGN KEY (`farm_id`) REFERENCES `farm_table` (`farm_id`)
) ENGINE=InnoDB AUTO_INCREMENT=67 DEFAULT CHARSET=utf8mb4 COLLATE=utf8mb4_0900_ai_ci;
/*!40101 SET character_set_client = @saved_cs_client */;

--
-- Dumping data for table `farm_assignment`
--

LOCK TABLES `farm_assignment` WRITE;
/*!40000 ALTER TABLE `farm_assignment` DISABLE KEYS */;
INSERT INTO `farm_assignment` VALUES (45,4,54,'Active'),(46,5,54,'Active'),(47,7,54,'Active'),(48,8,55,'Active'),(49,11,55,'Active'),(50,17,55,'Active'),(51,4,55,'Active'),(52,6,55,'Active'),(53,9,56,'Active'),(54,22,56,'Active'),(55,23,56,'Active'),(56,13,56,'Active'),(57,18,57,'Active'),(58,10,57,'Active'),(59,20,58,'Active'),(60,21,58,'Active'),(61,12,58,'Active'),(64,24,55,'Active'),(65,25,54,'Active'),(66,26,55,'Active');
/*!40000 ALTER TABLE `farm_assignment` ENABLE KEYS */;
UNLOCK TABLES;

--
-- Table structure for table `farm_materials`
--

DROP TABLE IF EXISTS `farm_materials`;
/*!40101 SET @saved_cs_client     = @@character_set_client */;
/*!50503 SET character_set_client = utf8mb4 */;
CREATE TABLE `farm_materials` (
  `farm_mat_id` int NOT NULL AUTO_INCREMENT,
  `farm_id` int DEFAULT NULL,
  `item_id` int DEFAULT NULL,
  `item_type` enum('Pesticide','Fertilizer','Seed','Others') NOT NULL,
  `current_amount` float DEFAULT '0',
  `isActive` tinyint(1) DEFAULT '1',
  PRIMARY KEY (`farm_mat_id`),
  KEY `farm_id_idx` (`farm_id`),
  CONSTRAINT `farm_id` FOREIGN KEY (`farm_id`) REFERENCES `farm_table` (`farm_id`)
) ENGINE=InnoDB AUTO_INCREMENT=155 DEFAULT CHARSET=utf8mb4 COLLATE=utf8mb4_0900_ai_ci;
/*!40101 SET character_set_client = @saved_cs_client */;

--
-- Dumping data for table `farm_materials`
--

LOCK TABLES `farm_materials` WRITE;
/*!40000 ALTER TABLE `farm_materials` DISABLE KEYS */;
INSERT INTO `farm_materials` VALUES (80,54,4,'Seed',100,1),(81,54,5,'Seed',100,1),(82,54,6,'Seed',100,1),(83,54,7,'Seed',97,1),(84,54,8,'Seed',100,1),(85,54,6,'Pesticide',47,1),(86,54,7,'Pesticide',50,1),(87,54,8,'Pesticide',50,1),(88,54,9,'Pesticide',50,1),(89,54,10,'Pesticide',50,1),(90,54,11,'Pesticide',50,1),(91,54,12,'Pesticide',50,1),(92,54,1,'Fertilizer',52,1),(93,54,2,'Fertilizer',48,1),(94,55,7,'Fertilizer',84,1),(95,55,4,'Seed',97,1),(96,55,5,'Seed',100,1),(97,55,6,'Seed',100,1),(98,55,7,'Seed',100,1),(99,55,8,'Seed',100,1),(100,55,6,'Pesticide',47,1),(101,55,7,'Pesticide',50,1),(102,55,8,'Pesticide',50,1),(103,55,9,'Pesticide',50,1),(104,55,10,'Pesticide',50,1),(105,55,11,'Pesticide',50,1),(106,55,12,'Pesticide',50,1),(107,55,1,'Fertilizer',44,1),(108,55,2,'Fertilizer',50,1),(109,55,7,'Fertilizer',84,1),(110,56,4,'Seed',100,1),(111,56,5,'Seed',100,1),(112,56,6,'Seed',100,1),(113,56,7,'Seed',97,1),(114,56,8,'Seed',100,1),(115,56,6,'Pesticide',47,1),(116,56,7,'Pesticide',50,1),(117,56,8,'Pesticide',50,1),(118,56,9,'Pesticide',50,1),(119,56,10,'Pesticide',50,1),(120,56,11,'Pesticide',50,1),(121,56,12,'Pesticide',50,1),(122,56,1,'Fertilizer',30,1),(123,56,2,'Fertilizer',38,1),(124,56,7,'Fertilizer',80,1),(125,57,4,'Seed',100,1),(126,57,5,'Seed',100,1),(127,57,6,'Seed',100,1),(128,57,7,'Seed',100,1),(129,57,8,'Seed',94,1),(130,57,6,'Pesticide',47,1),(131,57,7,'Pesticide',50,1),(132,57,8,'Pesticide',50,1),(133,57,9,'Pesticide',50,1),(134,57,10,'Pesticide',50,1),(135,57,11,'Pesticide',50,1),(136,57,12,'Pesticide',50,1),(137,57,1,'Fertilizer',-12,1),(138,57,2,'Fertilizer',64,1),(139,57,7,'Fertilizer',64,1),(140,58,4,'Seed',100,1),(141,58,5,'Seed',100,1),(142,58,6,'Seed',100,1),(143,58,7,'Seed',100,1),(144,58,8,'Seed',97,1),(145,58,6,'Pesticide',47,1),(146,58,7,'Pesticide',50,1),(147,58,8,'Pesticide',50,1),(148,58,9,'Pesticide',50,1),(149,58,10,'Pesticide',50,1),(150,58,11,'Pesticide',50,1),(151,58,12,'Pesticide',50,1),(152,58,1,'Fertilizer',38,1),(153,58,2,'Fertilizer',58,1),(154,58,7,'Fertilizer',80,1);
/*!40000 ALTER TABLE `farm_materials` ENABLE KEYS */;
UNLOCK TABLES;

--
-- Table structure for table `farm_plots`
--

DROP TABLE IF EXISTS `farm_plots`;
/*!40101 SET @saved_cs_client     = @@character_set_client */;
/*!50503 SET character_set_client = utf8mb4 */;
CREATE TABLE `farm_plots` (
  `plot_id` int NOT NULL AUTO_INCREMENT,
  `farm_id` int NOT NULL,
  `x_coord` int NOT NULL,
  `y_coord` int NOT NULL,
  PRIMARY KEY (`plot_id`),
  UNIQUE KEY `plot_id_UNIQUE` (`plot_id`),
  KEY `plot_to_farm_idx` (`farm_id`),
  CONSTRAINT `plot_to_farm` FOREIGN KEY (`farm_id`) REFERENCES `farm_table` (`farm_id`)
) ENGINE=InnoDB AUTO_INCREMENT=9 DEFAULT CHARSET=utf8mb4 COLLATE=utf8mb4_0900_ai_ci;
/*!40101 SET character_set_client = @saved_cs_client */;

--
-- Dumping data for table `farm_plots`
--

LOCK TABLES `farm_plots` WRITE;
/*!40000 ALTER TABLE `farm_plots` DISABLE KEYS */;
/*!40000 ALTER TABLE `farm_plots` ENABLE KEYS */;
UNLOCK TABLES;

--
-- Table structure for table `farm_table`
--

DROP TABLE IF EXISTS `farm_table`;
/*!40101 SET @saved_cs_client     = @@character_set_client */;
/*!50503 SET character_set_client = utf8mb4 */;
CREATE TABLE `farm_table` (
  `farm_id` int NOT NULL AUTO_INCREMENT,
  `farm_name` varchar(45) NOT NULL,
  `farm_desc` varchar(45) DEFAULT NULL,
  `farm_area` float DEFAULT NULL,
  `land_type` enum('Lowland','Upland') NOT NULL DEFAULT 'Lowland',
  `status` enum('Active','Inactive','In-Progress') DEFAULT 'Active',
  PRIMARY KEY (`farm_id`),
  UNIQUE KEY `farm_id_UNIQUE` (`farm_id`),
  UNIQUE KEY `farm_name_UNIQUE` (`farm_name`)
) ENGINE=InnoDB AUTO_INCREMENT=62 DEFAULT CHARSET=utf8mb4 COLLATE=utf8mb4_0900_ai_ci;
/*!40101 SET character_set_client = @saved_cs_client */;

--
-- Dumping data for table `farm_table`
--

LOCK TABLES `farm_table` WRITE;
/*!40000 ALTER TABLE `farm_table` DISABLE KEYS */;
INSERT INTO `farm_table` VALUES (54,'Socoro Farm 1 (Scenario 2)','This is the first farm created by the system',2.65,'Lowland','Active'),(55,'LA Farm WEST (Scenario 1)','This is the farm from the WEST',2.45,'Upland','Active'),(56,'LA Farm EAST','Farm from the EAST side of Socorro',3.04,'Lowland','Active'),(57,'LA Farm NORTH','Farm from the NORTH',5.78,'Lowland','Active'),(58,'LA Farm SOUTH (Scenario 3)','This is the SOUTHERN farm',3.18,'Lowland','Active');
/*!40000 ALTER TABLE `farm_table` ENABLE KEYS */;
UNLOCK TABLES;

--
-- Table structure for table `farm_types`
--

DROP TABLE IF EXISTS `farm_types`;
/*!40101 SET @saved_cs_client     = @@character_set_client */;
/*!50503 SET character_set_client = utf8mb4 */;
CREATE TABLE `farm_types` (
  `farm_type_id` int NOT NULL AUTO_INCREMENT,
  `farm_type` varchar(45) NOT NULL,
  `farm_type_desc` tinytext NOT NULL,
  PRIMARY KEY (`farm_type_id`),
  UNIQUE KEY `farm_type_UNIQUE` (`farm_type`)
) ENGINE=InnoDB AUTO_INCREMENT=7 DEFAULT CHARSET=utf8mb4 COLLATE=utf8mb4_0900_ai_ci;
/*!40101 SET character_set_client = @saved_cs_client */;

--
-- Dumping data for table `farm_types`
--

LOCK TABLES `farm_types` WRITE;
/*!40000 ALTER TABLE `farm_types` DISABLE KEYS */;
INSERT INTO `farm_types` VALUES (1,'Upland','The farm is upland'),(2,'Lowland','The farm is lowland'),(3,'Irrigation','The farm is irrigated'),(4,'Rainfed','The farm is rainfed'),(5,'Transplanting','Planting method used is transplanting'),(6,'Direct Seeding','Direct seeding is the method used for sowing.');
/*!40000 ALTER TABLE `farm_types` ENABLE KEYS */;
UNLOCK TABLES;

--
-- Table structure for table `farm_types_disease`
--

DROP TABLE IF EXISTS `farm_types_disease`;
/*!40101 SET @saved_cs_client     = @@character_set_client */;
/*!50503 SET character_set_client = utf8mb4 */;
CREATE TABLE `farm_types_disease` (
  `farm_types_disease_id` int NOT NULL AUTO_INCREMENT,
  `farm_type_id` int NOT NULL,
  `disease_id` int NOT NULL,
  PRIMARY KEY (`farm_types_disease_id`),
  KEY `fk_farm_types_has_disease_table_disease_table1_idx` (`disease_id`),
  KEY `fk_farm_types_has_disease_table_farm_types1_idx` (`farm_type_id`),
  CONSTRAINT `fk_farm_types_has_disease_table_disease_table1` FOREIGN KEY (`disease_id`) REFERENCES `disease_table` (`disease_id`),
  CONSTRAINT `fk_farm_types_has_disease_table_farm_types1` FOREIGN KEY (`farm_type_id`) REFERENCES `farm_types` (`farm_type_id`)
) ENGINE=InnoDB AUTO_INCREMENT=7 DEFAULT CHARSET=utf8mb4 COLLATE=utf8mb4_0900_ai_ci;
/*!40101 SET character_set_client = @saved_cs_client */;

--
-- Dumping data for table `farm_types_disease`
--

LOCK TABLES `farm_types_disease` WRITE;
/*!40000 ALTER TABLE `farm_types_disease` DISABLE KEYS */;
INSERT INTO `farm_types_disease` VALUES (3,2,1),(4,3,1),(5,4,1),(6,4,7);
/*!40000 ALTER TABLE `farm_types_disease` ENABLE KEYS */;
UNLOCK TABLES;

--
-- Table structure for table `farmer_queries`
--

DROP TABLE IF EXISTS `farmer_queries`;
/*!40101 SET @saved_cs_client     = @@character_set_client */;
/*!50503 SET character_set_client = utf8mb4 */;
CREATE TABLE `farmer_queries` (
  `query_id` int NOT NULL AUTO_INCREMENT,
  `employee_id` int NOT NULL,
  `message` mediumtext,
  PRIMARY KEY (`query_id`),
  KEY `farmer_ref_idx` (`employee_id`),
  CONSTRAINT `farmer_ref` FOREIGN KEY (`employee_id`) REFERENCES `employee_table` (`employee_id`)
) ENGINE=InnoDB DEFAULT CHARSET=utf8mb4 COLLATE=utf8mb4_0900_ai_ci;
/*!40101 SET character_set_client = @saved_cs_client */;

--
-- Dumping data for table `farmer_queries`
--

LOCK TABLES `farmer_queries` WRITE;
/*!40000 ALTER TABLE `farmer_queries` DISABLE KEYS */;
/*!40000 ALTER TABLE `farmer_queries` ENABLE KEYS */;
UNLOCK TABLES;

--
-- Table structure for table `farmtypes_pest`
--

DROP TABLE IF EXISTS `farmtypes_pest`;
/*!40101 SET @saved_cs_client     = @@character_set_client */;
/*!50503 SET character_set_client = utf8mb4 */;
CREATE TABLE `farmtypes_pest` (
  `farmtypes_pest_id` int NOT NULL AUTO_INCREMENT,
  `farm_type_id` int NOT NULL,
  `pest_id` int NOT NULL,
  PRIMARY KEY (`farmtypes_pest_id`),
  KEY `fk_farm_types_has_pest_table_pest_table1_idx_idx` (`pest_id`),
  KEY `fk_farm_types_has_pest_table_farm_types1_idx` (`farm_type_id`),
  CONSTRAINT `fk_farm_types_has_pest_table_farm_types1` FOREIGN KEY (`farm_type_id`) REFERENCES `farm_table` (`farm_id`),
  CONSTRAINT `fk_farm_types_has_pest_table_pest_table1_idx` FOREIGN KEY (`pest_id`) REFERENCES `pest_table` (`pest_id`)
) ENGINE=InnoDB AUTO_INCREMENT=23 DEFAULT CHARSET=utf8mb4 COLLATE=utf8mb4_0900_ai_ci;
/*!40101 SET character_set_client = @saved_cs_client */;

--
-- Dumping data for table `farmtypes_pest`
--

LOCK TABLES `farmtypes_pest` WRITE;
/*!40000 ALTER TABLE `farmtypes_pest` DISABLE KEYS */;
INSERT INTO `farmtypes_pest` VALUES (6,3,1),(7,3,2),(8,4,2),(9,6,2),(10,6,3),(11,3,3),(12,5,3),(13,1,5),(14,4,5),(15,1,6),(16,4,7),(17,6,7),(18,4,8),(19,3,9),(20,4,9),(21,3,10),(22,6,10);
/*!40000 ALTER TABLE `farmtypes_pest` ENABLE KEYS */;
UNLOCK TABLES;

--
-- Table structure for table `fertilizer_disease`
--

DROP TABLE IF EXISTS `fertilizer_disease`;
/*!40101 SET @saved_cs_client     = @@character_set_client */;
/*!50503 SET character_set_client = utf8mb4 */;
CREATE TABLE `fertilizer_disease` (
  `fertilizer_disease_id` int NOT NULL,
  `fertilizier_id` int NOT NULL,
  `disease_id` int NOT NULL,
  PRIMARY KEY (`fertilizer_disease_id`),
  KEY `fk_fertilizer_table_has_disease_table_disease_table1_idx` (`disease_id`),
  KEY `fk_fertilizer_table_has_disease_table_fertilizer_table1_idx` (`fertilizier_id`),
  CONSTRAINT `fk_fertilizer_table_has_disease_table_disease_table1` FOREIGN KEY (`disease_id`) REFERENCES `disease_table` (`disease_id`),
  CONSTRAINT `fk_fertilizer_table_has_disease_table_fertilizer_table1` FOREIGN KEY (`fertilizier_id`) REFERENCES `fertilizer_table` (`fertilizer_id`)
) ENGINE=InnoDB DEFAULT CHARSET=utf8mb4 COLLATE=utf8mb4_0900_ai_ci;
/*!40101 SET character_set_client = @saved_cs_client */;

--
-- Dumping data for table `fertilizer_disease`
--

LOCK TABLES `fertilizer_disease` WRITE;
/*!40000 ALTER TABLE `fertilizer_disease` DISABLE KEYS */;
/*!40000 ALTER TABLE `fertilizer_disease` ENABLE KEYS */;
UNLOCK TABLES;

--
-- Table structure for table `fertilizer_elements`
--

DROP TABLE IF EXISTS `fertilizer_elements`;
/*!40101 SET @saved_cs_client     = @@character_set_client */;
/*!50503 SET character_set_client = utf8mb4 */;
CREATE TABLE `fertilizer_elements` (
  `fertilizer_elements` int NOT NULL AUTO_INCREMENT,
  `fertilizer_id` int NOT NULL,
  `element_id` int NOT NULL,
  `amount` float DEFAULT NULL,
  PRIMARY KEY (`fertilizer_elements`),
  KEY `fk_fertilizer_table_has_element_table_element_table1_idx` (`element_id`),
  KEY `fk_fertilizer_table_has_element_table_fertilizer_table1` (`fertilizer_id`),
  CONSTRAINT `fk_fertilizer_table_has_element_table_element_table1` FOREIGN KEY (`element_id`) REFERENCES `element_table` (`element_id`),
  CONSTRAINT `fk_fertilizer_table_has_element_table_fertilizer_table1` FOREIGN KEY (`fertilizer_id`) REFERENCES `fertilizer_table` (`fertilizer_id`)
) ENGINE=InnoDB DEFAULT CHARSET=utf8mb4 COLLATE=utf8mb4_0900_ai_ci;
/*!40101 SET character_set_client = @saved_cs_client */;

--
-- Dumping data for table `fertilizer_elements`
--

LOCK TABLES `fertilizer_elements` WRITE;
/*!40000 ALTER TABLE `fertilizer_elements` DISABLE KEYS */;
/*!40000 ALTER TABLE `fertilizer_elements` ENABLE KEYS */;
UNLOCK TABLES;

--
-- Table structure for table `fertilizer_pest`
--

DROP TABLE IF EXISTS `fertilizer_pest`;
/*!40101 SET @saved_cs_client     = @@character_set_client */;
/*!50503 SET character_set_client = utf8mb4 */;
CREATE TABLE `fertilizer_pest` (
  `fertilizer_pest_id` int NOT NULL AUTO_INCREMENT,
  `pest_id` int NOT NULL,
  `fertilizer_id` int NOT NULL,
  PRIMARY KEY (`fertilizer_pest_id`),
  KEY `fk_pest_table_has_fertilizer_table_fertilizer_table1_idx` (`fertilizer_id`),
  KEY `fk_pest_table_has_fertilizer_table_pest_table1_idx` (`pest_id`),
  CONSTRAINT `fk_pest_table_has_fertilizer_table_fertilizer_table1` FOREIGN KEY (`fertilizer_id`) REFERENCES `fertilizer_table` (`fertilizer_id`),
  CONSTRAINT `fk_pest_table_has_fertilizer_table_pest_table1` FOREIGN KEY (`pest_id`) REFERENCES `pest_table` (`pest_id`)
) ENGINE=InnoDB DEFAULT CHARSET=utf8mb4 COLLATE=utf8mb4_0900_ai_ci;
/*!40101 SET character_set_client = @saved_cs_client */;

--
-- Dumping data for table `fertilizer_pest`
--

LOCK TABLES `fertilizer_pest` WRITE;
/*!40000 ALTER TABLE `fertilizer_pest` DISABLE KEYS */;
/*!40000 ALTER TABLE `fertilizer_pest` ENABLE KEYS */;
UNLOCK TABLES;

--
-- Table structure for table `fertilizer_recommendation_items`
--

DROP TABLE IF EXISTS `fertilizer_recommendation_items`;
/*!40101 SET @saved_cs_client     = @@character_set_client */;
/*!50503 SET character_set_client = utf8mb4 */;
CREATE TABLE `fertilizer_recommendation_items` (
  `fr_item_id` int NOT NULL AUTO_INCREMENT,
  `fr_plan_id` int NOT NULL,
  `target_application_date` date NOT NULL,
  `fertilizer_id` int NOT NULL,
  `description` varchar(100) DEFAULT NULL,
  `amount` float NOT NULL,
  `nutrient` enum('N','P','K') NOT NULL,
  `isCreated` tinyint NOT NULL,
  `wo_id` int DEFAULT NULL,
  `last_updated` date DEFAULT NULL,
  PRIMARY KEY (`fr_item_id`),
  UNIQUE KEY `fr_item_id_UNIQUE` (`fr_item_id`),
  KEY `fr_plan_id_idx` (`fr_plan_id`),
  KEY `wo_id_idx` (`wo_id`),
  CONSTRAINT `fr_plan_id` FOREIGN KEY (`fr_plan_id`) REFERENCES `fertilizer_recommendation_plan` (`fr_plan_id`),
  CONSTRAINT `wo_id` FOREIGN KEY (`wo_id`) REFERENCES `work_order_table` (`work_order_id`)
) ENGINE=InnoDB AUTO_INCREMENT=566 DEFAULT CHARSET=utf8mb4 COLLATE=utf8mb4_0900_ai_ci;
/*!40101 SET character_set_client = @saved_cs_client */;

--
-- Dumping data for table `fertilizer_recommendation_items`
--

LOCK TABLES `fertilizer_recommendation_items` WRITE;
/*!40000 ALTER TABLE `fertilizer_recommendation_items` DISABLE KEYS */;
INSERT INTO `fertilizer_recommendation_items` VALUES (301,55,'2019-05-30',2,'Phosphorous Application (P)',18,'P',0,NULL,NULL),(302,55,'2019-05-30',7,'Basal Potassium Application (K)',6,'K',0,NULL,NULL),(303,55,'2019-06-01',1,'Tillering Nitrogen Application (N)',3,'N',0,NULL,NULL),(304,55,'2019-06-07',1,'Midtillering Nitrogen Application (N)',3,'N',0,NULL,NULL),(305,55,'2019-06-27',7,'Early Panicle Potassium Application (K)',6,'K',0,NULL,NULL),(306,55,'2019-06-27',1,'Panicle Nitrogen Application (N)',3,'N',0,NULL,NULL),(307,55,'2019-07-17',1,'Flowering Nitrogen Application (N)',1,'N',0,NULL,NULL),(308,56,'2019-05-30',2,'Phosphorous Application (P)',17,'P',0,NULL,NULL),(309,56,'2019-05-30',7,'Basal Potassium Application (K)',6,'K',0,NULL,NULL),(310,56,'2019-06-01',1,'Tillering Nitrogen Application (N)',3,'N',0,NULL,NULL),(311,56,'2019-06-07',1,'Midtillering Nitrogen Application (N)',3,'N',0,NULL,NULL),(312,56,'2019-06-27',7,'Early Panicle Potassium Application (K)',6,'K',0,NULL,NULL),(313,56,'2019-06-27',1,'Panicle Nitrogen Application (N)',3,'N',0,NULL,NULL),(314,56,'2019-07-17',1,'Flowering Nitrogen Application (N)',1,'N',0,NULL,NULL),(315,57,'2019-05-30',2,'Phosphorous Application (P)',21,'P',0,NULL,NULL),(316,57,'2019-05-30',7,'Basal Potassium Application (K)',7,'K',0,NULL,NULL),(317,57,'2019-06-01',1,'Tillering Nitrogen Application (N)',3,'N',0,NULL,NULL),(318,57,'2019-06-07',1,'Midtillering Nitrogen Application (N)',4,'N',0,NULL,NULL),(319,57,'2019-06-27',7,'Early Panicle Potassium Application (K)',7,'K',0,NULL,NULL),(320,57,'2019-06-27',1,'Panicle Nitrogen Application (N)',3,'N',0,NULL,NULL),(321,57,'2019-07-17',1,'Flowering Nitrogen Application (N)',1,'N',0,NULL,NULL),(322,58,'2019-06-03',1,'Basal Nitrogen Application (N)',2,'N',0,NULL,NULL),(323,58,'2019-06-13',7,'Basal Potassium Application (K)',13,'K',0,NULL,NULL),(324,58,'2019-06-17',1,'Tillering Nitrogen Application (N)',3,'N',0,NULL,NULL),(325,58,'2019-06-23',1,'Midtillering Nitrogen Application (N)',3,'N',0,NULL,NULL),(326,58,'2019-07-13',7,'Early Panicle Potassium Application (K)',13,'K',0,NULL,NULL),(327,58,'2019-07-13',1,'Panicle Nitrogen Application (N)',3,'N',0,NULL,NULL),(328,58,'2019-07-18',2,'Phosphorous Application (P)',39,'P',0,NULL,NULL),(329,58,'2019-08-02',1,'Flowering Nitrogen Application (N)',1,'N',0,NULL,NULL),(330,59,'2019-06-03',1,'Basal Nitrogen Application (N)',2,'N',0,NULL,NULL),(331,59,'2019-06-13',7,'Basal Potassium Application (K)',8,'K',0,NULL,NULL),(332,59,'2019-06-17',1,'Tillering Nitrogen Application (N)',3,'N',0,NULL,NULL),(333,59,'2019-06-23',1,'Midtillering Nitrogen Application (N)',4,'N',0,NULL,NULL),(334,59,'2019-07-13',7,'Early Panicle Potassium Application (K)',8,'K',0,NULL,NULL),(335,59,'2019-07-13',1,'Panicle Nitrogen Application (N)',3,'N',0,NULL,NULL),(336,59,'2019-07-18',2,'Phosphorous Application (P)',22,'P',0,NULL,NULL),(337,59,'2019-08-02',1,'Flowering Nitrogen Application (N)',1,'N',0,NULL,NULL),(338,57,'2019-06-06',1,'Midtillering Nitrogen Application (N)',3,'N',0,NULL,NULL),(339,55,'2019-06-07',1,'Basal Nitrogen Application (N)',2,'N',0,NULL,NULL),(340,56,'2019-06-07',1,'Basal Nitrogen Application (N)',2,'N',0,NULL,NULL),(341,57,'2019-06-07',1,'Basal Nitrogen Application (N)',2,'N',0,NULL,NULL),(342,55,'2019-07-01',1,'Midtillering Nitrogen Application (N)',4,'N',0,NULL,NULL),(343,60,'2019-12-26',2,'Phosphorous Application (P)',18,'P',0,NULL,NULL),(344,60,'2019-12-26',7,'Basal Potassium Application (K)',6,'K',0,NULL,NULL),(345,60,'2019-12-28',1,'Tillering Nitrogen Application (N)',3,'N',0,NULL,NULL),(346,60,'2020-01-03',1,'Midtillering Nitrogen Application (N)',3,'N',0,NULL,NULL),(347,60,'2020-01-23',7,'Early Panicle Potassium Application (K)',6,'K',0,NULL,NULL),(348,60,'2020-01-23',1,'Panicle Nitrogen Application (N)',3,'N',0,NULL,NULL),(349,60,'2020-02-12',1,'Flowering Nitrogen Application (N)',1,'N',0,NULL,NULL),(350,61,'2019-12-26',2,'Phosphorous Application (P)',17,'P',0,NULL,NULL),(351,61,'2019-12-26',7,'Basal Potassium Application (K)',6,'K',0,NULL,NULL),(352,61,'2019-12-28',1,'Tillering Nitrogen Application (N)',3,'N',0,NULL,NULL),(353,61,'2020-01-03',1,'Midtillering Nitrogen Application (N)',3,'N',0,NULL,NULL),(354,61,'2020-01-23',7,'Early Panicle Potassium Application (K)',6,'K',0,NULL,NULL),(355,61,'2020-01-23',1,'Panicle Nitrogen Application (N)',3,'N',0,NULL,NULL),(356,61,'2020-02-12',1,'Flowering Nitrogen Application (N)',1,'N',0,NULL,NULL),(357,62,'2019-12-26',2,'Phosphorous Application (P)',21,'P',0,NULL,NULL),(358,62,'2019-12-26',7,'Basal Potassium Application (K)',7,'K',0,NULL,NULL),(359,62,'2019-12-28',1,'Tillering Nitrogen Application (N)',3,'N',0,NULL,NULL),(360,62,'2020-01-03',1,'Midtillering Nitrogen Application (N)',3,'N',0,NULL,NULL),(361,62,'2020-01-23',7,'Early Panicle Potassium Application (K)',7,'K',0,NULL,NULL),(362,62,'2020-01-23',1,'Panicle Nitrogen Application (N)',3,'N',0,NULL,NULL),(363,62,'2020-02-12',1,'Flowering Nitrogen Application (N)',1,'N',0,NULL,NULL),(364,63,'2019-12-05',2,'Phosphorous Application (P)',18,'P',0,NULL,NULL),(365,63,'2019-12-05',7,'Basal Potassium Application (K)',6,'K',0,NULL,NULL),(366,63,'2019-12-07',1,'Tillering Nitrogen Application (N)',3,'N',0,NULL,NULL),(367,63,'2019-12-13',1,'Midtillering Nitrogen Application (N)',3,'N',0,NULL,NULL),(368,63,'2020-01-02',7,'Early Panicle Potassium Application (K)',6,'K',0,NULL,NULL),(369,63,'2020-01-02',1,'Panicle Nitrogen Application (N)',3,'N',0,NULL,NULL),(370,63,'2020-01-22',1,'Flowering Nitrogen Application (N)',1,'N',0,NULL,NULL),(371,64,'2019-12-05',2,'Phosphorous Application (P)',17,'P',0,NULL,NULL),(372,64,'2019-12-05',7,'Basal Potassium Application (K)',6,'K',0,NULL,NULL),(373,64,'2019-12-07',1,'Tillering Nitrogen Application (N)',3,'N',0,NULL,NULL),(374,64,'2019-12-13',1,'Midtillering Nitrogen Application (N)',3,'N',0,NULL,NULL),(375,64,'2020-01-02',7,'Early Panicle Potassium Application (K)',6,'K',0,NULL,NULL),(376,64,'2020-01-02',1,'Panicle Nitrogen Application (N)',3,'N',0,NULL,NULL),(377,64,'2020-01-22',1,'Flowering Nitrogen Application (N)',1,'N',0,NULL,NULL),(378,65,'2019-12-05',2,'Phosphorous Application (P)',21,'P',0,NULL,NULL),(379,65,'2019-12-05',7,'Basal Potassium Application (K)',7,'K',0,NULL,NULL),(380,65,'2019-12-07',1,'Tillering Nitrogen Application (N)',3,'N',0,NULL,NULL),(381,65,'2019-12-13',1,'Midtillering Nitrogen Application (N)',3,'N',0,NULL,NULL),(382,65,'2020-01-02',7,'Early Panicle Potassium Application (K)',7,'K',0,NULL,NULL),(383,65,'2020-01-02',1,'Panicle Nitrogen Application (N)',3,'N',0,NULL,NULL),(384,65,'2020-01-22',1,'Flowering Nitrogen Application (N)',1,'N',0,NULL,NULL),(385,66,'2019-12-09',1,'Basal Nitrogen Application (N)',2,'N',0,NULL,NULL),(386,66,'2019-12-19',7,'Basal Potassium Application (K)',13,'K',0,NULL,NULL),(387,66,'2019-12-23',1,'Tillering Nitrogen Application (N)',3,'N',0,NULL,NULL),(388,66,'2019-12-29',1,'Midtillering Nitrogen Application (N)',3,'N',0,NULL,NULL),(389,66,'2020-01-18',7,'Early Panicle Potassium Application (K)',13,'K',0,NULL,NULL),(390,66,'2020-01-18',1,'Panicle Nitrogen Application (N)',3,'N',0,NULL,NULL),(391,66,'2020-01-24',2,'Phosphorous Application (P)',39,'P',0,NULL,NULL),(392,66,'2020-02-07',1,'Flowering Nitrogen Application (N)',1,'N',0,NULL,NULL),(393,67,'2019-12-09',1,'Basal Nitrogen Application (N)',2,'N',0,NULL,NULL),(394,67,'2019-12-19',7,'Basal Potassium Application (K)',8,'K',0,NULL,NULL),(395,67,'2019-12-23',1,'Tillering Nitrogen Application (N)',3,'N',0,NULL,NULL),(396,67,'2019-12-29',1,'Midtillering Nitrogen Application (N)',4,'N',0,NULL,NULL),(397,67,'2020-01-18',7,'Early Panicle Potassium Application (K)',8,'K',0,NULL,NULL),(398,67,'2020-01-18',1,'Panicle Nitrogen Application (N)',3,'N',0,NULL,NULL),(399,67,'2020-01-24',2,'Phosphorous Application (P)',22,'P',0,NULL,NULL),(400,67,'2020-02-07',1,'Flowering Nitrogen Application (N)',1,'N',0,NULL,NULL),(401,65,'2019-12-12',1,'Midtillering Nitrogen Application (N)',4,'N',0,NULL,NULL),(402,67,'2019-12-28',1,'Midtillering Nitrogen Application (N)',3,'N',0,NULL,NULL),(403,63,'2019-12-12',1,'Midtillering Nitrogen Application (N)',4,'N',0,NULL,NULL),(404,63,'2019-12-13',1,'Basal Nitrogen Application (N)',2,'N',0,NULL,NULL),(405,64,'2019-12-13',1,'Basal Nitrogen Application (N)',2,'N',0,NULL,NULL),(406,65,'2019-12-13',1,'Basal Nitrogen Application (N)',2,'N',0,NULL,NULL),(407,64,'2019-12-28',1,'Midtillering Nitrogen Application (N)',4,'N',0,NULL,NULL),(408,66,'2019-12-23',1,'Midtillering Nitrogen Application (N)',4,'N',0,NULL,NULL),(416,69,'2020-05-30',2,'Phosphorous Application (P)',18,'P',0,NULL,NULL),(417,69,'2020-05-30',7,'Basal Potassium Application (K)',6,'K',0,NULL,NULL),(418,69,'2020-06-01',1,'Tillering Nitrogen Application (N)',3,'N',0,NULL,NULL),(419,69,'2020-06-07',1,'Midtillering Nitrogen Application (N)',3,'N',0,NULL,NULL),(420,69,'2020-06-27',7,'Early Panicle Potassium Application (K)',6,'K',0,NULL,NULL),(421,69,'2020-06-27',1,'Panicle Nitrogen Application (N)',3,'N',0,NULL,NULL),(422,69,'2020-07-17',1,'Flowering Nitrogen Application (N)',1,'N',0,NULL,NULL),(423,70,'2020-05-30',2,'Phosphorous Application (P)',17,'P',0,NULL,NULL),(424,70,'2020-05-30',7,'Basal Potassium Application (K)',6,'K',0,NULL,NULL),(425,70,'2020-06-01',1,'Tillering Nitrogen Application (N)',3,'N',0,NULL,NULL),(426,70,'2020-06-07',1,'Midtillering Nitrogen Application (N)',3,'N',0,NULL,NULL),(427,70,'2020-06-27',7,'Early Panicle Potassium Application (K)',6,'K',0,NULL,NULL),(428,70,'2020-06-27',1,'Panicle Nitrogen Application (N)',3,'N',0,NULL,NULL),(429,70,'2020-07-17',1,'Flowering Nitrogen Application (N)',1,'N',0,NULL,NULL),(430,71,'2020-05-30',2,'Phosphorous Application (P)',21,'P',0,NULL,NULL),(431,71,'2020-05-30',7,'Basal Potassium Application (K)',7,'K',0,NULL,NULL),(432,71,'2020-06-01',1,'Tillering Nitrogen Application (N)',3,'N',0,NULL,NULL),(433,71,'2020-06-07',1,'Midtillering Nitrogen Application (N)',3,'N',0,NULL,NULL),(434,71,'2020-06-27',7,'Early Panicle Potassium Application (K)',7,'K',0,NULL,NULL),(435,71,'2020-06-27',1,'Panicle Nitrogen Application (N)',3,'N',0,NULL,NULL),(436,71,'2020-07-17',1,'Flowering Nitrogen Application (N)',1,'N',0,NULL,NULL),(437,72,'2020-06-03',1,'Basal Nitrogen Application (N)',2,'N',0,NULL,NULL),(438,72,'2020-06-13',7,'Basal Potassium Application (K)',13,'K',0,NULL,NULL),(439,72,'2020-06-17',1,'Tillering Nitrogen Application (N)',3,'N',0,NULL,NULL),(440,72,'2020-06-23',1,'Midtillering Nitrogen Application (N)',3,'N',0,NULL,NULL),(441,72,'2020-07-13',7,'Early Panicle Potassium Application (K)',13,'K',0,NULL,NULL),(442,72,'2020-07-13',1,'Panicle Nitrogen Application (N)',3,'N',0,NULL,NULL),(443,72,'2020-07-18',2,'Phosphorous Application (P)',39,'P',0,NULL,NULL),(444,72,'2020-08-02',1,'Flowering Nitrogen Application (N)',1,'N',0,NULL,NULL),(445,73,'2020-06-03',1,'Basal Nitrogen Application (N)',2,'N',0,NULL,NULL),(446,73,'2020-06-13',7,'Basal Potassium Application (K)',8,'K',0,NULL,NULL),(447,73,'2020-06-17',1,'Tillering Nitrogen Application (N)',3,'N',0,NULL,NULL),(448,73,'2020-06-23',1,'Midtillering Nitrogen Application (N)',3,'N',0,NULL,NULL),(449,73,'2020-07-13',7,'Early Panicle Potassium Application (K)',8,'K',0,NULL,NULL),(450,73,'2020-07-13',1,'Panicle Nitrogen Application (N)',3,'N',0,NULL,NULL),(451,73,'2020-07-18',2,'Phosphorous Application (P)',22,'P',0,NULL,NULL),(452,73,'2020-08-02',1,'Flowering Nitrogen Application (N)',1,'N',0,NULL,NULL),(453,73,'2020-06-19',1,'Midtillering Nitrogen Application (N)',4,'N',0,NULL,NULL),(454,74,'2020-11-30',2,'Phosphorous Application (P)',18,'P',0,NULL,NULL),(455,74,'2020-11-30',7,'Basal Potassium Application (K)',6,'K',0,NULL,NULL),(456,74,'2020-12-02',1,'Tillering Nitrogen Application (N)',3,'N',0,NULL,NULL),(457,74,'2020-12-08',1,'Midtillering Nitrogen Application (N)',3,'N',0,NULL,NULL),(458,74,'2020-12-28',7,'Early Panicle Potassium Application (K)',6,'K',0,NULL,NULL),(459,74,'2020-12-28',1,'Panicle Nitrogen Application (N)',3,'N',0,NULL,NULL),(460,74,'2021-01-17',1,'Flowering Nitrogen Application (N)',1,'N',0,NULL,NULL),(461,75,'2020-11-30',2,'Phosphorous Application (P)',17,'P',0,NULL,NULL),(462,75,'2020-11-30',7,'Basal Potassium Application (K)',6,'K',0,NULL,NULL),(463,75,'2020-12-02',1,'Tillering Nitrogen Application (N)',3,'N',0,NULL,NULL),(464,75,'2020-12-08',1,'Midtillering Nitrogen Application (N)',3,'N',0,NULL,NULL),(465,75,'2020-12-28',7,'Early Panicle Potassium Application (K)',6,'K',0,NULL,NULL),(466,75,'2020-12-28',1,'Panicle Nitrogen Application (N)',3,'N',0,NULL,NULL),(467,75,'2021-01-17',1,'Flowering Nitrogen Application (N)',1,'N',0,NULL,NULL),(468,76,'2020-11-30',2,'Phosphorous Application (P)',21,'P',0,NULL,NULL),(469,76,'2020-11-30',7,'Basal Potassium Application (K)',7,'K',0,NULL,NULL),(470,76,'2020-12-02',1,'Tillering Nitrogen Application (N)',3,'N',0,NULL,NULL),(471,76,'2020-12-08',1,'Midtillering Nitrogen Application (N)',4,'N',0,NULL,NULL),(472,76,'2020-12-28',7,'Early Panicle Potassium Application (K)',7,'K',0,NULL,NULL),(473,76,'2020-12-28',1,'Panicle Nitrogen Application (N)',3,'N',0,NULL,NULL),(474,76,'2021-01-17',1,'Flowering Nitrogen Application (N)',1,'N',0,NULL,NULL),(475,77,'2020-12-04',1,'Basal Nitrogen Application (N)',2,'N',0,NULL,NULL),(476,77,'2020-12-14',7,'Basal Potassium Application (K)',13,'K',0,NULL,NULL),(477,77,'2020-12-18',1,'Tillering Nitrogen Application (N)',3,'N',0,NULL,NULL),(478,77,'2020-12-24',1,'Midtillering Nitrogen Application (N)',3,'N',0,NULL,NULL),(479,77,'2021-01-13',7,'Early Panicle Potassium Application (K)',13,'K',0,NULL,NULL),(480,77,'2021-01-13',1,'Panicle Nitrogen Application (N)',3,'N',0,NULL,NULL),(481,77,'2021-01-19',2,'Phosphorous Application (P)',39,'P',0,NULL,NULL),(482,77,'2021-02-02',1,'Flowering Nitrogen Application (N)',1,'N',0,NULL,NULL),(483,78,'2020-12-04',1,'Basal Nitrogen Application (N)',2,'N',0,NULL,NULL),(484,78,'2020-12-14',7,'Basal Potassium Application (K)',8,'K',0,NULL,NULL),(485,78,'2020-12-18',1,'Tillering Nitrogen Application (N)',3,'N',0,NULL,NULL),(486,78,'2020-12-24',1,'Midtillering Nitrogen Application (N)',4,'N',0,NULL,NULL),(487,78,'2021-01-13',7,'Early Panicle Potassium Application (K)',8,'K',0,NULL,NULL),(488,78,'2021-01-13',1,'Panicle Nitrogen Application (N)',3,'N',0,NULL,NULL),(489,78,'2021-01-19',2,'Phosphorous Application (P)',22,'P',0,NULL,NULL),(490,78,'2021-02-02',1,'Flowering Nitrogen Application (N)',1,'N',0,NULL,NULL),(491,79,'2021-05-31',2,'Phosphorous Application (P)',18,'P',1,984,NULL),(492,79,'2021-05-31',7,'Basal Potassium Application (K)',6,'K',1,985,NULL),(493,79,'2021-06-02',1,'Tillering Nitrogen Application (N)',3,'N',1,986,NULL),(494,79,'2021-06-08',1,'Midtillering Nitrogen Application (N)',3,'N',1,987,NULL),(495,79,'2021-06-28',7,'Early Panicle Potassium Application (K)',6,'K',1,988,NULL),(496,79,'2021-06-28',1,'Panicle Nitrogen Application (N)',3,'N',1,989,NULL),(497,79,'2021-07-18',1,'Flowering Nitrogen Application (N)',1,'N',1,990,NULL),(498,80,'2021-05-31',2,'Phosphorous Application (P)',17,'P',1,994,NULL),(499,80,'2021-05-31',7,'Basal Potassium Application (K)',6,'K',1,995,NULL),(500,80,'2021-06-02',1,'Tillering Nitrogen Application (N)',3,'N',1,996,NULL),(501,80,'2021-06-08',1,'Midtillering Nitrogen Application (N)',3,'N',1,997,NULL),(502,80,'2021-06-28',7,'Early Panicle Potassium Application (K)',6,'K',1,998,NULL),(503,80,'2021-06-28',1,'Panicle Nitrogen Application (N)',3,'N',1,999,NULL),(504,80,'2021-07-18',1,'Flowering Nitrogen Application (N)',1,'N',1,1000,NULL),(505,81,'2021-05-31',2,'Phosphorous Application (P)',21,'P',1,1004,NULL),(506,81,'2021-05-31',7,'Basal Potassium Application (K)',7,'K',1,1005,NULL),(507,81,'2021-06-02',1,'Tillering Nitrogen Application (N)',3,'N',1,1006,NULL),(508,81,'2021-06-08',1,'Midtillering Nitrogen Application (N)',3,'N',1,1007,NULL),(509,81,'2021-06-28',7,'Early Panicle Potassium Application (K)',7,'K',1,1008,NULL),(510,81,'2021-06-28',1,'Panicle Nitrogen Application (N)',3,'N',1,1009,NULL),(511,81,'2021-07-18',1,'Flowering Nitrogen Application (N)',1,'N',1,1010,NULL),(512,82,'2021-06-04',1,'Basal Nitrogen Application (N)',2,'N',1,1014,NULL),(513,82,'2021-06-14',7,'Basal Potassium Application (K)',13,'K',1,1015,NULL),(514,82,'2021-06-18',1,'Tillering Nitrogen Application (N)',3,'N',1,1016,NULL),(515,82,'2021-06-24',1,'Midtillering Nitrogen Application (N)',3,'N',1,1017,NULL),(516,82,'2021-07-14',7,'Early Panicle Potassium Application (K)',13,'K',1,1018,NULL),(517,82,'2021-07-14',1,'Panicle Nitrogen Application (N)',3,'N',1,1019,NULL),(518,82,'2021-07-19',2,'Phosphorous Application (P)',39,'P',1,1020,NULL),(519,82,'2021-08-03',1,'Flowering Nitrogen Application (N)',1,'N',1,1021,NULL),(520,83,'2021-06-04',1,'Basal Nitrogen Application (N)',2,'N',1,1025,NULL),(521,83,'2021-06-14',7,'Basal Potassium Application (K)',8,'K',1,1026,NULL),(522,83,'2021-06-18',1,'Tillering Nitrogen Application (N)',3,'N',1,1027,NULL),(523,83,'2021-06-24',1,'Midtillering Nitrogen Application (N)',3,'N',1,1028,NULL),(524,83,'2021-07-14',7,'Early Panicle Potassium Application (K)',8,'K',1,1029,NULL),(525,83,'2021-07-14',1,'Panicle Nitrogen Application (N)',3,'N',1,1030,NULL),(526,83,'2021-07-19',2,'Phosphorous Application (P)',22,'P',1,1031,NULL),(527,83,'2021-08-03',1,'Flowering Nitrogen Application (N)',1,'N',1,1032,NULL),(528,79,'2021-06-08',1,'Midtillering Nitrogen Application (N)',4,'N',0,NULL,NULL),(529,84,'2021-12-27',2,'Phosphorous Application (P)',18,'P',1,1046,NULL),(530,84,'2021-12-27',7,'Basal Potassium Application (K)',6,'K',1,1047,NULL),(531,84,'2021-12-29',1,'Tillering Nitrogen Application (N)',3,'N',1,1048,NULL),(532,84,'2022-01-04',1,'Midtillering Nitrogen Application (N)',3,'N',1,1049,NULL),(533,84,'2022-01-24',7,'Early Panicle Potassium Application (K)',6,'K',1,1050,NULL),(534,84,'2022-01-24',1,'Panicle Nitrogen Application (N)',3,'N',1,1051,NULL),(535,84,'2022-02-13',1,'Flowering Nitrogen Application (N)',1,'N',1,1052,NULL),(536,85,'2021-12-27',2,'Phosphorous Application (P)',17,'P',1,1056,NULL),(537,85,'2021-12-27',7,'Basal Potassium Application (K)',6,'K',1,1057,NULL),(538,85,'2021-12-29',1,'Tillering Nitrogen Application (N)',3,'N',1,1058,NULL),(539,85,'2022-01-04',1,'Midtillering Nitrogen Application (N)',3,'N',1,1059,NULL),(540,85,'2022-01-24',7,'Early Panicle Potassium Application (K)',6,'K',1,1060,NULL),(541,85,'2022-01-24',1,'Panicle Nitrogen Application (N)',3,'N',1,1061,NULL),(542,85,'2022-02-13',1,'Flowering Nitrogen Application (N)',1,'N',1,1062,NULL),(543,86,'2021-12-27',2,'Phosphorous Application (P)',21,'P',1,1066,NULL),(544,86,'2021-12-27',7,'Basal Potassium Application (K)',7,'K',1,1067,NULL),(545,86,'2021-12-29',1,'Tillering Nitrogen Application (N)',3,'N',1,1068,NULL),(546,86,'2022-01-04',1,'Midtillering Nitrogen Application (N)',3,'N',1,1069,NULL),(547,86,'2022-01-24',7,'Early Panicle Potassium Application (K)',7,'K',1,1070,NULL),(548,86,'2022-01-24',1,'Panicle Nitrogen Application (N)',3,'N',1,1071,NULL),(549,86,'2022-02-13',1,'Flowering Nitrogen Application (N)',1,'N',1,1072,NULL),(550,87,'2021-12-31',1,'Basal Nitrogen Application (N)',2,'N',1,1076,NULL),(551,87,'2022-01-10',7,'Basal Potassium Application (K)',13,'K',1,1077,NULL),(552,87,'2022-01-14',1,'Tillering Nitrogen Application (N)',3,'N',1,1078,NULL),(553,87,'2022-01-20',1,'Midtillering Nitrogen Application (N)',3,'N',1,1079,NULL),(554,87,'2022-02-09',7,'Early Panicle Potassium Application (K)',13,'K',1,1080,NULL),(555,87,'2022-02-09',1,'Panicle Nitrogen Application (N)',3,'N',1,1081,NULL),(556,87,'2022-03-01',1,'Flowering Nitrogen Application (N)',1,'N',1,1082,NULL),(557,87,'2022-03-18',2,'Phosphorous Application (P)',39,'P',1,1083,NULL),(558,88,'2021-12-27',2,'Phosphorous Application (P)',22,'P',1,1087,NULL),(559,88,'2021-12-27',7,'Basal Potassium Application (K)',8,'K',1,1088,NULL),(560,88,'2021-12-29',1,'Tillering Nitrogen Application (N)',3,'N',1,1089,NULL),(561,88,'2022-01-04',1,'Midtillering Nitrogen Application (N)',3,'N',1,1090,NULL),(562,88,'2022-01-24',7,'Early Panicle Potassium Application (K)',8,'K',1,1091,NULL),(563,88,'2022-01-24',1,'Panicle Nitrogen Application (N)',3,'N',1,1092,NULL),(564,88,'2022-02-13',1,'Flowering Nitrogen Application (N)',1,'N',1,1093,NULL),(565,86,'2022-01-04',1,'Midtillering Nitrogen Application (N)',4,'N',0,NULL,NULL);
/*!40000 ALTER TABLE `fertilizer_recommendation_items` ENABLE KEYS */;
UNLOCK TABLES;

--
-- Table structure for table `fertilizer_recommendation_plan`
--

DROP TABLE IF EXISTS `fertilizer_recommendation_plan`;
/*!40101 SET @saved_cs_client     = @@character_set_client */;
/*!50503 SET character_set_client = utf8mb4 */;
CREATE TABLE `fertilizer_recommendation_plan` (
  `fr_plan_id` int NOT NULL AUTO_INCREMENT,
  `calendar_id` int DEFAULT NULL,
  `last_updated` date NOT NULL,
  `farm_id` int NOT NULL,
  `last_ndvi` float DEFAULT NULL,
  PRIMARY KEY (`fr_plan_id`),
  UNIQUE KEY `fr_plan_id_UNIQUE` (`fr_plan_id`),
  KEY `calendar_id_idx` (`calendar_id`),
  KEY `fr_farm_id_idx` (`farm_id`),
  CONSTRAINT `fr_plan_farm_id` FOREIGN KEY (`farm_id`) REFERENCES `farm_table` (`farm_id`)
) ENGINE=InnoDB AUTO_INCREMENT=89 DEFAULT CHARSET=utf8mb4 COLLATE=utf8mb4_0900_ai_ci;
/*!40101 SET character_set_client = @saved_cs_client */;

--
-- Dumping data for table `fertilizer_recommendation_plan`
--

LOCK TABLES `fertilizer_recommendation_plan` WRITE;
/*!40000 ALTER TABLE `fertilizer_recommendation_plan` DISABLE KEYS */;
INSERT INTO `fertilizer_recommendation_plan` VALUES (55,79,'2019-10-23',54,0.66),(56,80,'2019-10-23',55,0.76),(57,81,'2019-10-23',56,0.72),(58,82,'2019-10-23',57,0.77),(59,83,'2019-10-23',58,0.66),(60,85,'2019-11-04',54,0.68),(61,86,'2019-11-04',55,0.77),(62,87,'2019-11-04',56,0.62),(63,88,'2020-04-29',54,0.54),(64,89,'2020-04-29',55,0.76),(65,90,'2020-04-29',56,0.65),(66,91,'2020-04-29',57,0.71),(67,92,'2020-04-29',58,0.58),(69,94,'2020-10-26',54,0.48),(70,95,'2020-10-26',55,0.76),(71,96,'2020-10-26',56,0.57),(72,97,'2020-10-26',57,0.55),(73,98,'2020-10-26',58,0.49),(74,99,'2021-04-24',54,0.73),(75,100,'2021-04-24',55,0.76),(76,101,'2021-04-24',56,0.63),(77,102,'2021-04-24',57,0.75),(78,103,'2021-04-24',58,0.58),(79,104,'2021-10-26',54,0.5),(80,105,'2021-10-26',55,0.7),(81,106,'2021-10-26',56,0.56),(82,107,'2021-10-26',57,0.7),(83,108,'2021-10-26',58,0.58),(84,109,'2022-05-20',54,0.7),(85,110,'2022-05-20',55,0.61),(86,111,'2022-05-20',56,0.64),(87,112,'2022-05-20',57,0.76),(88,113,'2022-05-20',58,0.49);
/*!40000 ALTER TABLE `fertilizer_recommendation_plan` ENABLE KEYS */;
UNLOCK TABLES;

--
-- Table structure for table `fertilizer_table`
--

DROP TABLE IF EXISTS `fertilizer_table`;
/*!40101 SET @saved_cs_client     = @@character_set_client */;
/*!50503 SET character_set_client = utf8mb4 */;
CREATE TABLE `fertilizer_table` (
  `fertilizer_id` int NOT NULL AUTO_INCREMENT,
  `fertilizer_name` varchar(20) NOT NULL,
  `fertilizer_desc` tinytext,
  `N` float DEFAULT '0',
  `P` float DEFAULT '0',
  `K` float DEFAULT '0',
  `price` float NOT NULL,
  `units` varchar(45) NOT NULL DEFAULT 'Bags',
  PRIMARY KEY (`fertilizer_id`),
  UNIQUE KEY `fertilizier_id_UNIQUE` (`fertilizer_id`),
  UNIQUE KEY `fertilizer_name_UNIQUE` (`fertilizer_name`)
) ENGINE=InnoDB AUTO_INCREMENT=8 DEFAULT CHARSET=utf8mb4 COLLATE=utf8mb4_0900_ai_ci;
/*!40101 SET character_set_client = @saved_cs_client */;

--
-- Dumping data for table `fertilizer_table`
--

LOCK TABLES `fertilizer_table` WRITE;
/*!40000 ALTER TABLE `fertilizer_table` DISABLE KEYS */;
INSERT INTO `fertilizer_table` VALUES (1,'Urea 46-0-0','Concentrated Nitrogen',46,0,0,100,'Bags'),(2,'Fertilizer 16-20-0','Ammonium Phosphate Sulfate',16,20,0,55,'Bags'),(7,'Potash 0-0-60','Muriate of Potash',0,0,60,100,'Bags');
/*!40000 ALTER TABLE `fertilizer_table` ENABLE KEYS */;
UNLOCK TABLES;

--
-- Table structure for table `field_data_table`
--

DROP TABLE IF EXISTS `field_data_table`;
/*!40101 SET @saved_cs_client     = @@character_set_client */;
/*!50503 SET character_set_client = utf8mb4 */;
CREATE TABLE `field_data_table` (
  `field_data_id` int NOT NULL AUTO_INCREMENT,
  `farm_id` int NOT NULL,
  `cycle_id` int NOT NULL,
  PRIMARY KEY (`field_data_id`),
  UNIQUE KEY `field_data_id_UNIQUE` (`field_data_id`),
  KEY `field_data_to_cycle_idx` (`cycle_id`),
  KEY `field_data_to_farm_idx` (`farm_id`),
  CONSTRAINT `field_data_to_cycle` FOREIGN KEY (`cycle_id`) REFERENCES `crop_cycle_table` (`cycle_id`),
  CONSTRAINT `field_data_to_farm` FOREIGN KEY (`farm_id`) REFERENCES `farm_table` (`farm_id`)
) ENGINE=InnoDB DEFAULT CHARSET=utf8mb4 COLLATE=utf8mb4_0900_ai_ci;
/*!40101 SET character_set_client = @saved_cs_client */;

--
-- Dumping data for table `field_data_table`
--

LOCK TABLES `field_data_table` WRITE;
/*!40000 ALTER TABLE `field_data_table` DISABLE KEYS */;
/*!40000 ALTER TABLE `field_data_table` ENABLE KEYS */;
UNLOCK TABLES;

--
-- Table structure for table `field_input_table`
--

DROP TABLE IF EXISTS `field_input_table`;
/*!40101 SET @saved_cs_client     = @@character_set_client */;
/*!50503 SET character_set_client = utf8mb4 */;
CREATE TABLE `field_input_table` (
  `input_id` int NOT NULL AUTO_INCREMENT,
  `field_data` int NOT NULL,
  `date_applied` datetime NOT NULL,
  `fertilizer_id` int DEFAULT NULL,
  `pesticide_id` int DEFAULT NULL,
  `amount` float NOT NULL,
  `applied_by` int NOT NULL,
  PRIMARY KEY (`input_id`),
  UNIQUE KEY `input_id_UNIQUE` (`input_id`),
  KEY `input_to_employee_applied_idx` (`applied_by`),
  KEY `fertilizer_to_input_idx` (`fertilizer_id`),
  KEY `pesticide_to_input_idx` (`pesticide_id`),
  CONSTRAINT `fertilizer_to_input` FOREIGN KEY (`fertilizer_id`) REFERENCES `fertilizer_table` (`fertilizer_id`),
  CONSTRAINT `input_to_employee_applied` FOREIGN KEY (`applied_by`) REFERENCES `employee_table` (`employee_id`),
  CONSTRAINT `pesticide_to_input` FOREIGN KEY (`pesticide_id`) REFERENCES `pesticide_table` (`pesticide_id`)
) ENGINE=InnoDB DEFAULT CHARSET=utf8mb4 COLLATE=utf8mb4_0900_ai_ci;
/*!40101 SET character_set_client = @saved_cs_client */;

--
-- Dumping data for table `field_input_table`
--

LOCK TABLES `field_input_table` WRITE;
/*!40000 ALTER TABLE `field_input_table` DISABLE KEYS */;
/*!40000 ALTER TABLE `field_input_table` ENABLE KEYS */;
UNLOCK TABLES;

--
-- Table structure for table `forecasted_yield`
--

DROP TABLE IF EXISTS `forecasted_yield`;
/*!40101 SET @saved_cs_client     = @@character_set_client */;
/*!50503 SET character_set_client = utf8mb4 */;
CREATE TABLE `forecasted_yield` (
  `forecast_yield_id` int NOT NULL AUTO_INCREMENT,
  `calendar_id` int NOT NULL,
  `seed_id` int NOT NULL,
  `forecast` float DEFAULT NULL,
  `N` float DEFAULT NULL,
  `P` float DEFAULT NULL,
  `K` float DEFAULT NULL,
  `seed_rate` float DEFAULT NULL,
  `temp` float DEFAULT NULL,
  `humidity` float DEFAULT NULL,
  `pressure` float DEFAULT NULL,
  `rainfall` float DEFAULT NULL,
  `harvested` float DEFAULT NULL,
  PRIMARY KEY (`forecast_yield_id`),
  UNIQUE KEY `forecast_yield_id_UNIQUE` (`forecast_yield_id`),
  KEY `forecast_yield_fk_idx` (`calendar_id`),
  CONSTRAINT `forecast_yield_fk` FOREIGN KEY (`calendar_id`) REFERENCES `crop_calendar_table` (`calendar_id`)
) ENGINE=InnoDB AUTO_INCREMENT=174 DEFAULT CHARSET=utf8mb4 COLLATE=utf8mb4_0900_ai_ci;
/*!40101 SET character_set_client = @saved_cs_client */;

--
-- Dumping data for table `forecasted_yield`
--

LOCK TABLES `forecasted_yield` WRITE;
/*!40000 ALTER TABLE `forecasted_yield` DISABLE KEYS */;
INSERT INTO `forecasted_yield` VALUES (139,79,4,-1,0,3.45901,0,20,302.738,80.5361,1007.62,0.0373196,88),(140,80,4,-1,0,0,0,20,302.738,80.5361,1007.62,0.0373196,81),(141,81,4,-1,0,0,0,20,302.738,80.5361,1007.62,0.0373196,72),(142,82,8,-1,0,0,0,20,302.583,80.7113,1008.18,0.0376289,69),(143,83,8,-1,0,0,0,20,302.583,80.7113,1008.18,0.0376289,75),(148,88,7,-1,0,3.45901,0,20,298.777,80.3918,1010.96,0,100),(149,89,4,-1,0,0,0,20,298.777,80.3918,1010.96,0,102),(150,90,7,-1,0,0,0,20,298.777,80.3918,1010.96,0,92),(151,91,8,-1,0,0,0,20,298.392,81.866,1011.2,0,81),(152,92,8,-1,0,0,0,20,298.392,81.866,1011.2,0,78),(154,94,7,-1,0,3.45901,0,20,302.436,78.9691,1008.53,0.228,71),(155,95,7,-1,0,0,0,20,302.436,78.9691,1008.53,0.228,73),(156,96,7,-1,0,0,0,20,302.436,78.9691,1008.53,0.228,78),(157,97,4,-1,0,0,0,20,302.549,79.2062,1008.07,0.343636,62),(158,98,4,-1,0,0,0,20,302.549,79.2062,1008.07,0.343636,66),(159,99,8,-1,0,3.45901,0,20,299.725,87.8763,1007.39,1.6046,66),(160,100,8,-1,0,0,0,20,299.725,87.8763,1007.39,1.6046,73),(161,101,7,-1,0,0,0,20,299.725,87.8763,1007.39,1.6046,72),(162,102,4,-1,0,0,0,20,299.806,88.3918,1008.24,1.49582,67),(163,103,4,-1,0,0,0,20,299.806,88.3918,1008.24,1.49582,62),(164,104,4,79,0,0,0,20,301.912,77.0412,1007.92,1.94875,79),(165,105,7,67,0,0,0,20,301.912,77.0412,1007.92,1.94875,81),(166,106,4,78,0,0,0,20,301.912,77.0412,1007.92,1.94875,78),(167,107,7,68,190.919,0,0,20,301.947,77.7808,1007.59,2.20143,72),(168,108,7,62,0,0,0,20,301.947,77.7808,1007.59,2.20143,78),(169,109,4,67,0,0,0,20,298.194,76.0103,1015.77,0.33,79),(170,110,4,71,0,0,0,20,298.194,76.0103,1015.77,0.33,77),(171,111,8,77,0,0,0,20,298.194,76.0103,1015.77,0.33,74),(172,112,7,61,190.919,0,0,20,298.22,75.6438,1015.6,0.33,76),(173,113,7,65,0,0,0,20,298.194,76.0103,1015.77,0.33,66);
/*!40000 ALTER TABLE `forecasted_yield` ENABLE KEYS */;
UNLOCK TABLES;

--
-- Table structure for table `harvest_details`
--

DROP TABLE IF EXISTS `harvest_details`;
/*!40101 SET @saved_cs_client     = @@character_set_client */;
/*!50503 SET character_set_client = utf8mb4 */;
CREATE TABLE `harvest_details` (
  `havest_id` int NOT NULL AUTO_INCREMENT,
  `sacks_harvested` float NOT NULL,
  `stage_harvested` varchar(45) NOT NULL,
  `type` enum('Early Harvest','Partial Harvest','Full Harvest') NOT NULL,
  `cct_id` int NOT NULL,
  PRIMARY KEY (`havest_id`),
  UNIQUE KEY `havest_id_UNIQUE` (`havest_id`),
  KEY `cct_id_idx` (`cct_id`),
  CONSTRAINT `cct_id` FOREIGN KEY (`cct_id`) REFERENCES `crop_calendar_table` (`calendar_id`)
) ENGINE=InnoDB AUTO_INCREMENT=64 DEFAULT CHARSET=utf8mb4 COLLATE=utf8mb4_0900_ai_ci;
/*!40101 SET character_set_client = @saved_cs_client */;

--
-- Dumping data for table `harvest_details`
--

LOCK TABLES `harvest_details` WRITE;
/*!40000 ALTER TABLE `harvest_details` DISABLE KEYS */;
INSERT INTO `harvest_details` VALUES (33,81.6327,'Harvesting','Full Harvest',80),(35,72.3684,'Harvesting','Full Harvest',81),(36,69.2042,'Harvesting','Full Harvest',82),(37,75.4717,'Harvesting','Full Harvest',83),(38,92.1053,'Harvesting','Full Harvest',90),(39,102.041,'Harvesting','Full Harvest',89),(40,100,'Harvesting','Full Harvest',88),(41,81.3149,'Harvesting','Full Harvest',91),(42,78.6164,'Harvesting','Full Harvest',92),(43,88.6792,'Harvesting','Full Harvest',79),(44,78.9474,'Harvesting','Full Harvest',96),(45,73.4694,'Harvesting','Full Harvest',95),(46,71.6981,'Harvesting','Full Harvest',94),(47,62.2837,'Harvesting','Full Harvest',97),(48,66.0377,'Harvesting','Full Harvest',98),(49,72.3684,'Harvesting','Full Harvest',101),(50,73.4694,'Harvesting','Full Harvest',100),(51,66.0377,'Harvesting','Full Harvest',99),(52,67.474,'Harvesting','Full Harvest',102),(53,62.8931,'Harvesting','Full Harvest',103),(54,78.9474,'Harvesting','Full Harvest',106),(55,72.6644,'Harvesting','Full Harvest',107),(56,78.6164,'Harvesting','Full Harvest',108),(57,79.2453,'Harvesting','Full Harvest',104),(58,81.6327,'Harvesting','Full Harvest',105),(59,79.2453,'Harvesting','Full Harvest',109),(60,77.551,'Harvesting','Full Harvest',110),(61,74.0132,'Harvesting','Full Harvest',111),(62,76.1246,'Harvesting','Full Harvest',112),(63,66.0377,'Harvesting','Full Harvest',113);
/*!40000 ALTER TABLE `harvest_details` ENABLE KEYS */;
UNLOCK TABLES;

--
-- Table structure for table `inbound_msg`
--

DROP TABLE IF EXISTS `inbound_msg`;
/*!40101 SET @saved_cs_client     = @@character_set_client */;
/*!50503 SET character_set_client = utf8mb4 */;
CREATE TABLE `inbound_msg` (
  `message_id` varchar(160) NOT NULL,
  `message` mediumtext,
  `employee_id` int DEFAULT NULL,
  `date` date NOT NULL,
  `time` time NOT NULL,
  PRIMARY KEY (`message_id`,`date`,`time`),
  KEY `inbound_userid_idx` (`employee_id`),
  CONSTRAINT `inbound_userid` FOREIGN KEY (`employee_id`) REFERENCES `employee_table` (`employee_id`)
) ENGINE=InnoDB DEFAULT CHARSET=utf8mb4 COLLATE=utf8mb4_0900_ai_ci;
/*!40101 SET character_set_client = @saved_cs_client */;

--
-- Dumping data for table `inbound_msg`
--

LOCK TABLES `inbound_msg` WRITE;
/*!40000 ALTER TABLE `inbound_msg` DISABLE KEYS */;
INSERT INTO `inbound_msg` VALUES ('626b83dd5b41c725ee987429','1',24,'2022-04-29','06:21:17'),('626b8428214cd30fa0fcc71c','1',24,'2022-04-29','06:22:32'),('626b843961e38e89541f02d7','2',24,'2022-04-29','06:22:49'),('626b84574e55ef3c23e3137e','3',24,'2022-04-29','06:23:19'),('626b84fa710de2ff213bf6fd','1',24,'2022-04-29','06:26:02'),('626ce7134a796f0b0a6cf497','1',24,'2022-04-30','07:36:52'),('626ce7304a796f0b476cf498','1',24,'2022-04-30','07:37:24'),('626ce783b0931e0c4cc6cfe4','1',24,'2022-04-30','07:38:52'),('626ce83ec8fab57e23e6c471','2',24,'2022-04-30','07:42:03'),('626ce9a4cb871ed16559ae7d','1',24,'2022-04-30','07:47:49'),('626cea76c8fab59e6de6c47a','1',24,'2022-04-30','07:51:19'),('626ceca42e0ae5df55f56d69','1',24,'2022-04-30','08:00:56'),('6270d3611af14faf65c950bb','1',25,'2022-05-03','07:01:53'),('6270d3adcc68470235e46a03','1',24,'2022-05-03','07:03:09'),('6270d3af157e2c1524ce9238','1',26,'2022-05-03','07:03:11'),('6270d46ddea3f56d4e63b306','1',24,'2022-05-03','07:06:22'),('6270d5974ba22d5c31a5e006','test',24,'2022-05-03','07:11:20'),('6270de0dc50f747292fba343','1',24,'2022-05-03','07:47:26'),('6270de154ba22d2e43a5e019','2',24,'2022-05-03','07:47:34'),('6270e0041ab3ffa314364482','1',24,'2022-05-03','07:55:49'),('6270e009f4e7da7469d12452','2',24,'2022-05-03','07:55:54'),('6270e07e918a9a7c6ba393f1','1',24,'2022-05-03','07:58:08'),('6270f1a6fa3f5647211891eb','1',24,'2022-05-03','09:11:26'),('62747a2952591be4ece6aee2','2',24,'2022-05-06','01:30:41'),('62747a49dce1f50df47cb0f5','1',24,'2022-05-06','01:30:49'),('62747b1b585fa550744b01cb','2',24,'2022-05-06','01:34:30'),('62747b654d65c27d20f1e6d4','1',24,'2022-05-06','01:35:34'),('62747bfaf5ce8b2fbc512a99','3',24,'2022-05-06','01:38:25'),('62747c3b8b635e8355b433d7','1',24,'2022-05-06','01:39:08'),('62747cca9af80944c755f143','1',24,'2022-05-06','01:41:55'),('62747d0c11032b0876db7aaf','1',24,'2022-05-06','01:42:53'),('6274805853b789c1b147e1f1','1',24,'2022-05-06','01:57:05'),('627480950755bf61b245c043','1',24,'2022-05-06','01:57:56'),('627480b9dce1f5b9da7cb107','1',24,'2022-05-06','01:58:38'),('6274a59fc66cb46e6cbda8c3','1',24,'2022-05-06','04:35:44'),('6274a608f95b2617fd5b291f','1',24,'2022-05-06','04:37:28'),('6274ca3a9a783fdc9c3ea0b0','1',24,'2022-05-06','07:12:17'),('6274ca5bfee4943e063df892','2',24,'2022-05-06','07:12:28'),('6274ca7283f294e624117b2e','hekdjsh',24,'2022-05-06','07:12:51'),('6276823512a7462da7fe46d1','1',24,'2022-05-07','14:29:09');
/*!40000 ALTER TABLE `inbound_msg` ENABLE KEYS */;
UNLOCK TABLES;

--
-- Table structure for table `notification_table`
--

DROP TABLE IF EXISTS `notification_table`;
/*!40101 SET @saved_cs_client     = @@character_set_client */;
/*!50503 SET character_set_client = utf8mb4 */;
CREATE TABLE `notification_table` (
  `notification_id` int NOT NULL AUTO_INCREMENT,
  `date` date DEFAULT NULL,
  `notification_title` varchar(45) DEFAULT NULL,
  `notification_desc` tinytext,
  `farm_id` int DEFAULT NULL,
  `url` tinytext,
  `icon` varchar(45) DEFAULT NULL,
  `color` varchar(45) DEFAULT NULL,
  `status` int DEFAULT '1',
  `datetime` datetime DEFAULT NULL,
  PRIMARY KEY (`notification_id`),
  KEY `farm_id_notif_idx` (`farm_id`),
  CONSTRAINT `farm_id_notif` FOREIGN KEY (`farm_id`) REFERENCES `farm_table` (`farm_id`)
) ENGINE=InnoDB AUTO_INCREMENT=666 DEFAULT CHARSET=utf8mb4 COLLATE=utf8mb4_0900_ai_ci;
/*!40101 SET character_set_client = @saved_cs_client */;

--
-- Dumping data for table `notification_table`
--

LOCK TABLES `notification_table` WRITE;
/*!40000 ALTER TABLE `notification_table` DISABLE KEYS */;
INSERT INTO `notification_table` VALUES (309,'2019-05-04','Overdue work order: 736','Overdue Harvest for Socoro Farm 1 (Scenario 2) with WO 736',54,'/farms/work_order&id=736','exclamation-triangle','danger',1,NULL),(310,'2019-05-04','Overdue work order: 735','Overdue Sow Seed for Socoro Farm 1 (Scenario 2) with WO 735',54,'/farms/work_order&id=735','exclamation-triangle','danger',1,NULL),(311,'2019-05-04','Overdue work order: 734','Overdue Land Preparation for Socoro Farm 1 (Scenario 2) with WO 734',54,'/farms/work_order&id=734','exclamation-triangle','danger',1,NULL),(312,'2019-05-04','Incoming work order: 739 due in a week','Harvest for LA Farm WEST (Scenario 1) with WO 739 due in a week',55,'/farms/work_order&id=739','exclamation-triangle','warning',1,NULL),(313,'2019-05-04','Incoming work order: 743 due in a week','Fertilizer Application for LA Farm WEST (Scenario 1) with WO 743 due in a week',55,'/farms/work_order&id=743','exclamation-triangle','warning',1,NULL),(314,'2019-05-04','Incoming work order: 744 due in a week','Fertilizer Application for LA Farm WEST (Scenario 1) with WO 744 due in a week',55,'/farms/work_order&id=744','exclamation-triangle','warning',1,NULL),(315,'2019-05-04','Incoming work order: 745 due in a week','Fertilizer Application for LA Farm WEST (Scenario 1) with WO 745 due in a week',55,'/farms/work_order&id=745','exclamation-triangle','warning',1,NULL),(316,'2019-05-04','Incoming work order: 740 due in a week','Fertilizer Application for LA Farm WEST (Scenario 1) with WO 740 due in a week',55,'/farms/work_order&id=740','exclamation-triangle','warning',1,NULL),(317,'2019-05-04','Incoming work order: 741 due in a week','Fertilizer Application for LA Farm WEST (Scenario 1) with WO 741 due in a week',55,'/farms/work_order&id=741','exclamation-triangle','warning',1,NULL),(318,'2019-05-04','Incoming work order: 742 due in a week','Fertilizer Application for LA Farm WEST (Scenario 1) with WO 742 due in a week',55,'/farms/work_order&id=742','exclamation-triangle','warning',1,NULL),(319,'2019-05-04','Incoming work order: 738 due in a week','Sow Seed for LA Farm WEST (Scenario 1) with WO 738 due in a week',55,'/farms/work_order&id=738','exclamation-triangle','warning',1,NULL),(320,'2019-05-04','Incoming work order: 737 due in a week','Land Preparation for LA Farm WEST (Scenario 1) with WO 737 due in a week',55,'/farms/work_order&id=737','exclamation-triangle','warning',1,NULL),(321,'2019-05-04','Overdue work order: 748','Overdue Harvest for Socoro Farm 1 (Scenario 2) with WO 748',54,'/farms/work_order&id=748','exclamation-triangle','danger',1,NULL),(322,'2019-05-04','Overdue work order: 752','Overdue Fertilizer Application for Socoro Farm 1 (Scenario 2) with WO 752',54,'/farms/work_order&id=752','exclamation-triangle','danger',1,NULL),(323,'2019-05-04','Overdue work order: 753','Overdue Fertilizer Application for Socoro Farm 1 (Scenario 2) with WO 753',54,'/farms/work_order&id=753','exclamation-triangle','danger',1,NULL),(324,'2019-05-04','Overdue work order: 754','Overdue Fertilizer Application for Socoro Farm 1 (Scenario 2) with WO 754',54,'/farms/work_order&id=754','exclamation-triangle','danger',1,NULL),(325,'2019-05-04','Overdue work order: 749','Overdue Fertilizer Application for Socoro Farm 1 (Scenario 2) with WO 749',54,'/farms/work_order&id=749','exclamation-triangle','danger',1,NULL),(326,'2019-05-04','Overdue work order: 750','Overdue Fertilizer Application for Socoro Farm 1 (Scenario 2) with WO 750',54,'/farms/work_order&id=750','exclamation-triangle','danger',1,NULL),(327,'2019-05-04','Overdue work order: 751','Overdue Fertilizer Application for Socoro Farm 1 (Scenario 2) with WO 751',54,'/farms/work_order&id=751','exclamation-triangle','danger',1,NULL),(328,'2019-05-04','Overdue work order: 747','Overdue Sow Seed for Socoro Farm 1 (Scenario 2) with WO 747',54,'/farms/work_order&id=747','exclamation-triangle','danger',1,NULL),(329,'2019-05-04','Overdue work order: 746','Overdue Land Preparation for Socoro Farm 1 (Scenario 2) with WO 746',54,'/farms/work_order&id=746','exclamation-triangle','danger',1,NULL),(330,'2019-05-04','Overdue work order: 757','Overdue Harvest for LA Farm WEST (Scenario 1) with WO 757',55,'/farms/work_order&id=757','exclamation-triangle','danger',1,NULL),(331,'2019-05-04','Overdue work order: 761','Overdue Fertilizer Application for LA Farm WEST (Scenario 1) with WO 761',55,'/farms/work_order&id=761','exclamation-triangle','danger',1,NULL),(332,'2019-05-04','Overdue work order: 762','Overdue Fertilizer Application for LA Farm WEST (Scenario 1) with WO 762',55,'/farms/work_order&id=762','exclamation-triangle','danger',1,NULL),(333,'2019-05-04','Overdue work order: 763','Overdue Fertilizer Application for LA Farm WEST (Scenario 1) with WO 763',55,'/farms/work_order&id=763','exclamation-triangle','danger',1,NULL),(334,'2019-05-04','Overdue work order: 758','Overdue Fertilizer Application for LA Farm WEST (Scenario 1) with WO 758',55,'/farms/work_order&id=758','exclamation-triangle','danger',1,NULL),(335,'2019-05-04','Overdue work order: 759','Overdue Fertilizer Application for LA Farm WEST (Scenario 1) with WO 759',55,'/farms/work_order&id=759','exclamation-triangle','danger',1,NULL),(336,'2019-05-04','Overdue work order: 760','Overdue Fertilizer Application for LA Farm WEST (Scenario 1) with WO 760',55,'/farms/work_order&id=760','exclamation-triangle','danger',1,NULL),(337,'2019-05-04','Overdue work order: 756','Overdue Sow Seed for LA Farm WEST (Scenario 1) with WO 756',55,'/farms/work_order&id=756','exclamation-triangle','danger',1,NULL),(338,'2019-05-04','Overdue work order: 755','Overdue Land Preparation for LA Farm WEST (Scenario 1) with WO 755',55,'/farms/work_order&id=755','exclamation-triangle','danger',1,NULL),(339,'2019-05-04','Overdue work order: 766','Overdue Harvest for LA Farm EAST with WO 766',56,'/farms/work_order&id=766','exclamation-triangle','danger',1,NULL),(340,'2019-05-04','Overdue work order: 770','Overdue Fertilizer Application for LA Farm EAST with WO 770',56,'/farms/work_order&id=770','exclamation-triangle','danger',1,NULL),(341,'2019-05-04','Overdue work order: 771','Overdue Fertilizer Application for LA Farm EAST with WO 771',56,'/farms/work_order&id=771','exclamation-triangle','danger',1,NULL),(342,'2019-05-04','Overdue work order: 772','Overdue Fertilizer Application for LA Farm EAST with WO 772',56,'/farms/work_order&id=772','exclamation-triangle','danger',1,NULL),(343,'2019-05-04','Overdue work order: 767','Overdue Fertilizer Application for LA Farm EAST with WO 767',56,'/farms/work_order&id=767','exclamation-triangle','danger',1,NULL),(344,'2019-05-04','Overdue work order: 768','Overdue Fertilizer Application for LA Farm EAST with WO 768',56,'/farms/work_order&id=768','exclamation-triangle','danger',1,NULL),(345,'2019-05-04','Overdue work order: 769','Overdue Fertilizer Application for LA Farm EAST with WO 769',56,'/farms/work_order&id=769','exclamation-triangle','danger',1,NULL),(346,'2019-05-04','Overdue work order: 765','Overdue Sow Seed for LA Farm EAST with WO 765',56,'/farms/work_order&id=765','exclamation-triangle','danger',1,NULL),(347,'2019-05-04','Overdue work order: 764','Overdue Land Preparation for LA Farm EAST with WO 764',56,'/farms/work_order&id=764','exclamation-triangle','danger',1,NULL),(348,'2019-05-04','Overdue work order: 775','Overdue Harvest for LA Farm NORTH with WO 775',57,'/farms/work_order&id=775','exclamation-triangle','danger',1,NULL),(349,'2019-05-04','Overdue work order: 781','Overdue Fertilizer Application for LA Farm NORTH with WO 781',57,'/farms/work_order&id=781','exclamation-triangle','danger',1,NULL),(350,'2019-05-04','Overdue work order: 779','Overdue Fertilizer Application for LA Farm NORTH with WO 779',57,'/farms/work_order&id=779','exclamation-triangle','danger',1,NULL),(351,'2019-05-04','Overdue work order: 780','Overdue Fertilizer Application for LA Farm NORTH with WO 780',57,'/farms/work_order&id=780','exclamation-triangle','danger',1,NULL),(352,'2019-05-04','Overdue work order: 776','Overdue Fertilizer Application for LA Farm NORTH with WO 776',57,'/farms/work_order&id=776','exclamation-triangle','danger',1,NULL),(353,'2019-05-04','Overdue work order: 777','Overdue Fertilizer Application for LA Farm NORTH with WO 777',57,'/farms/work_order&id=777','exclamation-triangle','danger',1,NULL),(354,'2019-05-04','Overdue work order: 778','Overdue Fertilizer Application for LA Farm NORTH with WO 778',57,'/farms/work_order&id=778','exclamation-triangle','danger',1,NULL),(355,'2019-05-04','Overdue work order: 774','Overdue Sow Seed for LA Farm NORTH with WO 774',57,'/farms/work_order&id=774','exclamation-triangle','danger',1,NULL),(356,'2019-05-04','Overdue work order: 773','Overdue Land Preparation for LA Farm NORTH with WO 773',57,'/farms/work_order&id=773','exclamation-triangle','danger',1,NULL),(357,'2019-05-04','Overdue work order: 784','Overdue Harvest for LA Farm SOUTH (Scenario 3) with WO 784',58,'/farms/work_order&id=784','exclamation-triangle','danger',1,NULL),(358,'2019-05-04','Overdue work order: 790','Overdue Fertilizer Application for LA Farm SOUTH (Scenario 3) with WO 790',58,'/farms/work_order&id=790','exclamation-triangle','danger',1,NULL),(359,'2019-05-04','Overdue work order: 788','Overdue Fertilizer Application for LA Farm SOUTH (Scenario 3) with WO 788',58,'/farms/work_order&id=788','exclamation-triangle','danger',1,NULL),(360,'2019-05-04','Overdue work order: 789','Overdue Fertilizer Application for LA Farm SOUTH (Scenario 3) with WO 789',58,'/farms/work_order&id=789','exclamation-triangle','danger',1,NULL),(361,'2019-05-04','Overdue work order: 786','Overdue Fertilizer Application for LA Farm SOUTH (Scenario 3) with WO 786',58,'/farms/work_order&id=786','exclamation-triangle','danger',1,NULL),(362,'2019-05-04','Overdue work order: 787','Overdue Fertilizer Application for LA Farm SOUTH (Scenario 3) with WO 787',58,'/farms/work_order&id=787','exclamation-triangle','danger',1,NULL),(363,'2019-05-04','Overdue work order: 785','Overdue Fertilizer Application for LA Farm SOUTH (Scenario 3) with WO 785',58,'/farms/work_order&id=785','exclamation-triangle','danger',1,NULL),(364,'2019-05-04','Overdue work order: 783','Overdue Sow Seed for LA Farm SOUTH (Scenario 3) with WO 783',58,'/farms/work_order&id=783','exclamation-triangle','danger',1,NULL),(365,'2019-05-04','Overdue work order: 782','Overdue Land Preparation for LA Farm SOUTH (Scenario 3) with WO 782',58,'/farms/work_order&id=782','exclamation-triangle','danger',1,NULL),(366,'2019-06-02','New pending order',NULL,54,'/orders/details?id=157','fax','primary',1,NULL),(367,'2019-06-02','New pending order',NULL,54,'/orders/details?id=158','fax','primary',1,NULL),(368,'2019-06-02','New pending order',NULL,54,'/orders/details?id=159','fax','primary',1,NULL),(369,'2019-06-02','New pending order',NULL,54,'/orders/details?id=160','fax','primary',1,NULL),(370,'2019-06-02','New pending order',NULL,54,'/orders/details?id=161','fax','primary',1,NULL),(371,'2019-06-02','New pending order',NULL,54,'/orders/details?id=162','fax','primary',1,NULL),(372,'2019-06-02','New pending order',NULL,54,'/orders/details?id=163','fax','primary',1,NULL),(373,'2019-06-02','New pending order',NULL,54,'/orders/details?id=164','fax','primary',1,NULL),(374,'2019-06-02','New pending order',NULL,54,'/orders/details?id=165','fax','primary',1,NULL),(375,'2019-06-02','New pending order',NULL,54,'/orders/details?id=166','fax','primary',1,NULL),(376,'2019-06-02','New pending order',NULL,54,'/orders/details?id=167','fax','primary',1,NULL),(377,'2019-06-02','New pending order',NULL,54,'/orders/details?id=168','fax','primary',1,NULL),(378,'2019-06-02','New pending order',NULL,54,'/orders/details?id=169','fax','primary',1,NULL),(379,'2019-06-02','New pending order',NULL,54,'/orders/details?id=170','fax','primary',1,NULL),(380,'2019-06-02','New pending order',NULL,54,'/orders/details?id=171','fax','primary',1,NULL),(381,'2019-06-02','Incoming work order: 791 due in a week','Pesticide Application for Socoro Farm 1 (Scenario 2) with WO 791 due in a week',54,'/farms/work_order&id=791','exclamation-triangle','warning',1,NULL),(382,'2019-06-02','Overdue work order: 791','Overdue Pesticide Application for Socoro Farm 1 (Scenario 2) with WO 791',54,'/farms/work_order&id=791','exclamation-triangle','danger',1,NULL),(383,'2019-06-02','Overdue work order: 792','Overdue Pesticide Application for LA Farm WEST (Scenario 1) with WO 792',55,'/farms/work_order&id=792','exclamation-triangle','danger',1,NULL),(384,'2019-06-02','Overdue work order: 793','Overdue Pesticide Application for LA Farm EAST with WO 793',56,'/farms/work_order&id=793','exclamation-triangle','danger',1,NULL),(385,'2019-06-02','Overdue work order: 794','Overdue Pesticide Application for LA Farm NORTH with WO 794',57,'/farms/work_order&id=794','exclamation-triangle','danger',1,NULL),(386,'2019-06-02','Overdue work order: 795','Overdue Pesticide Application for LA Farm SOUTH (Scenario 3) with WO 795',58,'/farms/work_order&id=795','exclamation-triangle','danger',1,NULL),(387,'2019-11-04','Overdue work order: 807','Overdue Harvest for Socoro Farm 1 (Scenario 2) with WO 807',54,'/farms/work_order&id=807','exclamation-triangle','danger',1,NULL),(388,'2019-11-04','Overdue work order: 811','Overdue Fertilizer Application for Socoro Farm 1 (Scenario 2) with WO 811',54,'/farms/work_order&id=811','exclamation-triangle','danger',1,NULL),(389,'2019-11-04','Overdue work order: 812','Overdue Fertilizer Application for Socoro Farm 1 (Scenario 2) with WO 812',54,'/farms/work_order&id=812','exclamation-triangle','danger',1,NULL),(390,'2019-11-04','Overdue work order: 813','Overdue Fertilizer Application for Socoro Farm 1 (Scenario 2) with WO 813',54,'/farms/work_order&id=813','exclamation-triangle','danger',1,NULL),(391,'2019-11-04','Overdue work order: 808','Overdue Fertilizer Application for Socoro Farm 1 (Scenario 2) with WO 808',54,'/farms/work_order&id=808','exclamation-triangle','danger',1,NULL),(392,'2019-11-04','Overdue work order: 809','Overdue Fertilizer Application for Socoro Farm 1 (Scenario 2) with WO 809',54,'/farms/work_order&id=809','exclamation-triangle','danger',1,NULL),(393,'2019-11-04','Overdue work order: 810','Overdue Fertilizer Application for Socoro Farm 1 (Scenario 2) with WO 810',54,'/farms/work_order&id=810','exclamation-triangle','danger',1,NULL),(394,'2019-11-04','Overdue work order: 806','Overdue Sow Seed for Socoro Farm 1 (Scenario 2) with WO 806',54,'/farms/work_order&id=806','exclamation-triangle','danger',1,NULL),(395,'2019-11-04','Overdue work order: 805','Overdue Land Preparation for Socoro Farm 1 (Scenario 2) with WO 805',54,'/farms/work_order&id=805','exclamation-triangle','danger',1,NULL),(396,'2019-11-04','Overdue work order: 816','Overdue Harvest for LA Farm WEST (Scenario 1) with WO 816',55,'/farms/work_order&id=816','exclamation-triangle','danger',1,NULL),(397,'2019-11-04','Overdue work order: 820','Overdue Fertilizer Application for LA Farm WEST (Scenario 1) with WO 820',55,'/farms/work_order&id=820','exclamation-triangle','danger',1,NULL),(398,'2019-11-04','Overdue work order: 821','Overdue Fertilizer Application for LA Farm WEST (Scenario 1) with WO 821',55,'/farms/work_order&id=821','exclamation-triangle','danger',1,NULL),(399,'2019-11-04','Overdue work order: 822','Overdue Fertilizer Application for LA Farm WEST (Scenario 1) with WO 822',55,'/farms/work_order&id=822','exclamation-triangle','danger',1,NULL),(400,'2019-11-04','Overdue work order: 817','Overdue Fertilizer Application for LA Farm WEST (Scenario 1) with WO 817',55,'/farms/work_order&id=817','exclamation-triangle','danger',1,NULL),(401,'2019-11-04','Overdue work order: 818','Overdue Fertilizer Application for LA Farm WEST (Scenario 1) with WO 818',55,'/farms/work_order&id=818','exclamation-triangle','danger',1,NULL),(402,'2019-11-04','Overdue work order: 819','Overdue Fertilizer Application for LA Farm WEST (Scenario 1) with WO 819',55,'/farms/work_order&id=819','exclamation-triangle','danger',1,NULL),(403,'2019-11-04','Overdue work order: 815','Overdue Sow Seed for LA Farm WEST (Scenario 1) with WO 815',55,'/farms/work_order&id=815','exclamation-triangle','danger',1,NULL),(404,'2019-11-04','Overdue work order: 814','Overdue Land Preparation for LA Farm WEST (Scenario 1) with WO 814',55,'/farms/work_order&id=814','exclamation-triangle','danger',1,NULL),(405,'2019-11-04','Overdue work order: 825','Overdue Harvest for LA Farm EAST with WO 825',56,'/farms/work_order&id=825','exclamation-triangle','danger',1,NULL),(406,'2019-11-04','Overdue work order: 829','Overdue Fertilizer Application for LA Farm EAST with WO 829',56,'/farms/work_order&id=829','exclamation-triangle','danger',1,NULL),(407,'2019-11-04','Overdue work order: 830','Overdue Fertilizer Application for LA Farm EAST with WO 830',56,'/farms/work_order&id=830','exclamation-triangle','danger',1,NULL),(408,'2019-11-04','Overdue work order: 831','Overdue Fertilizer Application for LA Farm EAST with WO 831',56,'/farms/work_order&id=831','exclamation-triangle','danger',1,NULL),(409,'2019-11-04','Overdue work order: 826','Overdue Fertilizer Application for LA Farm EAST with WO 826',56,'/farms/work_order&id=826','exclamation-triangle','danger',1,NULL),(410,'2019-11-04','Overdue work order: 827','Overdue Fertilizer Application for LA Farm EAST with WO 827',56,'/farms/work_order&id=827','exclamation-triangle','danger',1,NULL),(411,'2019-11-04','Overdue work order: 828','Overdue Fertilizer Application for LA Farm EAST with WO 828',56,'/farms/work_order&id=828','exclamation-triangle','danger',1,NULL),(412,'2019-11-04','Overdue work order: 824','Overdue Sow Seed for LA Farm EAST with WO 824',56,'/farms/work_order&id=824','exclamation-triangle','danger',1,NULL),(413,'2019-11-04','Overdue work order: 823','Overdue Land Preparation for LA Farm EAST with WO 823',56,'/farms/work_order&id=823','exclamation-triangle','danger',1,NULL),(414,'2019-11-04','Overdue work order: 834','Overdue Harvest for Socoro Farm 1 (Scenario 2) with WO 834',54,'/farms/work_order&id=834','exclamation-triangle','danger',1,NULL),(415,'2019-11-04','Overdue work order: 838','Overdue Fertilizer Application for Socoro Farm 1 (Scenario 2) with WO 838',54,'/farms/work_order&id=838','exclamation-triangle','danger',1,NULL),(416,'2019-11-04','Overdue work order: 839','Overdue Fertilizer Application for Socoro Farm 1 (Scenario 2) with WO 839',54,'/farms/work_order&id=839','exclamation-triangle','danger',1,NULL),(417,'2019-11-04','Overdue work order: 840','Overdue Fertilizer Application for Socoro Farm 1 (Scenario 2) with WO 840',54,'/farms/work_order&id=840','exclamation-triangle','danger',1,NULL),(418,'2019-11-04','Overdue work order: 835','Overdue Fertilizer Application for Socoro Farm 1 (Scenario 2) with WO 835',54,'/farms/work_order&id=835','exclamation-triangle','danger',1,NULL),(419,'2019-11-04','Overdue work order: 836','Overdue Fertilizer Application for Socoro Farm 1 (Scenario 2) with WO 836',54,'/farms/work_order&id=836','exclamation-triangle','danger',1,NULL),(420,'2019-11-04','Overdue work order: 837','Overdue Fertilizer Application for Socoro Farm 1 (Scenario 2) with WO 837',54,'/farms/work_order&id=837','exclamation-triangle','danger',1,NULL),(421,'2019-11-04','Overdue work order: 833','Overdue Sow Seed for Socoro Farm 1 (Scenario 2) with WO 833',54,'/farms/work_order&id=833','exclamation-triangle','danger',1,NULL),(422,'2019-11-04','Overdue work order: 832','Overdue Land Preparation for Socoro Farm 1 (Scenario 2) with WO 832',54,'/farms/work_order&id=832','exclamation-triangle','danger',1,NULL),(423,'2019-11-04','Overdue work order: 843','Overdue Harvest for LA Farm WEST (Scenario 1) with WO 843',55,'/farms/work_order&id=843','exclamation-triangle','danger',1,NULL),(424,'2019-11-04','Overdue work order: 847','Overdue Fertilizer Application for LA Farm WEST (Scenario 1) with WO 847',55,'/farms/work_order&id=847','exclamation-triangle','danger',1,NULL),(425,'2019-11-04','Overdue work order: 848','Overdue Fertilizer Application for LA Farm WEST (Scenario 1) with WO 848',55,'/farms/work_order&id=848','exclamation-triangle','danger',1,NULL),(426,'2019-11-04','Overdue work order: 849','Overdue Fertilizer Application for LA Farm WEST (Scenario 1) with WO 849',55,'/farms/work_order&id=849','exclamation-triangle','danger',1,NULL),(427,'2019-11-04','Overdue work order: 844','Overdue Fertilizer Application for LA Farm WEST (Scenario 1) with WO 844',55,'/farms/work_order&id=844','exclamation-triangle','danger',1,NULL),(428,'2019-11-04','Overdue work order: 845','Overdue Fertilizer Application for LA Farm WEST (Scenario 1) with WO 845',55,'/farms/work_order&id=845','exclamation-triangle','danger',1,NULL),(429,'2019-11-04','Overdue work order: 846','Overdue Fertilizer Application for LA Farm WEST (Scenario 1) with WO 846',55,'/farms/work_order&id=846','exclamation-triangle','danger',1,NULL),(430,'2019-11-04','Overdue work order: 842','Overdue Sow Seed for LA Farm WEST (Scenario 1) with WO 842',55,'/farms/work_order&id=842','exclamation-triangle','danger',1,NULL),(431,'2019-11-04','Overdue work order: 841','Overdue Land Preparation for LA Farm WEST (Scenario 1) with WO 841',55,'/farms/work_order&id=841','exclamation-triangle','danger',1,NULL),(432,'2019-11-04','Overdue work order: 852','Overdue Harvest for LA Farm EAST with WO 852',56,'/farms/work_order&id=852','exclamation-triangle','danger',1,NULL),(433,'2019-11-04','Overdue work order: 856','Overdue Fertilizer Application for LA Farm EAST with WO 856',56,'/farms/work_order&id=856','exclamation-triangle','danger',1,NULL),(434,'2019-11-04','Overdue work order: 857','Overdue Fertilizer Application for LA Farm EAST with WO 857',56,'/farms/work_order&id=857','exclamation-triangle','danger',1,NULL),(435,'2019-11-04','Overdue work order: 858','Overdue Fertilizer Application for LA Farm EAST with WO 858',56,'/farms/work_order&id=858','exclamation-triangle','danger',1,NULL),(436,'2019-11-04','Overdue work order: 853','Overdue Fertilizer Application for LA Farm EAST with WO 853',56,'/farms/work_order&id=853','exclamation-triangle','danger',1,NULL),(437,'2019-11-04','Overdue work order: 854','Overdue Fertilizer Application for LA Farm EAST with WO 854',56,'/farms/work_order&id=854','exclamation-triangle','danger',1,NULL),(438,'2019-11-04','Overdue work order: 855','Overdue Fertilizer Application for LA Farm EAST with WO 855',56,'/farms/work_order&id=855','exclamation-triangle','danger',1,NULL),(439,'2019-11-04','Overdue work order: 851','Overdue Sow Seed for LA Farm EAST with WO 851',56,'/farms/work_order&id=851','exclamation-triangle','danger',1,NULL),(440,'2019-11-04','Overdue work order: 850','Overdue Land Preparation for LA Farm EAST with WO 850',56,'/farms/work_order&id=850','exclamation-triangle','danger',1,NULL),(441,'2019-11-04','Overdue work order: 861','Overdue Harvest for LA Farm NORTH with WO 861',57,'/farms/work_order&id=861','exclamation-triangle','danger',1,NULL),(442,'2019-11-04','Overdue work order: 867','Overdue Fertilizer Application for LA Farm NORTH with WO 867',57,'/farms/work_order&id=867','exclamation-triangle','danger',1,NULL),(443,'2019-11-04','Overdue work order: 865','Overdue Fertilizer Application for LA Farm NORTH with WO 865',57,'/farms/work_order&id=865','exclamation-triangle','danger',1,NULL),(444,'2019-11-04','Overdue work order: 866','Overdue Fertilizer Application for LA Farm NORTH with WO 866',57,'/farms/work_order&id=866','exclamation-triangle','danger',1,NULL),(445,'2019-11-04','Overdue work order: 862','Overdue Fertilizer Application for LA Farm NORTH with WO 862',57,'/farms/work_order&id=862','exclamation-triangle','danger',1,NULL),(446,'2019-11-04','Overdue work order: 863','Overdue Fertilizer Application for LA Farm NORTH with WO 863',57,'/farms/work_order&id=863','exclamation-triangle','danger',1,NULL),(447,'2019-11-04','Overdue work order: 864','Overdue Fertilizer Application for LA Farm NORTH with WO 864',57,'/farms/work_order&id=864','exclamation-triangle','danger',1,NULL),(448,'2019-11-04','Overdue work order: 860','Overdue Sow Seed for LA Farm NORTH with WO 860',57,'/farms/work_order&id=860','exclamation-triangle','danger',1,NULL),(449,'2019-11-04','Overdue work order: 859','Overdue Land Preparation for LA Farm NORTH with WO 859',57,'/farms/work_order&id=859','exclamation-triangle','danger',1,NULL),(450,'2019-11-04','Overdue work order: 870','Overdue Harvest for LA Farm SOUTH (Scenario 3) with WO 870',58,'/farms/work_order&id=870','exclamation-triangle','danger',1,NULL),(451,'2019-11-04','Overdue work order: 876','Overdue Fertilizer Application for LA Farm SOUTH (Scenario 3) with WO 876',58,'/farms/work_order&id=876','exclamation-triangle','danger',1,NULL),(452,'2019-11-04','Overdue work order: 874','Overdue Fertilizer Application for LA Farm SOUTH (Scenario 3) with WO 874',58,'/farms/work_order&id=874','exclamation-triangle','danger',1,NULL),(453,'2019-11-04','Overdue work order: 875','Overdue Fertilizer Application for LA Farm SOUTH (Scenario 3) with WO 875',58,'/farms/work_order&id=875','exclamation-triangle','danger',1,NULL),(454,'2019-11-04','Overdue work order: 872','Overdue Fertilizer Application for LA Farm SOUTH (Scenario 3) with WO 872',58,'/farms/work_order&id=872','exclamation-triangle','danger',1,NULL),(455,'2019-11-04','Overdue work order: 873','Overdue Fertilizer Application for LA Farm SOUTH (Scenario 3) with WO 873',58,'/farms/work_order&id=873','exclamation-triangle','danger',1,NULL),(456,'2019-11-04','Overdue work order: 871','Overdue Fertilizer Application for LA Farm SOUTH (Scenario 3) with WO 871',58,'/farms/work_order&id=871','exclamation-triangle','danger',1,NULL),(457,'2019-11-04','Overdue work order: 869','Overdue Sow Seed for LA Farm SOUTH (Scenario 3) with WO 869',58,'/farms/work_order&id=869','exclamation-triangle','danger',1,NULL),(458,'2019-11-04','Overdue work order: 868','Overdue Land Preparation for LA Farm SOUTH (Scenario 3) with WO 868',58,'/farms/work_order&id=868','exclamation-triangle','danger',1,NULL),(459,'2019-12-04','Overdue work order: 877','Overdue Pesticide Application for Socoro Farm 1 (Scenario 2) with WO 877',54,'/farms/work_order&id=877','exclamation-triangle','danger',1,NULL),(460,'2019-12-04','Overdue work order: 878','Overdue Pesticide Application for LA Farm WEST (Scenario 1) with WO 878',55,'/farms/work_order&id=878','exclamation-triangle','danger',1,NULL),(461,'2019-12-04','Overdue work order: 879','Overdue Pesticide Application for LA Farm EAST with WO 879',56,'/farms/work_order&id=879','exclamation-triangle','danger',1,NULL),(462,'2019-12-04','Overdue work order: 880','Overdue Pesticide Application for LA Farm NORTH with WO 880',57,'/farms/work_order&id=880','exclamation-triangle','danger',1,NULL),(463,'2019-12-04','Overdue work order: 881','Overdue Pesticide Application for LA Farm SOUTH (Scenario 3) with WO 881',58,'/farms/work_order&id=881','exclamation-triangle','danger',1,NULL),(464,'2020-05-14','Incoming work order: 884 due in a week','Harvest for Socoro Farm 1 (Scenario 2) with WO 884 due in a week',54,'/farms/work_order&id=884','exclamation-triangle','warning',1,NULL),(465,'2020-05-14','Incoming work order: 888 due in a week','Fertilizer Application for Socoro Farm 1 (Scenario 2) with WO 888 due in a week',54,'/farms/work_order&id=888','exclamation-triangle','warning',1,NULL),(466,'2020-05-14','Incoming work order: 889 due in a week','Fertilizer Application for Socoro Farm 1 (Scenario 2) with WO 889 due in a week',54,'/farms/work_order&id=889','exclamation-triangle','warning',1,NULL),(467,'2020-05-14','Incoming work order: 890 due in a week','Fertilizer Application for Socoro Farm 1 (Scenario 2) with WO 890 due in a week',54,'/farms/work_order&id=890','exclamation-triangle','warning',1,NULL),(468,'2020-05-14','Incoming work order: 885 due in a week','Fertilizer Application for Socoro Farm 1 (Scenario 2) with WO 885 due in a week',54,'/farms/work_order&id=885','exclamation-triangle','warning',1,NULL),(469,'2020-05-14','Incoming work order: 886 due in a week','Fertilizer Application for Socoro Farm 1 (Scenario 2) with WO 886 due in a week',54,'/farms/work_order&id=886','exclamation-triangle','warning',1,NULL),(470,'2020-05-14','Incoming work order: 887 due in a week','Fertilizer Application for Socoro Farm 1 (Scenario 2) with WO 887 due in a week',54,'/farms/work_order&id=887','exclamation-triangle','warning',1,NULL),(471,'2020-05-14','Incoming work order: 883 due in a week','Sow Seed for Socoro Farm 1 (Scenario 2) with WO 883 due in a week',54,'/farms/work_order&id=883','exclamation-triangle','warning',1,NULL),(472,'2020-05-14','Incoming work order: 882 due in a week','Land Preparation for Socoro Farm 1 (Scenario 2) with WO 882 due in a week',54,'/farms/work_order&id=882','exclamation-triangle','warning',1,NULL),(473,'2020-05-14','Overdue work order: 893','Overdue Harvest for Socoro Farm 1 (Scenario 2) with WO 893',54,'/farms/work_order&id=893','exclamation-triangle','danger',1,NULL),(474,'2020-05-14','Overdue work order: 897','Overdue Fertilizer Application for Socoro Farm 1 (Scenario 2) with WO 897',54,'/farms/work_order&id=897','exclamation-triangle','danger',1,NULL),(475,'2020-05-14','Overdue work order: 898','Overdue Fertilizer Application for Socoro Farm 1 (Scenario 2) with WO 898',54,'/farms/work_order&id=898','exclamation-triangle','danger',1,NULL),(476,'2020-05-14','Overdue work order: 899','Overdue Fertilizer Application for Socoro Farm 1 (Scenario 2) with WO 899',54,'/farms/work_order&id=899','exclamation-triangle','danger',1,NULL),(477,'2020-05-14','Overdue work order: 894','Overdue Fertilizer Application for Socoro Farm 1 (Scenario 2) with WO 894',54,'/farms/work_order&id=894','exclamation-triangle','danger',1,NULL),(478,'2020-05-14','Overdue work order: 895','Overdue Fertilizer Application for Socoro Farm 1 (Scenario 2) with WO 895',54,'/farms/work_order&id=895','exclamation-triangle','danger',1,NULL),(479,'2020-05-14','Overdue work order: 896','Overdue Fertilizer Application for Socoro Farm 1 (Scenario 2) with WO 896',54,'/farms/work_order&id=896','exclamation-triangle','danger',1,NULL),(480,'2020-05-14','Overdue work order: 892','Overdue Sow Seed for Socoro Farm 1 (Scenario 2) with WO 892',54,'/farms/work_order&id=892','exclamation-triangle','danger',1,NULL),(481,'2020-05-14','Overdue work order: 891','Overdue Land Preparation for Socoro Farm 1 (Scenario 2) with WO 891',54,'/farms/work_order&id=891','exclamation-triangle','danger',1,NULL),(482,'2020-05-14','Overdue work order: 902','Overdue Harvest for LA Farm WEST (Scenario 1) with WO 902',55,'/farms/work_order&id=902','exclamation-triangle','danger',1,NULL),(483,'2020-05-14','Overdue work order: 906','Overdue Fertilizer Application for LA Farm WEST (Scenario 1) with WO 906',55,'/farms/work_order&id=906','exclamation-triangle','danger',1,NULL),(484,'2020-05-14','Overdue work order: 907','Overdue Fertilizer Application for LA Farm WEST (Scenario 1) with WO 907',55,'/farms/work_order&id=907','exclamation-triangle','danger',1,NULL),(485,'2020-05-14','Overdue work order: 908','Overdue Fertilizer Application for LA Farm WEST (Scenario 1) with WO 908',55,'/farms/work_order&id=908','exclamation-triangle','danger',1,NULL),(486,'2020-05-14','Overdue work order: 903','Overdue Fertilizer Application for LA Farm WEST (Scenario 1) with WO 903',55,'/farms/work_order&id=903','exclamation-triangle','danger',1,NULL),(487,'2020-05-14','Overdue work order: 904','Overdue Fertilizer Application for LA Farm WEST (Scenario 1) with WO 904',55,'/farms/work_order&id=904','exclamation-triangle','danger',1,NULL),(488,'2020-05-14','Overdue work order: 905','Overdue Fertilizer Application for LA Farm WEST (Scenario 1) with WO 905',55,'/farms/work_order&id=905','exclamation-triangle','danger',1,NULL),(489,'2020-05-14','Overdue work order: 901','Overdue Sow Seed for LA Farm WEST (Scenario 1) with WO 901',55,'/farms/work_order&id=901','exclamation-triangle','danger',1,NULL),(490,'2020-05-14','Overdue work order: 900','Overdue Land Preparation for LA Farm WEST (Scenario 1) with WO 900',55,'/farms/work_order&id=900','exclamation-triangle','danger',1,NULL),(491,'2020-05-14','Overdue work order: 911','Overdue Harvest for LA Farm EAST with WO 911',56,'/farms/work_order&id=911','exclamation-triangle','danger',1,NULL),(492,'2020-05-14','Overdue work order: 915','Overdue Fertilizer Application for LA Farm EAST with WO 915',56,'/farms/work_order&id=915','exclamation-triangle','danger',1,NULL),(493,'2020-05-14','Overdue work order: 916','Overdue Fertilizer Application for LA Farm EAST with WO 916',56,'/farms/work_order&id=916','exclamation-triangle','danger',1,NULL),(494,'2020-05-14','Overdue work order: 917','Overdue Fertilizer Application for LA Farm EAST with WO 917',56,'/farms/work_order&id=917','exclamation-triangle','danger',1,NULL),(495,'2020-05-14','Overdue work order: 912','Overdue Fertilizer Application for LA Farm EAST with WO 912',56,'/farms/work_order&id=912','exclamation-triangle','danger',1,NULL),(496,'2020-05-14','Overdue work order: 913','Overdue Fertilizer Application for LA Farm EAST with WO 913',56,'/farms/work_order&id=913','exclamation-triangle','danger',1,NULL),(497,'2020-05-14','Overdue work order: 914','Overdue Fertilizer Application for LA Farm EAST with WO 914',56,'/farms/work_order&id=914','exclamation-triangle','danger',1,NULL),(498,'2020-05-14','Overdue work order: 910','Overdue Sow Seed for LA Farm EAST with WO 910',56,'/farms/work_order&id=910','exclamation-triangle','danger',1,NULL),(499,'2020-05-14','Overdue work order: 909','Overdue Land Preparation for LA Farm EAST with WO 909',56,'/farms/work_order&id=909','exclamation-triangle','danger',1,NULL),(500,'2020-05-14','Overdue work order: 920','Overdue Harvest for LA Farm NORTH with WO 920',57,'/farms/work_order&id=920','exclamation-triangle','danger',1,NULL),(501,'2020-05-14','Overdue work order: 926','Overdue Fertilizer Application for LA Farm NORTH with WO 926',57,'/farms/work_order&id=926','exclamation-triangle','danger',1,NULL),(502,'2020-05-14','Overdue work order: 924','Overdue Fertilizer Application for LA Farm NORTH with WO 924',57,'/farms/work_order&id=924','exclamation-triangle','danger',1,NULL),(503,'2020-05-14','Overdue work order: 925','Overdue Fertilizer Application for LA Farm NORTH with WO 925',57,'/farms/work_order&id=925','exclamation-triangle','danger',1,NULL),(504,'2020-05-14','Overdue work order: 921','Overdue Fertilizer Application for LA Farm NORTH with WO 921',57,'/farms/work_order&id=921','exclamation-triangle','danger',1,NULL),(505,'2020-05-14','Overdue work order: 922','Overdue Fertilizer Application for LA Farm NORTH with WO 922',57,'/farms/work_order&id=922','exclamation-triangle','danger',1,NULL),(506,'2020-05-14','Overdue work order: 923','Overdue Fertilizer Application for LA Farm NORTH with WO 923',57,'/farms/work_order&id=923','exclamation-triangle','danger',1,NULL),(507,'2020-05-14','Overdue work order: 919','Overdue Sow Seed for LA Farm NORTH with WO 919',57,'/farms/work_order&id=919','exclamation-triangle','danger',1,NULL),(508,'2020-05-14','Overdue work order: 918','Overdue Land Preparation for LA Farm NORTH with WO 918',57,'/farms/work_order&id=918','exclamation-triangle','danger',1,NULL),(509,'2020-05-14','Overdue work order: 929','Overdue Harvest for LA Farm SOUTH (Scenario 3) with WO 929',58,'/farms/work_order&id=929','exclamation-triangle','danger',1,NULL),(510,'2020-05-14','Overdue work order: 935','Overdue Fertilizer Application for LA Farm SOUTH (Scenario 3) with WO 935',58,'/farms/work_order&id=935','exclamation-triangle','danger',1,NULL),(511,'2020-05-14','Overdue work order: 933','Overdue Fertilizer Application for LA Farm SOUTH (Scenario 3) with WO 933',58,'/farms/work_order&id=933','exclamation-triangle','danger',1,NULL),(512,'2020-05-14','Overdue work order: 934','Overdue Fertilizer Application for LA Farm SOUTH (Scenario 3) with WO 934',58,'/farms/work_order&id=934','exclamation-triangle','danger',1,NULL),(513,'2020-05-14','Overdue work order: 931','Overdue Fertilizer Application for LA Farm SOUTH (Scenario 3) with WO 931',58,'/farms/work_order&id=931','exclamation-triangle','danger',1,NULL),(514,'2020-05-14','Overdue work order: 932','Overdue Fertilizer Application for LA Farm SOUTH (Scenario 3) with WO 932',58,'/farms/work_order&id=932','exclamation-triangle','danger',1,NULL),(515,'2020-05-14','Overdue work order: 930','Overdue Fertilizer Application for LA Farm SOUTH (Scenario 3) with WO 930',58,'/farms/work_order&id=930','exclamation-triangle','danger',1,NULL),(516,'2020-05-14','Overdue work order: 928','Overdue Sow Seed for LA Farm SOUTH (Scenario 3) with WO 928',58,'/farms/work_order&id=928','exclamation-triangle','danger',1,NULL),(517,'2020-05-14','Overdue work order: 927','Overdue Land Preparation for LA Farm SOUTH (Scenario 3) with WO 927',58,'/farms/work_order&id=927','exclamation-triangle','danger',1,NULL),(518,'2020-11-09','Overdue work order: 938','Overdue Harvest for Socoro Farm 1 (Scenario 2) with WO 938',54,'/farms/work_order&id=938','exclamation-triangle','danger',1,NULL),(519,'2020-11-09','Overdue work order: 942','Overdue Fertilizer Application for Socoro Farm 1 (Scenario 2) with WO 942',54,'/farms/work_order&id=942','exclamation-triangle','danger',1,NULL),(520,'2020-11-09','Overdue work order: 943','Overdue Fertilizer Application for Socoro Farm 1 (Scenario 2) with WO 943',54,'/farms/work_order&id=943','exclamation-triangle','danger',1,NULL),(521,'2020-11-09','Overdue work order: 944','Overdue Fertilizer Application for Socoro Farm 1 (Scenario 2) with WO 944',54,'/farms/work_order&id=944','exclamation-triangle','danger',1,NULL),(522,'2020-11-09','Overdue work order: 939','Overdue Fertilizer Application for Socoro Farm 1 (Scenario 2) with WO 939',54,'/farms/work_order&id=939','exclamation-triangle','danger',1,NULL),(523,'2020-11-09','Overdue work order: 940','Overdue Fertilizer Application for Socoro Farm 1 (Scenario 2) with WO 940',54,'/farms/work_order&id=940','exclamation-triangle','danger',1,NULL),(524,'2020-11-09','Overdue work order: 941','Overdue Fertilizer Application for Socoro Farm 1 (Scenario 2) with WO 941',54,'/farms/work_order&id=941','exclamation-triangle','danger',1,NULL),(525,'2020-11-09','Overdue work order: 937','Overdue Sow Seed for Socoro Farm 1 (Scenario 2) with WO 937',54,'/farms/work_order&id=937','exclamation-triangle','danger',1,NULL),(526,'2020-11-09','Overdue work order: 936','Overdue Land Preparation for Socoro Farm 1 (Scenario 2) with WO 936',54,'/farms/work_order&id=936','exclamation-triangle','danger',1,NULL),(527,'2020-11-09','Overdue work order: 947','Overdue Harvest for LA Farm WEST (Scenario 1) with WO 947',55,'/farms/work_order&id=947','exclamation-triangle','danger',1,NULL),(528,'2020-11-09','Overdue work order: 951','Overdue Fertilizer Application for LA Farm WEST (Scenario 1) with WO 951',55,'/farms/work_order&id=951','exclamation-triangle','danger',1,NULL),(529,'2020-11-09','Overdue work order: 952','Overdue Fertilizer Application for LA Farm WEST (Scenario 1) with WO 952',55,'/farms/work_order&id=952','exclamation-triangle','danger',1,NULL),(530,'2020-11-09','Overdue work order: 953','Overdue Fertilizer Application for LA Farm WEST (Scenario 1) with WO 953',55,'/farms/work_order&id=953','exclamation-triangle','danger',1,NULL),(531,'2020-11-09','Overdue work order: 948','Overdue Fertilizer Application for LA Farm WEST (Scenario 1) with WO 948',55,'/farms/work_order&id=948','exclamation-triangle','danger',1,NULL),(532,'2020-11-09','Overdue work order: 949','Overdue Fertilizer Application for LA Farm WEST (Scenario 1) with WO 949',55,'/farms/work_order&id=949','exclamation-triangle','danger',1,NULL),(533,'2020-11-09','Overdue work order: 950','Overdue Fertilizer Application for LA Farm WEST (Scenario 1) with WO 950',55,'/farms/work_order&id=950','exclamation-triangle','danger',1,NULL),(534,'2020-11-09','Overdue work order: 946','Overdue Sow Seed for LA Farm WEST (Scenario 1) with WO 946',55,'/farms/work_order&id=946','exclamation-triangle','danger',1,NULL),(535,'2020-11-09','Overdue work order: 945','Overdue Land Preparation for LA Farm WEST (Scenario 1) with WO 945',55,'/farms/work_order&id=945','exclamation-triangle','danger',1,NULL),(536,'2020-11-09','Overdue work order: 956','Overdue Harvest for LA Farm EAST with WO 956',56,'/farms/work_order&id=956','exclamation-triangle','danger',1,NULL),(537,'2020-11-09','Overdue work order: 960','Overdue Fertilizer Application for LA Farm EAST with WO 960',56,'/farms/work_order&id=960','exclamation-triangle','danger',1,NULL),(538,'2020-11-09','Overdue work order: 961','Overdue Fertilizer Application for LA Farm EAST with WO 961',56,'/farms/work_order&id=961','exclamation-triangle','danger',1,NULL),(539,'2020-11-09','Overdue work order: 962','Overdue Fertilizer Application for LA Farm EAST with WO 962',56,'/farms/work_order&id=962','exclamation-triangle','danger',1,NULL),(540,'2020-11-09','Overdue work order: 957','Overdue Fertilizer Application for LA Farm EAST with WO 957',56,'/farms/work_order&id=957','exclamation-triangle','danger',1,NULL),(541,'2020-11-09','Overdue work order: 958','Overdue Fertilizer Application for LA Farm EAST with WO 958',56,'/farms/work_order&id=958','exclamation-triangle','danger',1,NULL),(542,'2020-11-09','Overdue work order: 959','Overdue Fertilizer Application for LA Farm EAST with WO 959',56,'/farms/work_order&id=959','exclamation-triangle','danger',1,NULL),(543,'2020-11-09','Overdue work order: 955','Overdue Sow Seed for LA Farm EAST with WO 955',56,'/farms/work_order&id=955','exclamation-triangle','danger',1,NULL),(544,'2020-11-09','Overdue work order: 954','Overdue Land Preparation for LA Farm EAST with WO 954',56,'/farms/work_order&id=954','exclamation-triangle','danger',1,NULL),(545,'2020-11-09','Overdue work order: 965','Overdue Harvest for LA Farm NORTH with WO 965',57,'/farms/work_order&id=965','exclamation-triangle','danger',1,NULL),(546,'2020-11-09','Overdue work order: 971','Overdue Fertilizer Application for LA Farm NORTH with WO 971',57,'/farms/work_order&id=971','exclamation-triangle','danger',1,NULL),(547,'2020-11-09','Overdue work order: 969','Overdue Fertilizer Application for LA Farm NORTH with WO 969',57,'/farms/work_order&id=969','exclamation-triangle','danger',1,NULL),(548,'2020-11-09','Overdue work order: 970','Overdue Fertilizer Application for LA Farm NORTH with WO 970',57,'/farms/work_order&id=970','exclamation-triangle','danger',1,NULL),(549,'2020-11-09','Overdue work order: 966','Overdue Fertilizer Application for LA Farm NORTH with WO 966',57,'/farms/work_order&id=966','exclamation-triangle','danger',1,NULL),(550,'2020-11-09','Overdue work order: 967','Overdue Fertilizer Application for LA Farm NORTH with WO 967',57,'/farms/work_order&id=967','exclamation-triangle','danger',1,NULL),(551,'2020-11-09','Overdue work order: 968','Overdue Fertilizer Application for LA Farm NORTH with WO 968',57,'/farms/work_order&id=968','exclamation-triangle','danger',1,NULL),(552,'2020-11-09','Overdue work order: 964','Overdue Sow Seed for LA Farm NORTH with WO 964',57,'/farms/work_order&id=964','exclamation-triangle','danger',1,NULL),(553,'2020-11-09','Overdue work order: 963','Overdue Land Preparation for LA Farm NORTH with WO 963',57,'/farms/work_order&id=963','exclamation-triangle','danger',1,NULL),(554,'2020-11-09','Overdue work order: 974','Overdue Harvest for LA Farm SOUTH (Scenario 3) with WO 974',58,'/farms/work_order&id=974','exclamation-triangle','danger',1,NULL),(555,'2020-11-09','Overdue work order: 980','Overdue Fertilizer Application for LA Farm SOUTH (Scenario 3) with WO 980',58,'/farms/work_order&id=980','exclamation-triangle','danger',1,NULL),(556,'2020-11-09','Overdue work order: 978','Overdue Fertilizer Application for LA Farm SOUTH (Scenario 3) with WO 978',58,'/farms/work_order&id=978','exclamation-triangle','danger',1,NULL),(557,'2020-11-09','Overdue work order: 979','Overdue Fertilizer Application for LA Farm SOUTH (Scenario 3) with WO 979',58,'/farms/work_order&id=979','exclamation-triangle','danger',1,NULL),(558,'2020-11-09','Overdue work order: 976','Overdue Fertilizer Application for LA Farm SOUTH (Scenario 3) with WO 976',58,'/farms/work_order&id=976','exclamation-triangle','danger',1,NULL),(559,'2020-11-09','Overdue work order: 977','Overdue Fertilizer Application for LA Farm SOUTH (Scenario 3) with WO 977',58,'/farms/work_order&id=977','exclamation-triangle','danger',1,NULL),(560,'2020-11-09','Overdue work order: 975','Overdue Fertilizer Application for LA Farm SOUTH (Scenario 3) with WO 975',58,'/farms/work_order&id=975','exclamation-triangle','danger',1,NULL),(561,'2020-11-09','Overdue work order: 973','Overdue Sow Seed for LA Farm SOUTH (Scenario 3) with WO 973',58,'/farms/work_order&id=973','exclamation-triangle','danger',1,NULL),(562,'2020-11-09','Overdue work order: 972','Overdue Land Preparation for LA Farm SOUTH (Scenario 3) with WO 972',58,'/farms/work_order&id=972','exclamation-triangle','danger',1,NULL),(563,'2021-05-07','Overdue work order: 983','Overdue Harvest for Socoro Farm 1 (Scenario 2) with WO 983',54,'/farms/work_order&id=983','exclamation-triangle','danger',1,NULL),(564,'2021-05-07','Overdue work order: 990','Overdue Fertilizer Application for Socoro Farm 1 (Scenario 2) with WO 990',54,'/farms/work_order&id=990','exclamation-triangle','danger',1,NULL),(565,'2021-05-07','Overdue work order: 988','Overdue Fertilizer Application for Socoro Farm 1 (Scenario 2) with WO 988',54,'/farms/work_order&id=988','exclamation-triangle','danger',1,NULL),(566,'2021-05-07','Overdue work order: 989','Overdue Fertilizer Application for Socoro Farm 1 (Scenario 2) with WO 989',54,'/farms/work_order&id=989','exclamation-triangle','danger',1,NULL),(567,'2021-05-07','Overdue work order: 987','Overdue Fertilizer Application for Socoro Farm 1 (Scenario 2) with WO 987',54,'/farms/work_order&id=987','exclamation-triangle','danger',1,NULL),(568,'2021-05-07','Overdue work order: 986','Overdue Fertilizer Application for Socoro Farm 1 (Scenario 2) with WO 986',54,'/farms/work_order&id=986','exclamation-triangle','danger',1,NULL),(569,'2021-05-07','Overdue work order: 984','Overdue Fertilizer Application for Socoro Farm 1 (Scenario 2) with WO 984',54,'/farms/work_order&id=984','exclamation-triangle','danger',1,NULL),(570,'2021-05-07','Overdue work order: 985','Overdue Fertilizer Application for Socoro Farm 1 (Scenario 2) with WO 985',54,'/farms/work_order&id=985','exclamation-triangle','danger',1,NULL),(571,'2021-05-07','Overdue work order: 982','Overdue Sow Seed for Socoro Farm 1 (Scenario 2) with WO 982',54,'/farms/work_order&id=982','exclamation-triangle','danger',1,NULL),(572,'2021-05-07','Overdue work order: 981','Overdue Land Preparation for Socoro Farm 1 (Scenario 2) with WO 981',54,'/farms/work_order&id=981','exclamation-triangle','danger',1,NULL),(573,'2021-05-07','Overdue work order: 993','Overdue Harvest for LA Farm WEST (Scenario 1) with WO 993',55,'/farms/work_order&id=993','exclamation-triangle','danger',1,NULL),(574,'2021-05-07','Overdue work order: 1000','Overdue Fertilizer Application for LA Farm WEST (Scenario 1) with WO 1000',55,'/farms/work_order&id=1000','exclamation-triangle','danger',1,NULL),(575,'2021-05-07','Overdue work order: 998','Overdue Fertilizer Application for LA Farm WEST (Scenario 1) with WO 998',55,'/farms/work_order&id=998','exclamation-triangle','danger',1,NULL),(576,'2021-05-07','Overdue work order: 999','Overdue Fertilizer Application for LA Farm WEST (Scenario 1) with WO 999',55,'/farms/work_order&id=999','exclamation-triangle','danger',1,NULL),(577,'2021-05-07','Overdue work order: 997','Overdue Fertilizer Application for LA Farm WEST (Scenario 1) with WO 997',55,'/farms/work_order&id=997','exclamation-triangle','danger',1,NULL),(578,'2021-05-07','Overdue work order: 996','Overdue Fertilizer Application for LA Farm WEST (Scenario 1) with WO 996',55,'/farms/work_order&id=996','exclamation-triangle','danger',1,NULL),(579,'2021-05-07','Overdue work order: 994','Overdue Fertilizer Application for LA Farm WEST (Scenario 1) with WO 994',55,'/farms/work_order&id=994','exclamation-triangle','danger',1,NULL),(580,'2021-05-07','Overdue work order: 995','Overdue Fertilizer Application for LA Farm WEST (Scenario 1) with WO 995',55,'/farms/work_order&id=995','exclamation-triangle','danger',1,NULL),(581,'2021-05-07','Overdue work order: 992','Overdue Sow Seed for LA Farm WEST (Scenario 1) with WO 992',55,'/farms/work_order&id=992','exclamation-triangle','danger',1,NULL),(582,'2021-05-07','Overdue work order: 991','Overdue Land Preparation for LA Farm WEST (Scenario 1) with WO 991',55,'/farms/work_order&id=991','exclamation-triangle','danger',1,NULL),(583,'2021-05-07','Overdue work order: 1003','Overdue Harvest for LA Farm EAST with WO 1003',56,'/farms/work_order&id=1003','exclamation-triangle','danger',1,NULL),(584,'2021-05-07','Overdue work order: 1010','Overdue Fertilizer Application for LA Farm EAST with WO 1010',56,'/farms/work_order&id=1010','exclamation-triangle','danger',1,NULL),(585,'2021-05-07','Overdue work order: 1008','Overdue Fertilizer Application for LA Farm EAST with WO 1008',56,'/farms/work_order&id=1008','exclamation-triangle','danger',1,NULL),(586,'2021-05-07','Overdue work order: 1009','Overdue Fertilizer Application for LA Farm EAST with WO 1009',56,'/farms/work_order&id=1009','exclamation-triangle','danger',1,NULL),(587,'2021-05-07','Overdue work order: 1007','Overdue Fertilizer Application for LA Farm EAST with WO 1007',56,'/farms/work_order&id=1007','exclamation-triangle','danger',1,NULL),(588,'2021-05-07','Overdue work order: 1006','Overdue Fertilizer Application for LA Farm EAST with WO 1006',56,'/farms/work_order&id=1006','exclamation-triangle','danger',1,NULL),(589,'2021-05-07','Overdue work order: 1004','Overdue Fertilizer Application for LA Farm EAST with WO 1004',56,'/farms/work_order&id=1004','exclamation-triangle','danger',1,NULL),(590,'2021-05-07','Overdue work order: 1005','Overdue Fertilizer Application for LA Farm EAST with WO 1005',56,'/farms/work_order&id=1005','exclamation-triangle','danger',1,NULL),(591,'2021-05-07','Overdue work order: 1002','Overdue Sow Seed for LA Farm EAST with WO 1002',56,'/farms/work_order&id=1002','exclamation-triangle','danger',1,NULL),(592,'2021-05-07','Overdue work order: 1001','Overdue Land Preparation for LA Farm EAST with WO 1001',56,'/farms/work_order&id=1001','exclamation-triangle','danger',1,NULL),(593,'2021-05-07','Overdue work order: 1013','Overdue Harvest for LA Farm NORTH with WO 1013',57,'/farms/work_order&id=1013','exclamation-triangle','danger',1,NULL),(594,'2021-05-07','Overdue work order: 1021','Overdue Fertilizer Application for LA Farm NORTH with WO 1021',57,'/farms/work_order&id=1021','exclamation-triangle','danger',1,NULL),(595,'2021-05-07','Overdue work order: 1020','Overdue Fertilizer Application for LA Farm NORTH with WO 1020',57,'/farms/work_order&id=1020','exclamation-triangle','danger',1,NULL),(596,'2021-05-07','Overdue work order: 1018','Overdue Fertilizer Application for LA Farm NORTH with WO 1018',57,'/farms/work_order&id=1018','exclamation-triangle','danger',1,NULL),(597,'2021-05-07','Overdue work order: 1019','Overdue Fertilizer Application for LA Farm NORTH with WO 1019',57,'/farms/work_order&id=1019','exclamation-triangle','danger',1,NULL),(598,'2021-05-07','Overdue work order: 1017','Overdue Fertilizer Application for LA Farm NORTH with WO 1017',57,'/farms/work_order&id=1017','exclamation-triangle','danger',1,NULL),(599,'2021-05-07','Overdue work order: 1016','Overdue Fertilizer Application for LA Farm NORTH with WO 1016',57,'/farms/work_order&id=1016','exclamation-triangle','danger',1,NULL),(600,'2021-05-07','Overdue work order: 1015','Overdue Fertilizer Application for LA Farm NORTH with WO 1015',57,'/farms/work_order&id=1015','exclamation-triangle','danger',1,NULL),(601,'2021-05-07','Overdue work order: 1014','Overdue Fertilizer Application for LA Farm NORTH with WO 1014',57,'/farms/work_order&id=1014','exclamation-triangle','danger',1,NULL),(602,'2021-05-07','Overdue work order: 1012','Overdue Sow Seed for LA Farm NORTH with WO 1012',57,'/farms/work_order&id=1012','exclamation-triangle','danger',1,NULL),(603,'2021-05-07','Overdue work order: 1011','Overdue Land Preparation for LA Farm NORTH with WO 1011',57,'/farms/work_order&id=1011','exclamation-triangle','danger',1,NULL),(604,'2021-05-07','Overdue work order: 1024','Overdue Harvest for LA Farm SOUTH (Scenario 3) with WO 1024',58,'/farms/work_order&id=1024','exclamation-triangle','danger',1,NULL),(605,'2021-05-07','Overdue work order: 1032','Overdue Fertilizer Application for LA Farm SOUTH (Scenario 3) with WO 1032',58,'/farms/work_order&id=1032','exclamation-triangle','danger',1,NULL),(606,'2021-05-07','Overdue work order: 1031','Overdue Fertilizer Application for LA Farm SOUTH (Scenario 3) with WO 1031',58,'/farms/work_order&id=1031','exclamation-triangle','danger',1,NULL),(607,'2021-05-07','Overdue work order: 1029','Overdue Fertilizer Application for LA Farm SOUTH (Scenario 3) with WO 1029',58,'/farms/work_order&id=1029','exclamation-triangle','danger',1,NULL),(608,'2021-05-07','Overdue work order: 1030','Overdue Fertilizer Application for LA Farm SOUTH (Scenario 3) with WO 1030',58,'/farms/work_order&id=1030','exclamation-triangle','danger',1,NULL),(609,'2021-05-07','Overdue work order: 1028','Overdue Fertilizer Application for LA Farm SOUTH (Scenario 3) with WO 1028',58,'/farms/work_order&id=1028','exclamation-triangle','danger',1,NULL),(610,'2021-05-07','Overdue work order: 1027','Overdue Fertilizer Application for LA Farm SOUTH (Scenario 3) with WO 1027',58,'/farms/work_order&id=1027','exclamation-triangle','danger',1,NULL),(611,'2021-05-07','Overdue work order: 1026','Overdue Fertilizer Application for LA Farm SOUTH (Scenario 3) with WO 1026',58,'/farms/work_order&id=1026','exclamation-triangle','danger',1,NULL),(612,'2021-05-07','Overdue work order: 1025','Overdue Fertilizer Application for LA Farm SOUTH (Scenario 3) with WO 1025',58,'/farms/work_order&id=1025','exclamation-triangle','danger',1,NULL),(613,'2021-05-07','Overdue work order: 1023','Overdue Sow Seed for LA Farm SOUTH (Scenario 3) with WO 1023',58,'/farms/work_order&id=1023','exclamation-triangle','danger',1,NULL),(614,'2021-05-07','Overdue work order: 1022','Overdue Land Preparation for LA Farm SOUTH (Scenario 3) with WO 1022',58,'/farms/work_order&id=1022','exclamation-triangle','danger',1,NULL),(615,'2021-10-26','Incoming work order: 1045 due in a week','Harvest for Socoro Farm 1 (Scenario 2) with WO 1045 due in a week',54,'/farms/work_order&id=1045','exclamation-triangle','warning',1,NULL),(616,'2021-10-26','Overdue work order: 1052','Overdue Fertilizer Application for Socoro Farm 1 (Scenario 2) with WO 1052',54,'/farms/work_order&id=1052','exclamation-triangle','danger',1,NULL),(617,'2021-10-26','Overdue work order: 1050','Overdue Fertilizer Application for Socoro Farm 1 (Scenario 2) with WO 1050',54,'/farms/work_order&id=1050','exclamation-triangle','danger',1,NULL),(618,'2021-10-26','Overdue work order: 1051','Overdue Fertilizer Application for Socoro Farm 1 (Scenario 2) with WO 1051',54,'/farms/work_order&id=1051','exclamation-triangle','danger',1,NULL),(619,'2021-10-26','Overdue work order: 1049','Overdue Fertilizer Application for Socoro Farm 1 (Scenario 2) with WO 1049',54,'/farms/work_order&id=1049','exclamation-triangle','danger',1,NULL),(620,'2021-10-26','Overdue work order: 1048','Overdue Fertilizer Application for Socoro Farm 1 (Scenario 2) with WO 1048',54,'/farms/work_order&id=1048','exclamation-triangle','danger',1,NULL),(621,'2021-10-26','Overdue work order: 1046','Overdue Fertilizer Application for Socoro Farm 1 (Scenario 2) with WO 1046',54,'/farms/work_order&id=1046','exclamation-triangle','danger',1,NULL),(622,'2021-10-26','Overdue work order: 1047','Overdue Fertilizer Application for Socoro Farm 1 (Scenario 2) with WO 1047',54,'/farms/work_order&id=1047','exclamation-triangle','danger',1,NULL),(623,'2021-10-26','Overdue work order: 1044','Overdue Sow Seed for Socoro Farm 1 (Scenario 2) with WO 1044',54,'/farms/work_order&id=1044','exclamation-triangle','danger',1,NULL),(624,'2021-10-26','Overdue work order: 1043','Overdue Land Preparation for Socoro Farm 1 (Scenario 2) with WO 1043',54,'/farms/work_order&id=1043','exclamation-triangle','danger',1,NULL),(625,'2021-10-26','Incoming work order: 1055 due in a week','Harvest for LA Farm WEST (Scenario 1) with WO 1055 due in a week',55,'/farms/work_order&id=1055','exclamation-triangle','warning',1,NULL),(626,'2021-10-26','Overdue work order: 1062','Overdue Fertilizer Application for LA Farm WEST (Scenario 1) with WO 1062',55,'/farms/work_order&id=1062','exclamation-triangle','danger',1,NULL),(627,'2021-10-26','Overdue work order: 1060','Overdue Fertilizer Application for LA Farm WEST (Scenario 1) with WO 1060',55,'/farms/work_order&id=1060','exclamation-triangle','danger',0,NULL),(628,'2021-10-26','Overdue work order: 1061','Overdue Fertilizer Application for LA Farm WEST (Scenario 1) with WO 1061',55,'/farms/work_order&id=1061','exclamation-triangle','danger',1,NULL),(629,'2021-10-26','Overdue work order: 1059','Overdue Fertilizer Application for LA Farm WEST (Scenario 1) with WO 1059',55,'/farms/work_order&id=1059','exclamation-triangle','danger',1,NULL),(630,'2021-10-26','Overdue work order: 1058','Overdue Fertilizer Application for LA Farm WEST (Scenario 1) with WO 1058',55,'/farms/work_order&id=1058','exclamation-triangle','danger',1,NULL),(631,'2021-10-26','Overdue work order: 1056','Overdue Fertilizer Application for LA Farm WEST (Scenario 1) with WO 1056',55,'/farms/work_order&id=1056','exclamation-triangle','danger',1,NULL),(632,'2021-10-26','Overdue work order: 1057','Overdue Fertilizer Application for LA Farm WEST (Scenario 1) with WO 1057',55,'/farms/work_order&id=1057','exclamation-triangle','danger',1,NULL),(633,'2021-10-26','Overdue work order: 1054','Overdue Sow Seed for LA Farm WEST (Scenario 1) with WO 1054',55,'/farms/work_order&id=1054','exclamation-triangle','danger',1,NULL),(634,'2021-10-26','Overdue work order: 1053','Overdue Land Preparation for LA Farm WEST (Scenario 1) with WO 1053',55,'/farms/work_order&id=1053','exclamation-triangle','danger',1,NULL),(635,'2021-10-26','Incoming work order: 1065 due in a week','Harvest for LA Farm EAST with WO 1065 due in a week',56,'/farms/work_order&id=1065','exclamation-triangle','warning',1,NULL),(636,'2021-10-26','Overdue work order: 1072','Overdue Fertilizer Application for LA Farm EAST with WO 1072',56,'/farms/work_order&id=1072','exclamation-triangle','danger',1,NULL),(637,'2021-10-26','Overdue work order: 1070','Overdue Fertilizer Application for LA Farm EAST with WO 1070',56,'/farms/work_order&id=1070','exclamation-triangle','danger',1,NULL),(638,'2021-10-26','Overdue work order: 1071','Overdue Fertilizer Application for LA Farm EAST with WO 1071',56,'/farms/work_order&id=1071','exclamation-triangle','danger',1,NULL),(639,'2021-10-26','Overdue work order: 1069','Overdue Fertilizer Application for LA Farm EAST with WO 1069',56,'/farms/work_order&id=1069','exclamation-triangle','danger',1,NULL),(640,'2021-10-26','Overdue work order: 1068','Overdue Fertilizer Application for LA Farm EAST with WO 1068',56,'/farms/work_order&id=1068','exclamation-triangle','danger',1,NULL),(641,'2021-10-26','Overdue work order: 1066','Overdue Fertilizer Application for LA Farm EAST with WO 1066',56,'/farms/work_order&id=1066','exclamation-triangle','danger',1,NULL),(642,'2021-10-26','Overdue work order: 1067','Overdue Fertilizer Application for LA Farm EAST with WO 1067',56,'/farms/work_order&id=1067','exclamation-triangle','danger',1,NULL),(643,'2021-10-26','Overdue work order: 1064','Overdue Sow Seed for LA Farm EAST with WO 1064',56,'/farms/work_order&id=1064','exclamation-triangle','danger',1,NULL),(644,'2021-10-26','Overdue work order: 1063','Overdue Land Preparation for LA Farm EAST with WO 1063',56,'/farms/work_order&id=1063','exclamation-triangle','danger',1,NULL),(645,'2021-10-26','Incoming work order: 1075 due in a week','Harvest for LA Farm NORTH with WO 1075 due in a week',57,'/farms/work_order&id=1075','exclamation-triangle','warning',1,NULL),(646,'2021-10-26','Overdue work order: 1083','Overdue Fertilizer Application for LA Farm NORTH with WO 1083',57,'/farms/work_order&id=1083','exclamation-triangle','danger',1,NULL),(647,'2021-10-26','Overdue work order: 1082','Overdue Fertilizer Application for LA Farm NORTH with WO 1082',57,'/farms/work_order&id=1082','exclamation-triangle','danger',1,NULL),(648,'2021-10-26','Overdue work order: 1080','Overdue Fertilizer Application for LA Farm NORTH with WO 1080',57,'/farms/work_order&id=1080','exclamation-triangle','danger',1,NULL),(649,'2021-10-26','Overdue work order: 1081','Overdue Fertilizer Application for LA Farm NORTH with WO 1081',57,'/farms/work_order&id=1081','exclamation-triangle','danger',1,NULL),(650,'2021-10-26','Overdue work order: 1079','Overdue Fertilizer Application for LA Farm NORTH with WO 1079',57,'/farms/work_order&id=1079','exclamation-triangle','danger',1,NULL),(651,'2021-10-26','Overdue work order: 1078','Overdue Fertilizer Application for LA Farm NORTH with WO 1078',57,'/farms/work_order&id=1078','exclamation-triangle','danger',1,NULL),(652,'2021-10-26','Overdue work order: 1077','Overdue Fertilizer Application for LA Farm NORTH with WO 1077',57,'/farms/work_order&id=1077','exclamation-triangle','danger',1,NULL),(653,'2021-10-26','Overdue work order: 1076','Overdue Fertilizer Application for LA Farm NORTH with WO 1076',57,'/farms/work_order&id=1076','exclamation-triangle','danger',1,NULL),(654,'2021-10-26','Overdue work order: 1074','Overdue Sow Seed for LA Farm NORTH with WO 1074',57,'/farms/work_order&id=1074','exclamation-triangle','danger',1,NULL),(655,'2021-10-26','Overdue work order: 1073','Overdue Land Preparation for LA Farm NORTH with WO 1073',57,'/farms/work_order&id=1073','exclamation-triangle','danger',1,NULL),(656,'2021-10-26','Incoming work order: 1086 due in a week','Harvest for LA Farm SOUTH (Scenario 3) with WO 1086 due in a week',58,'/farms/work_order&id=1086','exclamation-triangle','warning',1,NULL),(657,'2021-10-26','Overdue work order: 1093','Overdue Fertilizer Application for LA Farm SOUTH (Scenario 3) with WO 1093',58,'/farms/work_order&id=1093','exclamation-triangle','danger',1,NULL),(658,'2021-10-26','Overdue work order: 1092','Overdue Fertilizer Application for LA Farm SOUTH (Scenario 3) with WO 1092',58,'/farms/work_order&id=1092','exclamation-triangle','danger',1,NULL),(659,'2021-10-26','Overdue work order: 1091','Overdue Fertilizer Application for LA Farm SOUTH (Scenario 3) with WO 1091',58,'/farms/work_order&id=1091','exclamation-triangle','danger',1,NULL),(660,'2021-10-26','Overdue work order: 1090','Overdue Fertilizer Application for LA Farm SOUTH (Scenario 3) with WO 1090',58,'/farms/work_order&id=1090','exclamation-triangle','danger',1,NULL),(661,'2021-10-26','Overdue work order: 1089','Overdue Fertilizer Application for LA Farm SOUTH (Scenario 3) with WO 1089',58,'/farms/work_order&id=1089','exclamation-triangle','danger',1,NULL),(662,'2021-10-26','Overdue work order: 1088','Overdue Fertilizer Application for LA Farm SOUTH (Scenario 3) with WO 1088',58,'/farms/work_order&id=1088','exclamation-triangle','danger',1,NULL),(663,'2021-10-26','Overdue work order: 1087','Overdue Fertilizer Application for LA Farm SOUTH (Scenario 3) with WO 1087',58,'/farms/work_order&id=1087','exclamation-triangle','danger',1,NULL),(664,'2021-10-26','Overdue work order: 1085','Overdue Sow Seed for LA Farm SOUTH (Scenario 3) with WO 1085',58,'/farms/work_order&id=1085','exclamation-triangle','danger',1,NULL),(665,'2021-10-26','Overdue work order: 1084','Overdue Land Preparation for LA Farm SOUTH (Scenario 3) with WO 1084',58,'/farms/work_order&id=1084','exclamation-triangle','danger',1,NULL);
/*!40000 ALTER TABLE `notification_table` ENABLE KEYS */;
UNLOCK TABLES;

--
-- Table structure for table `outbound_msg`
--

DROP TABLE IF EXISTS `outbound_msg`;
/*!40101 SET @saved_cs_client     = @@character_set_client */;
/*!50503 SET character_set_client = utf8mb4 */;
CREATE TABLE `outbound_msg` (
  `message_id` int NOT NULL AUTO_INCREMENT,
  `employee_id` int DEFAULT NULL,
  `message` mediumtext,
  `date` date NOT NULL,
  `time` time NOT NULL,
  PRIMARY KEY (`message_id`),
  KEY `outbound_userid_idx` (`employee_id`),
  CONSTRAINT `outbound_userid` FOREIGN KEY (`employee_id`) REFERENCES `employee_table` (`employee_id`)
) ENGINE=InnoDB AUTO_INCREMENT=81 DEFAULT CHARSET=utf8mb4 COLLATE=utf8mb4_0900_ai_ci;
/*!40101 SET character_set_client = @saved_cs_client */;

--
-- Dumping data for table `outbound_msg`
--

LOCK TABLES `outbound_msg` WRITE;
/*!40000 ALTER TABLE `outbound_msg` DISABLE KEYS */;
INSERT INTO `outbound_msg` VALUES (1,24,'Welcome to LA Rice CMS, Aquino y2!','2022-04-26','07:47:46'),(2,24,'Welcome to LA Rice CMS, Aquino y2!','2022-04-26','07:49:36'),(3,24,'Welcome to LA Rice CMS, Aquino y2!','2022-04-26','07:51:33'),(4,24,'Welcome to LA Rice CMS, Aquino y2!','2022-04-26','07:53:42'),(5,24,'Welcome to LA Rice CMS, Aquino y2!','2022-04-26','07:54:53'),(6,24,'Welcome to LA Rice CMS, Aquino y2!','2022-04-26','07:55:44'),(7,25,'Welcome to LA Rice CMS, Loren Anyayahan!','2022-04-26','08:10:16'),(8,24,'Welcome to LA Rice CMS, y2 Aquino!','2022-04-29','06:14:11'),(9,24,'SEND EMPLOYEE DETAILS','2022-04-29','06:21:18'),(10,24,'SEND EMPLOYEE DETAILS','2022-04-29','06:22:33'),(11,24,'HELP \n HERE ARE THE LIST OF ACTIONS \n1 - EMPLOYEE DETAILS \n2 - HELP','2022-04-29','06:22:50'),(12,24,'INCOMING WORK ORDERS','2022-04-29','06:23:19'),(13,24,'SEND EMPLOYEE DETAILS','2022-04-29','06:26:03'),(14,24,'Welcome to LA Rice CMS, y2 Aquino!','2022-04-30','07:35:18'),(15,24,'SEND EMPLOYEE DETAILS','2022-04-30','07:36:52'),(16,24,'SEND EMPLOYEE DETAILS','2022-04-30','07:37:24'),(17,24,'SEND EMPLOYEE DETAILS','2022-04-30','07:38:52'),(18,24,'HELP \nHERE ARE THE LIST OF ACTIONS \n1 - EMPLOYEE DETAILS \n2 - HELP','2022-04-30','07:42:04'),(19,24,'Welcome to LA Rice CMS, y2 Aquino!','2022-04-30','07:47:11'),(20,24,'SEND EMPLOYEE DETAILS','2022-04-30','07:47:49'),(21,24,'YOU HAVE UNSUBSCRIBED','2022-04-30','07:48:17'),(22,24,'SEND EMPLOYEE DETAILS','2022-04-30','07:51:19'),(23,24,'YOU HAVE UNSUBSCRIBED','2022-04-30','07:51:36'),(24,24,'Welcome to LA Rice CMS, y2 Aquino!','2022-04-30','07:59:06'),(25,24,'SEND EMPLOYEE DETAILS','2022-04-30','08:00:56'),(26,24,'Hello y2','2022-04-30','08:01:22'),(27,24,'OK','2022-04-30','08:13:23'),(28,24,'LAST','2022-04-30','08:14:48'),(29,24,'YOU HAVE UNSUBSCRIBED','2022-04-30','08:15:37'),(30,24,'YOU HAVE UNSUBSCRIBED','2022-04-30','08:18:33'),(31,25,'Hello Yen','2022-05-03','06:27:06'),(32,26,'Welcome to LA Rice CMS, Wilford Madrazo!','2022-05-03','06:52:39'),(33,25,'Welcome to LA Rice CMS, Loren Anyayahan!','2022-05-03','06:52:40'),(34,24,'Welcome to LA Rice CMS, y2 Aquino!','2022-05-03','06:53:33'),(35,26,'YOU HAVE UNSUBSCRIBED','2022-05-03','06:55:09'),(36,24,'YOU HAVE UNSUBSCRIBED','2022-05-03','06:56:42'),(37,25,'SEND EMPLOYEE DETAILS','2022-05-03','07:01:54'),(38,24,'Welcome to LA Rice CMS, y2 Aquino!','2022-05-03','07:02:23'),(39,26,'Welcome to LA Rice CMS, Wilford Madrazo!','2022-05-03','07:02:51'),(40,24,'Welcome to LA Rice CMS, y2 Aquino!','2022-05-03','07:03:06'),(41,24,'SEND EMPLOYEE DETAILS','2022-05-03','07:03:09'),(42,26,'SEND EMPLOYEE DETAILS','2022-05-03','07:03:12'),(43,24,'SEND EMPLOYEE DETAILS','2022-05-03','07:06:22'),(44,24,'YOU HAVE UNSUBSCRIBED','2022-05-03','07:06:53'),(45,24,'YOU HAVE UNSUBSCRIBED','2022-05-03','07:24:34'),(46,24,'Welcome to LA Rice CMS, y2 Aquino!','2022-05-03','07:47:17'),(47,24,'SEND EMPLOYEE DETAILS','2022-05-03','07:47:26'),(48,24,'HELP \nHERE ARE THE LIST OF ACTIONS \n1 - EMPLOYEE DETAILS \n2 - HELP','2022-05-03','07:47:34'),(49,24,'SEND EMPLOYEE DETAILS','2022-05-03','07:55:50'),(50,24,'HELP \nHERE ARE THE LIST OF ACTIONS \n1 - EMPLOYEE DETAILS \n2 - HELP','2022-05-03','07:55:55'),(51,24,'SEND EMPLOYEE DETAILS','2022-05-03','07:58:13'),(52,24,'TEST','2022-05-03','09:02:26'),(53,24,'123','2022-05-03','09:03:09'),(54,24,'Hello','2022-05-03','09:04:38'),(55,24,'123','2022-05-03','09:05:14'),(56,24,'Hi there','2022-05-03','09:07:19'),(57,24,'SEND EMPLOYEE DETAILS','2022-05-03','09:11:31'),(58,24,'ok','2022-05-03','09:12:08'),(59,24,'helasd','2022-05-03','09:14:48'),(60,24,'xz','2022-05-03','09:15:37'),(61,24,'vcb','2022-05-03','09:16:38'),(62,24,'why','2022-05-03','09:18:35'),(63,24,'append pls go away','2022-05-03','09:20:03'),(64,24,'apend go awar','2022-05-03','09:21:03'),(65,24,'INCOMING WORK ORDERS','2022-05-06','01:30:46'),(66,24,'INCOMING WORK ORDERS','2022-05-06','01:34:35'),(67,24,'test','2022-05-06','01:35:31'),(68,24,'PEST/DISEASE SYMPTOMS','2022-05-06','01:38:30'),(69,24,'-','2022-05-06','01:42:00'),(70,24,'WEATHER FORECAST\nFarm: LA Farm WEST (Scenario 1)\n\nDate: May 6, 2022\nWeather: light rain\nTemp: 25.82 C\n\nDate: May 7, 2022\nWeather: light rain\nTemp: 25.42 C\n\nDate: May 8, 2022\nWeather: few clouds\nTemp: 24.92 C\n\nDate: May 9, 2022\nWeather: light rain\nTemp: 25.06 C\n\nDate: May 10, 2022\nWeather: light rain\nTemp: 25.05 C\n\nDate: May 11, 2022\nWeather: overcast clouds\nTemp: 28.03 C','2022-05-06','01:58:45'),(71,24,'WEATHER FORECAST\nFarm: LA Farm WEST (Scenario 1)\n\nDate: May 6, 2022\nWeather: light rain\nTemp: 25.82 C\n\nDate: May 7, 2022\nWeather: light rain\nTemp: 25.42 C\n\nDate: May 8, 2022\nWeather: few clouds\nTemp: 24.92 C\n\nDate: May 9, 2022\nWeather: light rain\nTemp: 25.06 C\n\nDate: May 10, 2022\nWeather: light rain\nTemp: 25.05 C\n\nDate: May 11, 2022\nWeather: light rain\nTemp: 30.67 C','2022-05-06','04:35:51'),(72,24,'WEATHER FORECAST\nFarm: LA Farm WEST (Scenario 1)\n\nDate: May 6, 2022\nWeather: light rain\nTemp: 25.82 C\n\nDate: May 7, 2022\nWeather: light rain\nTemp: 25.42 C\n\nDate: May 8, 2022\nWeather: few clouds\nTemp: 24.92 C\n\nDate: May 9, 2022\nWeather: light rain\nTemp: 25.06 C\n\nDate: May 10, 2022\nWeather: light rain\nTemp: 25.05 C\n\nDate: May 11, 2022\nWeather: light rain\nTemp: 30.67 C','2022-05-06','04:37:35'),(73,24,'WEATHER FORECAST\nFarm: LA Farm WEST (Scenario 1)\n\nDate: May 6, 2022\nWeather: light rain\nTemp: 25.37 C\n\nDate: May 7, 2022\nWeather: light rain\nTemp: 25.16 C\n\nDate: May 8, 2022\nWeather: light rain\nTemp: 25.05 C\n\nDate: May 9, 2022\nWeather: light rain\nTemp: 24.88 C\n\nDate: May 10, 2022\nWeather: light rain\nTemp: 25.22 C\n\nDate: May 11, 2022\nWeather: light rain\nTemp: 30.55 C','2022-05-06','07:12:23'),(74,24,'WORK ORDERS\nFarm: LA Farm WEST (Scenario 1)\n\nHarvest (Overdue)\nStart: Jan 12, 2022\nDue: Jan 19, 2022\nStatus: Pending\n\nProvide space (Overdue)\nStart: Apr 18, 2022\nDue: Apr 25, 2022\nStatus: Pending\n\nClean area (Overdue)\nStart: Apr 18, 2022\nDue: Apr 25, 2022\nStatus: Pending','2022-05-06','07:12:34'),(75,24,'Below are the list of actions that can be performed.\n1 - Weather Forecast\n2 - Incoming work orders\n3 - Report Pest/Disease Symptoms\nTo complete action, send <number of desired action> to 21663543','2022-05-06','07:12:56'),(76,24,'Below are the list of actions that can be performed.\n1 - Weather Forecast\n2 - Incoming work orders\n3 - Report Pest/Disease Symptoms\nTo complete action, send <number of desired action> to 21663543','2022-05-06','07:13:17'),(77,25,'NEW WORK ORDER FOR Socoro Farm 1 (Scenario 2)\n\nType: TEST \nStart: May 7, 2022\nDue: May 8, 2022\nNotes: Hello y2 I hope u see this','2022-05-07','07:57:33'),(78,24,'test','2022-05-07','07:58:03'),(79,24,'NEW WORK ORDER FOR LA Farm WEST (Scenario 1)\n\nType: TEST 2\nStart: May 7, 2022\nDue: May 8, 2022\nNotes: Hello y2 I hope u see this','2022-05-07','07:58:29'),(80,24,'WEATHER FORECAST\nFarm: LA Farm WEST (Scenario 1)\n\nDate: May 7, 2022\nWeather: light rain\nTemp: 25.39 C\n\nDate: May 8, 2022\nWeather: light rain\nTemp: 25.14 C\n\nDate: May 9, 2022\nWeather: light rain\nTemp: 25.25 C\n\nDate: May 10, 2022\nWeather: light rain\nTemp: 25.33 C\n\nDate: May 11, 2022\nWeather: light rain\nTemp: 25.23 C\n\nDate: May 12, 2022\nWeather: broken clouds\nTemp: 26.92 C','2022-05-07','14:29:16');
/*!40000 ALTER TABLE `outbound_msg` ENABLE KEYS */;
UNLOCK TABLES;

--
-- Table structure for table `pd_probabilities`
--

DROP TABLE IF EXISTS `pd_probabilities`;
/*!40101 SET @saved_cs_client     = @@character_set_client */;
/*!50503 SET character_set_client = utf8mb4 */;
CREATE TABLE `pd_probabilities` (
  `probability_id` int NOT NULL AUTO_INCREMENT,
  `pd_type` enum('Pest','Disease') DEFAULT NULL,
  `pd_id` int DEFAULT NULL,
  `probability` int DEFAULT NULL,
  `date` date DEFAULT NULL,
  `farm_id` int DEFAULT NULL,
  `calendar_id` int DEFAULT NULL,
  PRIMARY KEY (`probability_id`),
  KEY `farm_id_probabilities_idx` (`farm_id`),
  KEY `calendar_id_probability_idx` (`calendar_id`),
  CONSTRAINT `calendar_id_probability` FOREIGN KEY (`calendar_id`) REFERENCES `crop_calendar_table` (`calendar_id`),
  CONSTRAINT `farm_id_probabilities` FOREIGN KEY (`farm_id`) REFERENCES `farm_table` (`farm_id`)
) ENGINE=InnoDB AUTO_INCREMENT=1324 DEFAULT CHARSET=utf8mb4 COLLATE=utf8mb4_0900_ai_ci;
/*!40101 SET character_set_client = @saved_cs_client */;

--
-- Dumping data for table `pd_probabilities`
--

LOCK TABLES `pd_probabilities` WRITE;
/*!40000 ALTER TABLE `pd_probabilities` DISABLE KEYS */;
/*!40000 ALTER TABLE `pd_probabilities` ENABLE KEYS */;
UNLOCK TABLES;

--
-- Table structure for table `pd_recommendation`
--

DROP TABLE IF EXISTS `pd_recommendation`;
/*!40101 SET @saved_cs_client     = @@character_set_client */;
/*!50503 SET character_set_client = utf8mb4 */;
CREATE TABLE `pd_recommendation` (
  `pd_recommendation_id` int NOT NULL AUTO_INCREMENT,
  `pd_id` int DEFAULT NULL,
  `pd_type` enum('Pest','Disease') DEFAULT NULL,
  `diagnosis_id` int DEFAULT NULL,
  `calendar_id` int DEFAULT NULL,
  `date_created` date DEFAULT NULL,
  `date_start` date DEFAULT NULL,
  `date_completed` date DEFAULT NULL,
  `solution_id` int DEFAULT NULL,
  PRIMARY KEY (`pd_recommendation_id`),
  KEY `pest_recom_idx` (`pd_id`),
  KEY `diagnoses_recom_idx` (`diagnosis_id`),
  KEY `calendar_recom_idx` (`calendar_id`),
  KEY `solution_pest_idx` (`solution_id`),
  CONSTRAINT `calendar_recom` FOREIGN KEY (`calendar_id`) REFERENCES `crop_calendar_table` (`calendar_id`),
  CONSTRAINT `diagnoses_recom` FOREIGN KEY (`diagnosis_id`) REFERENCES `diagnosis` (`diagnosis_id`),
  CONSTRAINT `disease_recom` FOREIGN KEY (`pd_id`) REFERENCES `disease_table` (`disease_id`),
  CONSTRAINT `pest_recom` FOREIGN KEY (`pd_id`) REFERENCES `pest_table` (`pest_id`),
  CONSTRAINT `solution_pest` FOREIGN KEY (`solution_id`) REFERENCES `solution_pest` (`solution_pest_id`),
  CONSTRAINT `solutionb_dis` FOREIGN KEY (`solution_id`) REFERENCES `solution_disease` (`solution_disease`)
) ENGINE=InnoDB DEFAULT CHARSET=utf8mb4 COLLATE=utf8mb4_0900_ai_ci;
/*!40101 SET character_set_client = @saved_cs_client */;

--
-- Dumping data for table `pd_recommendation`
--

LOCK TABLES `pd_recommendation` WRITE;
/*!40000 ALTER TABLE `pd_recommendation` DISABLE KEYS */;
/*!40000 ALTER TABLE `pd_recommendation` ENABLE KEYS */;
UNLOCK TABLES;

--
-- Table structure for table `pest_table`
--

DROP TABLE IF EXISTS `pest_table`;
/*!40101 SET @saved_cs_client     = @@character_set_client */;
/*!50503 SET character_set_client = utf8mb4 */;
CREATE TABLE `pest_table` (
  `pest_id` int NOT NULL AUTO_INCREMENT,
  `pest_name` varchar(45) NOT NULL,
  `pest_desc` tinytext NOT NULL,
  `scientific_name` varchar(45) DEFAULT NULL,
  PRIMARY KEY (`pest_id`),
  UNIQUE KEY `pest_name_UNIQUE` (`pest_name`)
) ENGINE=InnoDB AUTO_INCREMENT=11 DEFAULT CHARSET=utf8mb4 COLLATE=utf8mb4_0900_ai_ci;
/*!40101 SET character_set_client = @saved_cs_client */;

--
-- Dumping data for table `pest_table`
--

LOCK TABLES `pest_table` WRITE;
/*!40000 ALTER TABLE `pest_table` DISABLE KEYS */;
INSERT INTO `pest_table` VALUES (1,'Rats','Rodents running around the farm','Rattus'),(2,'Rice Hispa','Rice hispa scrapes the upper surface of leaf blades leaving only the lower epidermis.','Dicladispa armigera'),(3,'Rice Caseworm','Rice caseworms or case bearers cut off leaf tips to make leaf cases. ','Nymphula depunctalis '),(4,'Zigzag leafhopper','Feeding damage of zigzag leaf hopper causes the leaf tips to dry up, and whole leaves to become orange and curled.','Recilia dorsalis'),(5,'Mealy bug','Both adult and nymph mealybugs remove plant sap by sucking. ','Brevennia rehi'),(6,'Mole cricket','Mole crickets feed on seeds, tillers in mature plants, and roots. ','Gryllotalpa orientalis'),(7,'Ant','Ants feed on rice seeds and seedlings.','Solenopsis geminata'),(8,'Greenhorned caterpillar','Larvae of green horned caterpillars feed on leaf margins and leaf blades.','Mycalesis sp.'),(9,'Planthopper','High population of planthoppers cause leaves to initially turn orange-yellow before becoming brown and dry and this is a condition called hopperburn that kills the plant.','Nilaparvata lugens'),(10,'Rice gall midge','Rice gall midge forms a tubular gall at the base of tillers, causing elongation of leaf sheaths called onion leaf or silver shoot.','Orseolia oryzae');
/*!40000 ALTER TABLE `pest_table` ENABLE KEYS */;
UNLOCK TABLES;

--
-- Table structure for table `pesticide_table`
--

DROP TABLE IF EXISTS `pesticide_table`;
/*!40101 SET @saved_cs_client     = @@character_set_client */;
/*!50503 SET character_set_client = utf8mb4 */;
CREATE TABLE `pesticide_table` (
  `pesticide_id` int NOT NULL AUTO_INCREMENT,
  `pesticide_name` varchar(20) NOT NULL,
  `pesticide_desc` tinytext,
  `units` varchar(45) NOT NULL DEFAULT 'Bags',
  PRIMARY KEY (`pesticide_id`),
  UNIQUE KEY `pesticide_id_UNIQUE` (`pesticide_id`),
  UNIQUE KEY `pesticide_name_UNIQUE` (`pesticide_name`)
) ENGINE=InnoDB AUTO_INCREMENT=13 DEFAULT CHARSET=utf8mb4 COLLATE=utf8mb4_0900_ai_ci;
/*!40101 SET character_set_client = @saved_cs_client */;

--
-- Dumping data for table `pesticide_table`
--

LOCK TABLES `pesticide_table` WRITE;
/*!40000 ALTER TABLE `pesticide_table` DISABLE KEYS */;
INSERT INTO `pesticide_table` VALUES (6,'Fipronil','For Stem border','Bags'),(7,'Flubendiamide','For Stem border','Bags'),(8,'Thiamethoxam','For leaf holders','Bags'),(9,'Spinetoram','For leaf holders','Bags'),(10,'Zineb','Used for diseases','Bags'),(11,'Hexaconazol','Used for diseases','Bags'),(12,'Tricyclazole','Used for diseases','Bags');
/*!40000 ALTER TABLE `pesticide_table` ENABLE KEYS */;
UNLOCK TABLES;

--
-- Table structure for table `pesticide_usage`
--

DROP TABLE IF EXISTS `pesticide_usage`;
/*!40101 SET @saved_cs_client     = @@character_set_client */;
/*!50503 SET character_set_client = utf8mb4 */;
CREATE TABLE `pesticide_usage` (
  `pesticide_usage_id` int NOT NULL AUTO_INCREMENT,
  `pesticide_id` int NOT NULL,
  `farm_id` int DEFAULT NULL,
  `calendar_id` int DEFAULT NULL,
  `amount` float DEFAULT NULL,
  `date_used` date DEFAULT NULL,
  PRIMARY KEY (`pesticide_usage_id`),
  KEY `pesticide_id_usage_idx` (`pesticide_id`),
  KEY `farm_id_pesticide_idx` (`farm_id`),
  KEY `calendar_id_pesticide_usage_idx` (`calendar_id`),
  CONSTRAINT `calendar_id_pesticide_usage` FOREIGN KEY (`calendar_id`) REFERENCES `crop_calendar_table` (`calendar_id`),
  CONSTRAINT `farm_id_pesticide` FOREIGN KEY (`farm_id`) REFERENCES `farm_table` (`farm_id`),
  CONSTRAINT `pesticide_id_usage` FOREIGN KEY (`pesticide_id`) REFERENCES `pesticide_table` (`pesticide_id`)
) ENGINE=InnoDB AUTO_INCREMENT=31 DEFAULT CHARSET=utf8mb4 COLLATE=utf8mb4_0900_ai_ci;
/*!40101 SET character_set_client = @saved_cs_client */;

--
-- Dumping data for table `pesticide_usage`
--

LOCK TABLES `pesticide_usage` WRITE;
/*!40000 ALTER TABLE `pesticide_usage` DISABLE KEYS */;
/*!40000 ALTER TABLE `pesticide_usage` ENABLE KEYS */;
UNLOCK TABLES;

--
-- Table structure for table `prevention_disease`
--

DROP TABLE IF EXISTS `prevention_disease`;
/*!40101 SET @saved_cs_client     = @@character_set_client */;
/*!50503 SET character_set_client = utf8mb4 */;
CREATE TABLE `prevention_disease` (
  `prevention_disease_id` int NOT NULL AUTO_INCREMENT,
  `prevention_id` int NOT NULL,
  `disease_id` int NOT NULL,
  PRIMARY KEY (`prevention_disease_id`),
  KEY `fk_disease_table_has_prevention_table_prevention_table1_idx` (`prevention_id`),
  KEY `fk_disease_table_has_prevention_table_disease_table1_idx` (`disease_id`),
  CONSTRAINT `fk_disease_table_has_prevention_table_disease_table1` FOREIGN KEY (`disease_id`) REFERENCES `disease_table` (`disease_id`),
  CONSTRAINT `fk_disease_table_has_prevention_table_prevention_table1` FOREIGN KEY (`prevention_id`) REFERENCES `prevention_table` (`prevention_id`)
) ENGINE=InnoDB AUTO_INCREMENT=17 DEFAULT CHARSET=utf8mb4 COLLATE=utf8mb4_0900_ai_ci;
/*!40101 SET character_set_client = @saved_cs_client */;

--
-- Dumping data for table `prevention_disease`
--

LOCK TABLES `prevention_disease` WRITE;
/*!40000 ALTER TABLE `prevention_disease` DISABLE KEYS */;
INSERT INTO `prevention_disease` VALUES (3,4,1),(4,9,1),(5,10,2),(6,4,2),(7,2,2),(8,11,3),(9,8,3),(10,11,4),(11,10,4),(12,2,5),(13,10,5),(14,8,6),(15,2,7),(16,10,7);
/*!40000 ALTER TABLE `prevention_disease` ENABLE KEYS */;
UNLOCK TABLES;

--
-- Table structure for table `prevention_pest`
--

DROP TABLE IF EXISTS `prevention_pest`;
/*!40101 SET @saved_cs_client     = @@character_set_client */;
/*!50503 SET character_set_client = utf8mb4 */;
CREATE TABLE `prevention_pest` (
  `prevention_pest_id` int NOT NULL AUTO_INCREMENT,
  `pest_id` int NOT NULL,
  `prevention_id` int NOT NULL,
  PRIMARY KEY (`prevention_pest_id`),
  KEY `fk_pest_table_has_prevention_table_prevention_table1_idx` (`prevention_id`),
  KEY `fk_pest_table_has_prevention_table_pest_table1` (`pest_id`),
  CONSTRAINT `fk_pest_table_has_prevention_table_pest_table1` FOREIGN KEY (`pest_id`) REFERENCES `pest_table` (`pest_id`),
  CONSTRAINT `fk_pest_table_has_prevention_table_prevention_table1` FOREIGN KEY (`prevention_id`) REFERENCES `prevention_table` (`prevention_id`)
) ENGINE=InnoDB AUTO_INCREMENT=33 DEFAULT CHARSET=utf8mb4 COLLATE=utf8mb4_0900_ai_ci;
/*!40101 SET character_set_client = @saved_cs_client */;

--
-- Dumping data for table `prevention_pest`
--

LOCK TABLES `prevention_pest` WRITE;
/*!40000 ALTER TABLE `prevention_pest` DISABLE KEYS */;
INSERT INTO `prevention_pest` VALUES (14,1,1),(15,1,2),(16,2,6),(17,3,1),(18,3,4),(19,3,5),(20,2,3),(21,3,6),(22,4,2),(23,5,6),(24,6,6),(25,6,2),(26,7,2),(27,7,7),(28,8,6),(29,9,2),(30,9,6),(31,10,5),(32,10,6);
/*!40000 ALTER TABLE `prevention_pest` ENABLE KEYS */;
UNLOCK TABLES;

--
-- Table structure for table `prevention_table`
--

DROP TABLE IF EXISTS `prevention_table`;
/*!40101 SET @saved_cs_client     = @@character_set_client */;
/*!50503 SET character_set_client = utf8mb4 */;
CREATE TABLE `prevention_table` (
  `prevention_id` int NOT NULL AUTO_INCREMENT,
  `prevention_name` varchar(45) NOT NULL,
  `prevention_desc` tinytext NOT NULL,
  PRIMARY KEY (`prevention_id`)
) ENGINE=InnoDB AUTO_INCREMENT=12 DEFAULT CHARSET=utf8mb4 COLLATE=utf8mb4_0900_ai_ci;
/*!40101 SET character_set_client = @saved_cs_client */;

--
-- Dumping data for table `prevention_table`
--

LOCK TABLES `prevention_table` WRITE;
/*!40000 ALTER TABLE `prevention_table` DISABLE KEYS */;
INSERT INTO `prevention_table` VALUES (1,'Provide space','Provide space between plants.'),(2,'Clean area','Keep earea and fields clean.'),(3,'Cut shoot tips','Cut shoot tips to prevent production.'),(4,'Drain the field','Drain field to prevent production.'),(5,'Grow a ratoon','Grow a ratoon.'),(6,'Use Biological control agents','Encourage biological control agents: snails (feed on eggs), hydrophilid and dytiscid water beetles (feed on larvae), spiders, dragonflies'),(7,'Use physical barriers','Physical barriers such as ant fences running parallel to the field periphery are partially successful in keeping ants out of the field.'),(8,'Remove weeds','Remove weeds from the field and surrounding areas.'),(9,'Allow fallow fields to dry','Allow fallow fields to dry in order to suppress disease agents in the soil and plant residues.'),(10,'Use hot water','Treat seeds with hot water.'),(11,'Monitor soil nutrients','monitor soil nutrients regularly');
/*!40000 ALTER TABLE `prevention_table` ENABLE KEYS */;
UNLOCK TABLES;

--
-- Table structure for table `purchase_table`
--

DROP TABLE IF EXISTS `purchase_table`;
/*!40101 SET @saved_cs_client     = @@character_set_client */;
/*!50503 SET character_set_client = utf8mb4 */;
CREATE TABLE `purchase_table` (
  `purchase_id` int NOT NULL AUTO_INCREMENT,
  `item_id` int DEFAULT NULL,
  `item_type` enum('Pesticide','Fertilizer','Seed','Others') NOT NULL,
  `item_desc` tinytext,
  `purchase_price` float DEFAULT NULL,
  `date_purchased` datetime DEFAULT NULL,
  `amount` float NOT NULL,
  `purchase_status` enum('Pending','Processing','Purchased','Cancelled') DEFAULT 'Pending',
  `requested_by` int DEFAULT NULL,
  `request_date` date DEFAULT NULL,
  `farm_id` int NOT NULL,
  PRIMARY KEY (`purchase_id`),
  UNIQUE KEY `purchase_id_UNIQUE` (`purchase_id`),
  KEY `requested_by_idx` (`requested_by`),
  KEY `farm_id_purchase_idx` (`farm_id`),
  CONSTRAINT `farm_id_purchase` FOREIGN KEY (`farm_id`) REFERENCES `farm_table` (`farm_id`),
  CONSTRAINT `requested_by` FOREIGN KEY (`requested_by`) REFERENCES `employee_table` (`employee_id`)
) ENGINE=InnoDB AUTO_INCREMENT=232 DEFAULT CHARSET=utf8mb4 COLLATE=utf8mb4_0900_ai_ci;
/*!40101 SET character_set_client = @saved_cs_client */;

--
-- Dumping data for table `purchase_table`
--

LOCK TABLES `purchase_table` WRITE;
/*!40000 ALTER TABLE `purchase_table` DISABLE KEYS */;
INSERT INTO `purchase_table` VALUES (157,4,'Seed','Seed Restock Soccoro Farm 1 Early 2019',5000,'2019-06-02 00:00:00',100,'Purchased',1,'2019-06-02',54),(158,5,'Seed','Seed Restock Soccoro Farm 1 Early 2019',5000,'2019-06-02 00:00:00',100,'Purchased',1,'2019-06-02',54),(159,6,'Seed','Seed Restock Soccoro Farm 1 Early 2019',5000,'2019-06-02 00:00:00',100,'Purchased',1,'2019-06-02',54),(160,7,'Seed','Seed Restock Soccoro Farm 1 Early 2019',5000,'2019-06-02 00:00:00',100,'Purchased',1,'2019-06-02',54),(161,8,'Seed','Seed Restock Soccoro Farm 1 Early 2019',5000,'2019-06-02 00:00:00',100,'Purchased',1,'2019-06-02',54),(162,6,'Pesticide','Pesticide Restock Soccoro Farm 1 Early 2019',9500,'2019-06-02 00:00:00',50,'Purchased',1,'2019-06-02',54),(163,7,'Pesticide','Pesticide Restock Soccoro Farm 1 Early 2019',9500,'2019-06-02 00:00:00',50,'Purchased',1,'2019-06-02',54),(164,8,'Pesticide','Pesticide Restock Soccoro Farm 1 Early 2019',9500,'2019-06-02 00:00:00',50,'Purchased',1,'2019-06-02',54),(165,9,'Pesticide','Pesticide Restock Soccoro Farm 1 Early 2019',9500,'2019-06-02 00:00:00',50,'Purchased',1,'2019-06-02',54),(166,10,'Pesticide','Pesticide Restock Soccoro Farm 1 Early 2019',9500,'2019-06-02 00:00:00',50,'Purchased',1,'2019-06-02',54),(167,11,'Pesticide','Pesticide Restock Soccoro Farm 1 Early 2019',9500,'2019-06-02 00:00:00',50,'Purchased',1,'2019-06-02',54),(168,12,'Pesticide','Pesticide Restock Soccoro Farm 1 Early 2019',9500,'2019-06-02 00:00:00',50,'Purchased',1,'2019-06-02',54),(169,1,'Fertilizer','Fertilizer Restock Soccoro Farm 1 Early 2019',5000,'2019-06-02 00:00:00',100,'Purchased',1,'2019-06-02',54),(170,2,'Fertilizer','Fertilizer Restock Soccoro Farm 1 Early 2019',5000,'2019-06-02 00:00:00',100,'Purchased',1,'2019-06-02',54),(171,7,'Fertilizer','Fertilizer Restock Soccoro Farm 1 Early 2019',5000,'2019-06-02 00:00:00',100,'Purchased',1,'2019-06-02',55),(172,4,'Seed','Seed Restock  LA WEST Early 2019',5000,'2019-06-02 00:00:00',100,'Purchased',1,'2019-06-02',55),(173,5,'Seed','Seed Restock  LA WEST Early 2019',5000,'2019-06-02 00:00:00',100,'Purchased',1,'2019-06-02',55),(174,6,'Seed','Seed Restock  LA WEST Early 2019',5000,'2019-06-02 00:00:00',100,'Purchased',1,'2019-06-02',55),(175,7,'Seed','Seed Restock  LA WEST Early 2019',5000,'2019-06-02 00:00:00',100,'Purchased',1,'2019-06-02',55),(176,8,'Seed','Seed Restock  LA WEST Early 2019',5000,'2019-06-02 00:00:00',100,'Purchased',1,'2019-06-02',55),(177,6,'Pesticide','Pesticide Restock  LA WEST Early 2019',9500,'2019-06-02 00:00:00',50,'Purchased',1,'2019-06-02',55),(178,7,'Pesticide','Pesticide Restock  LA WEST Early 2019',9500,'2019-06-02 00:00:00',50,'Purchased',1,'2019-06-02',55),(179,8,'Pesticide','Pesticide Restock  LA WEST Early 2019',9500,'2019-06-02 00:00:00',50,'Purchased',1,'2019-06-02',55),(180,9,'Pesticide','Pesticide Restock  LA WEST Early 2019',9500,'2019-06-02 00:00:00',50,'Purchased',1,'2019-06-02',55),(181,10,'Pesticide','Pesticide Restock  LA WEST Early 2019',9500,'2019-06-02 00:00:00',50,'Purchased',1,'2019-06-02',55),(182,11,'Pesticide','Pesticide Restock  LA WEST Early 2019',9500,'2019-06-02 00:00:00',50,'Purchased',1,'2019-06-02',55),(183,12,'Pesticide','Pesticide Restock  LA WEST Early 2019',9500,'2019-06-02 00:00:00',50,'Purchased',1,'2019-06-02',55),(184,1,'Fertilizer','Fertilizer Restock LA WEST Early 2019',5000,'2019-06-02 00:00:00',100,'Purchased',1,'2019-06-02',55),(185,2,'Fertilizer','Fertilizer Restock LA WEST Early 2019',5000,'2019-06-02 00:00:00',100,'Purchased',1,'2019-06-02',55),(186,7,'Fertilizer','Fertilizer Restock LA WEST Early 2019',5000,'2019-06-02 00:00:00',100,'Purchased',1,'2019-06-02',55),(187,4,'Seed','Seed Restock LA EAST Early 2019',5000,'2019-06-02 00:00:00',100,'Purchased',1,'2019-06-02',56),(188,5,'Seed','Seed Restock LA EAST Early 2019',5000,'2019-06-02 00:00:00',100,'Purchased',1,'2019-06-02',56),(189,6,'Seed','Seed Restock LA EAST Early 2019',5000,'2019-06-02 00:00:00',100,'Purchased',1,'2019-06-02',56),(190,7,'Seed','Seed Restock LA EAST Early 2019',5000,'2019-06-02 00:00:00',100,'Purchased',1,'2019-06-02',56),(191,8,'Seed','Seed Restock LA EAST Early 2019',5000,'2019-06-02 00:00:00',100,'Purchased',1,'2019-06-02',56),(192,6,'Pesticide','Pesticide Restock  LA EAST Early 2019',9500,'2019-06-02 00:00:00',50,'Purchased',1,'2019-06-02',56),(193,7,'Pesticide','Pesticide Restock  LA EAST Early 2019',9500,'2019-06-02 00:00:00',50,'Purchased',1,'2019-06-02',56),(194,8,'Pesticide','Pesticide Restock  LA EAST Early 2019',9500,'2019-06-02 00:00:00',50,'Purchased',1,'2019-06-02',56),(195,9,'Pesticide','Pesticide Restock  LA EAST Early 2019',9500,'2019-06-02 00:00:00',50,'Purchased',1,'2019-06-02',56),(196,10,'Pesticide','Pesticide Restock  LA EAST Early 2019',9500,'2019-06-02 00:00:00',50,'Purchased',1,'2019-06-02',56),(197,11,'Pesticide','Pesticide Restock  LA EAST Early 2019',9500,'2019-06-02 00:00:00',50,'Purchased',1,'2019-06-02',56),(198,12,'Pesticide','Pesticide Restock  LA EAST Early 2019',9500,'2019-06-02 00:00:00',50,'Purchased',1,'2019-06-02',56),(199,1,'Fertilizer','Fertilizer Restock LA EAST Early 2019',5000,'2019-06-02 00:00:00',100,'Purchased',1,'2019-06-02',56),(200,2,'Fertilizer','Fertilizer Restock LA EAST Early 2019',5000,'2019-06-02 00:00:00',100,'Purchased',1,'2019-06-02',56),(201,7,'Fertilizer','Fertilizer Restock LA EAST Early 2019',5000,'2019-06-02 00:00:00',100,'Purchased',1,'2019-06-02',56),(202,4,'Seed','Seed Restock LA NORTH Early 2019',5000,'2019-06-02 00:00:00',100,'Purchased',1,'2019-06-02',57),(203,5,'Seed','Seed Restock LA NORTH Early 2019',5000,'2019-06-02 00:00:00',100,'Purchased',1,'2019-06-02',57),(204,6,'Seed','Seed Restock LA NORTH Early 2019',5000,'2019-06-02 00:00:00',100,'Purchased',1,'2019-06-02',57),(205,7,'Seed','Seed Restock LA NORTH Early 2019',5000,'2019-06-02 00:00:00',100,'Purchased',1,'2019-06-02',57),(206,8,'Seed','Seed Restock LA NORTH Early 2019',5000,'2019-06-02 00:00:00',100,'Purchased',1,'2019-06-02',57),(207,6,'Pesticide','Pesticide Restock  LA NORTH Early 2019',9500,'2019-06-02 00:00:00',50,'Purchased',1,'2019-06-02',57),(208,7,'Pesticide','Pesticide Restock  LA NORTH Early 2019',9500,'2019-06-02 00:00:00',50,'Purchased',1,'2019-06-02',57),(209,8,'Pesticide','Pesticide Restock  LA NORTH Early 2019',9500,'2019-06-02 00:00:00',50,'Purchased',1,'2019-06-02',57),(210,9,'Pesticide','Pesticide Restock  LA NORTH Early 2019',9500,'2019-06-02 00:00:00',50,'Purchased',1,'2019-06-02',57),(211,10,'Pesticide','Pesticide Restock  LA NORTH Early 2019',9500,'2019-06-02 00:00:00',50,'Purchased',1,'2019-06-02',57),(212,11,'Pesticide','Pesticide Restock  LA NORTH Early 2019',9500,'2019-06-02 00:00:00',50,'Purchased',1,'2019-06-02',57),(213,12,'Pesticide','Pesticide Restock  LA NORTH Early 2019',9500,'2019-06-02 00:00:00',50,'Purchased',1,'2019-06-02',57),(214,1,'Fertilizer','Fertilizer Restock LA NORTH Early 2019',5000,'2019-06-02 00:00:00',100,'Purchased',1,'2019-06-02',57),(215,2,'Fertilizer','Fertilizer Restock LA NORTH Early 2019',5000,'2019-06-02 00:00:00',100,'Purchased',1,'2019-06-02',57),(216,7,'Fertilizer','Fertilizer Restock LA NORTH Early 2019',5000,'2019-06-02 00:00:00',100,'Purchased',1,'2019-06-02',57),(217,4,'Seed','Seed Restock LA SOUTH Early 2019',5000,'2019-06-02 00:00:00',100,'Purchased',1,'2019-06-02',58),(218,5,'Seed','Seed Restock LA SOUTH Early 2019',5000,'2019-06-02 00:00:00',100,'Purchased',1,'2019-06-02',58),(219,6,'Seed','Seed Restock LA SOUTH Early 2019',5000,'2019-06-02 00:00:00',100,'Purchased',1,'2019-06-02',58),(220,7,'Seed','Seed Restock LA SOUTH Early 2019',5000,'2019-06-02 00:00:00',100,'Purchased',1,'2019-06-02',58),(221,8,'Seed','Seed Restock LA SOUTH Early 2019',5000,'2019-06-02 00:00:00',100,'Purchased',1,'2019-06-02',58),(222,6,'Pesticide','Pesticide Restock  LA SOUTH Early 2019',9500,'2019-06-02 00:00:00',50,'Purchased',1,'2019-06-02',58),(223,7,'Pesticide','Pesticide Restock  LA SOUTH Early 2019',9500,'2019-06-02 00:00:00',50,'Purchased',1,'2019-06-02',58),(224,8,'Pesticide','Pesticide Restock  LA SOUTH Early 2019',9500,'2019-06-02 00:00:00',50,'Purchased',1,'2019-06-02',58),(225,9,'Pesticide','Pesticide Restock  LA SOUTH Early 2019',9500,'2019-06-02 00:00:00',50,'Purchased',1,'2019-06-02',58),(226,10,'Pesticide','Pesticide Restock  LA SOUTH Early 2019',9500,'2019-06-02 00:00:00',50,'Purchased',1,'2019-06-02',58),(227,11,'Pesticide','Pesticide Restock  LA SOUTH Early 2019',9500,'2019-06-02 00:00:00',50,'Purchased',1,'2019-06-02',58),(228,12,'Pesticide','Pesticide Restock  LA SOUTH Early 2019',9500,'2019-06-02 00:00:00',50,'Purchased',1,'2019-06-02',58),(229,1,'Fertilizer','Fertilizer Restock LA SOUTH Early 2019',5000,'2019-06-02 00:00:00',100,'Purchased',1,'2019-06-02',58),(230,2,'Fertilizer','Fertilizer Restock LA SOUTH Early 2019',5000,'2019-06-02 00:00:00',100,'Purchased',1,'2019-06-02',58),(231,7,'Fertilizer','Fertilizer Restock LA SOUTH Early 2019',5000,'2019-06-02 00:00:00',100,'Purchased',1,'2019-06-02',58);
/*!40000 ALTER TABLE `purchase_table` ENABLE KEYS */;
UNLOCK TABLES;

--
-- Table structure for table `season_disease`
--

DROP TABLE IF EXISTS `season_disease`;
/*!40101 SET @saved_cs_client     = @@character_set_client */;
/*!50503 SET character_set_client = utf8mb4 */;
CREATE TABLE `season_disease` (
  `seasons_disease_id` int NOT NULL AUTO_INCREMENT,
  `season_id` int NOT NULL,
  `disease_id` int NOT NULL,
  PRIMARY KEY (`seasons_disease_id`),
  KEY `fk_seasons_has_disease_table_disease_table1_idx` (`disease_id`),
  KEY `fk_seasons_has_disease_table_seasons1_idx` (`season_id`),
  CONSTRAINT `fk_seasons_has_disease_table_disease_table2` FOREIGN KEY (`disease_id`) REFERENCES `disease_table` (`disease_id`),
  CONSTRAINT `fk_seasons_has_disease_table_seasons1` FOREIGN KEY (`season_id`) REFERENCES `seasons` (`season_id`)
) ENGINE=InnoDB AUTO_INCREMENT=13 DEFAULT CHARSET=utf8mb4 COLLATE=utf8mb4_0900_ai_ci;
/*!40101 SET character_set_client = @saved_cs_client */;

--
-- Dumping data for table `season_disease`
--

LOCK TABLES `season_disease` WRITE;
/*!40000 ALTER TABLE `season_disease` DISABLE KEYS */;
INSERT INTO `season_disease` VALUES (3,2,1),(4,2,2),(5,1,2),(6,2,3),(7,2,1),(8,1,4),(9,2,5),(11,2,6),(12,2,7);
/*!40000 ALTER TABLE `season_disease` ENABLE KEYS */;
UNLOCK TABLES;

--
-- Table structure for table `season_pest`
--

DROP TABLE IF EXISTS `season_pest`;
/*!40101 SET @saved_cs_client     = @@character_set_client */;
/*!50503 SET character_set_client = utf8mb4 */;
CREATE TABLE `season_pest` (
  `season_pest` int NOT NULL AUTO_INCREMENT,
  `pest_id` int NOT NULL,
  `season_id` int NOT NULL,
  PRIMARY KEY (`season_pest`),
  KEY `fk_pest_table_has_seasons_seasons1_idx` (`season_id`),
  KEY `fk_pest_table_has_seasons_pest_table1_idx` (`pest_id`),
  CONSTRAINT `fk_pest_table_has_seasons_pest_table1` FOREIGN KEY (`pest_id`) REFERENCES `pest_table` (`pest_id`),
  CONSTRAINT `fk_pest_table_has_seasons_seasons1` FOREIGN KEY (`season_id`) REFERENCES `seasons` (`season_id`)
) ENGINE=InnoDB AUTO_INCREMENT=19 DEFAULT CHARSET=utf8mb4 COLLATE=utf8mb4_0900_ai_ci;
/*!40101 SET character_set_client = @saved_cs_client */;

--
-- Dumping data for table `season_pest`
--

LOCK TABLES `season_pest` WRITE;
/*!40000 ALTER TABLE `season_pest` DISABLE KEYS */;
INSERT INTO `season_pest` VALUES (3,1,1),(4,2,2),(11,3,2),(12,4,2),(13,5,1),(14,6,2),(15,8,2),(16,9,2),(17,10,1);
/*!40000 ALTER TABLE `season_pest` ENABLE KEYS */;
UNLOCK TABLES;

--
-- Table structure for table `seasons`
--

DROP TABLE IF EXISTS `seasons`;
/*!40101 SET @saved_cs_client     = @@character_set_client */;
/*!50503 SET character_set_client = utf8mb4 */;
CREATE TABLE `seasons` (
  `season_id` int NOT NULL AUTO_INCREMENT,
  `season_name` varchar(45) NOT NULL,
  `season_desc` tinytext,
  `season_start` int DEFAULT NULL,
  `season_end` int DEFAULT NULL,
  `season_temp` float DEFAULT NULL,
  `season_humidity` float DEFAULT NULL,
  PRIMARY KEY (`season_id`),
  UNIQUE KEY `season_name_UNIQUE` (`season_name`)
) ENGINE=InnoDB AUTO_INCREMENT=3 DEFAULT CHARSET=utf8mb4 COLLATE=utf8mb4_0900_ai_ci;
/*!40101 SET character_set_client = @saved_cs_client */;

--
-- Dumping data for table `seasons`
--

LOCK TABLES `seasons` WRITE;
/*!40000 ALTER TABLE `seasons` DISABLE KEYS */;
INSERT INTO `seasons` VALUES (1,'Hot','Hot season hot climate',45,150,35,70),(2,'Wet','Full of rain',150,280,26,70);
/*!40000 ALTER TABLE `seasons` ENABLE KEYS */;
UNLOCK TABLES;

--
-- Table structure for table `seed_table`
--

DROP TABLE IF EXISTS `seed_table`;
/*!40101 SET @saved_cs_client     = @@character_set_client */;
/*!50503 SET character_set_client = utf8mb4 */;
CREATE TABLE `seed_table` (
  `seed_id` int NOT NULL AUTO_INCREMENT,
  `seed_name` varchar(20) NOT NULL,
  `seed_desc` tinytext,
  `maturity_days` int DEFAULT NULL,
  `average_yield` float DEFAULT NULL,
  `units` varchar(45) NOT NULL DEFAULT 'Kg',
  `amount` float NOT NULL,
  PRIMARY KEY (`seed_id`),
  UNIQUE KEY `seed_id_UNIQUE` (`seed_id`),
  UNIQUE KEY `seed_name_UNIQUE` (`seed_name`)
) ENGINE=InnoDB AUTO_INCREMENT=9 DEFAULT CHARSET=utf8mb4 COLLATE=utf8mb4_0900_ai_ci;
/*!40101 SET character_set_client = @saved_cs_client */;

--
-- Dumping data for table `seed_table`
--

LOCK TABLES `seed_table` WRITE;
/*!40000 ALTER TABLE `seed_table` DISABLE KEYS */;
INSERT INTO `seed_table` VALUES (4,'Dinorado','THis is is dinorado',75,100,'Kg',10),(5,'168','This is 168 rice',65,100,'Kg',10),(6,'Milagrosa','This is milagrosa rice',70,100,'Kg',10),(7,'Sinandomeng','This is Sinandomeng rice',75,100,'Kg',10),(8,'C4','This is C4 rice',75,100,'Kg',10);
/*!40000 ALTER TABLE `seed_table` ENABLE KEYS */;
UNLOCK TABLES;

--
-- Table structure for table `sessions`
--

DROP TABLE IF EXISTS `sessions`;
/*!40101 SET @saved_cs_client     = @@character_set_client */;
/*!50503 SET character_set_client = utf8mb4 */;
CREATE TABLE `sessions` (
  `session_id` varchar(128) CHARACTER SET utf8mb4 COLLATE utf8mb4_bin NOT NULL,
  `expires` int unsigned NOT NULL,
  `data` mediumtext CHARACTER SET utf8mb4 COLLATE utf8mb4_bin,
  PRIMARY KEY (`session_id`)
) ENGINE=InnoDB DEFAULT CHARSET=utf8mb4 COLLATE=utf8mb4_0900_ai_ci;
/*!40101 SET character_set_client = @saved_cs_client */;

--
-- Dumping data for table `sessions`
--

LOCK TABLES `sessions` WRITE;
/*!40000 ALTER TABLE `sessions` DISABLE KEYS */;
INSERT INTO `sessions` VALUES ('-9SqeeAfGYZwr6dMdMmkUwuiiwNtLs7C',1652407671,'{\"cookie\":{\"originalMaxAge\":108000000,\"expires\":\"2022-05-13T02:07:51.115Z\",\"secure\":false,\"httpOnly\":true,\"path\":\"/\"},\"flash\":{}}'),('2dRkms3B5rw473dDMiBB5pNutqDTCw6M',1652422946,'{\"cookie\":{\"originalMaxAge\":108000000,\"expires\":\"2022-05-13T06:22:25.899Z\",\"secure\":false,\"httpOnly\":true,\"path\":\"/\"},\"flash\":{}}'),('8ZbM8iPdF9r2RIPPPTSkuIjnDO-jQftj',1652380299,'{\"cookie\":{\"originalMaxAge\":108000000,\"expires\":\"2022-05-12T12:22:51.165Z\",\"secure\":false,\"httpOnly\":true,\"path\":\"/\"},\"flash\":{},\"cur_date\":\"2022-05-20\",\"authority\":0,\"username\":\"sina_reymund1\",\"employee_id\":6,\"writeable\":true}'),('l_UxICQAxA9oCflTF7QP8tS0ZzNz-feX',1652425562,'{\"cookie\":{\"originalMaxAge\":108000000,\"expires\":\"2022-05-13T00:38:11.574Z\",\"secure\":false,\"httpOnly\":true,\"path\":\"/\"},\"flash\":{},\"cur_date\":\"2022-05-11\",\"authority\":0,\"username\":\"sina_reymund1\",\"employee_id\":6,\"writeable\":true}'),('mmuLA9xtggFSG_uaDz-YmrZK7pEijQSh',1652402323,'{\"cookie\":{\"originalMaxAge\":108000000,\"expires\":\"2022-05-13T00:38:43.464Z\",\"secure\":false,\"httpOnly\":true,\"path\":\"/\"},\"flash\":{}}'),('sSxRUOOBSrIn1pQzfOSlheuwb5aHfIQr',1652414332,'{\"cookie\":{\"originalMaxAge\":108000000,\"expires\":\"2022-05-13T03:58:51.612Z\",\"secure\":false,\"httpOnly\":true,\"path\":\"/\"},\"flash\":{}}');
/*!40000 ALTER TABLE `sessions` ENABLE KEYS */;
UNLOCK TABLES;

--
-- Table structure for table `soil_quality_table`
--

DROP TABLE IF EXISTS `soil_quality_table`;
/*!40101 SET @saved_cs_client     = @@character_set_client */;
/*!50503 SET character_set_client = utf8mb4 */;
CREATE TABLE `soil_quality_table` (
  `soil_quality_id` int NOT NULL AUTO_INCREMENT,
  `farm_id` int NOT NULL,
  `pH_lvl` float NOT NULL,
  `p_lvl` float NOT NULL,
  `k_lvl` float NOT NULL,
  `n_lvl` float NOT NULL,
  `date_taken` date NOT NULL,
  `calendar_id` int DEFAULT NULL,
  PRIMARY KEY (`soil_quality_id`),
  UNIQUE KEY `soil_quality_id_UNIQUE` (`soil_quality_id`),
  KEY `sq_id_idx` (`farm_id`),
  KEY `crop_calendar_id_idx` (`calendar_id`),
  CONSTRAINT `crop_calendar_id` FOREIGN KEY (`calendar_id`) REFERENCES `crop_calendar_table` (`calendar_id`),
  CONSTRAINT `sq_id` FOREIGN KEY (`farm_id`) REFERENCES `farm_table` (`farm_id`)
) ENGINE=InnoDB AUTO_INCREMENT=20 DEFAULT CHARSET=utf8mb4 COLLATE=utf8mb4_0900_ai_ci;
/*!40101 SET character_set_client = @saved_cs_client */;

--
-- Dumping data for table `soil_quality_table`
--

LOCK TABLES `soil_quality_table` WRITE;
/*!40000 ALTER TABLE `soil_quality_table` DISABLE KEYS */;
/*!40000 ALTER TABLE `soil_quality_table` ENABLE KEYS */;
UNLOCK TABLES;

--
-- Table structure for table `solution_disease`
--

DROP TABLE IF EXISTS `solution_disease`;
/*!40101 SET @saved_cs_client     = @@character_set_client */;
/*!50503 SET character_set_client = utf8mb4 */;
CREATE TABLE `solution_disease` (
  `solution_disease` int NOT NULL AUTO_INCREMENT,
  `disease_id` int NOT NULL,
  `solution_id` int NOT NULL,
  PRIMARY KEY (`solution_disease`),
  KEY `fk_disease_table_has_solution_table_solution_table1_idx` (`solution_id`),
  KEY `fk_disease_table_has_solution_table_disease_table1` (`disease_id`),
  CONSTRAINT `fk_disease_table_has_solution_table_disease_table1` FOREIGN KEY (`disease_id`) REFERENCES `disease_table` (`disease_id`),
  CONSTRAINT `fk_disease_table_has_solution_table_solution_table1` FOREIGN KEY (`solution_id`) REFERENCES `solution_table` (`solution_id`)
) ENGINE=InnoDB AUTO_INCREMENT=16 DEFAULT CHARSET=utf8mb4 COLLATE=utf8mb4_0900_ai_ci;
/*!40101 SET character_set_client = @saved_cs_client */;

--
-- Dumping data for table `solution_disease`
--

LOCK TABLES `solution_disease` WRITE;
/*!40000 ALTER TABLE `solution_disease` DISABLE KEYS */;
INSERT INTO `solution_disease` VALUES (6,1,11),(7,2,11),(8,2,13),(9,3,1),(10,3,10),(11,4,13),(12,5,12),(13,6,8),(14,7,11),(15,7,12);
/*!40000 ALTER TABLE `solution_disease` ENABLE KEYS */;
UNLOCK TABLES;

--
-- Table structure for table `solution_pest`
--

DROP TABLE IF EXISTS `solution_pest`;
/*!40101 SET @saved_cs_client     = @@character_set_client */;
/*!50503 SET character_set_client = utf8mb4 */;
CREATE TABLE `solution_pest` (
  `solution_pest_id` int NOT NULL AUTO_INCREMENT,
  `solution_id` int NOT NULL,
  `pest_id` int DEFAULT NULL,
  PRIMARY KEY (`solution_pest_id`),
  KEY `fk_pest_table_has_solution_table_solution_table1_idx` (`solution_id`),
  KEY `fk_pest_table_has_solution_table_pest_table1_idx` (`pest_id`),
  CONSTRAINT `fk_pest_table_has_solution_table_pest_table1` FOREIGN KEY (`pest_id`) REFERENCES `pest_table` (`pest_id`),
  CONSTRAINT `fk_pest_table_has_solution_table_solution_table1` FOREIGN KEY (`solution_id`) REFERENCES `solution_table` (`solution_id`)
) ENGINE=InnoDB AUTO_INCREMENT=25 DEFAULT CHARSET=utf8mb4 COLLATE=utf8mb4_0900_ai_ci;
/*!40101 SET character_set_client = @saved_cs_client */;

--
-- Dumping data for table `solution_pest`
--

LOCK TABLES `solution_pest` WRITE;
/*!40000 ALTER TABLE `solution_pest` DISABLE KEYS */;
INSERT INTO `solution_pest` VALUES (4,1,1),(5,2,1),(6,3,2),(7,4,2),(8,6,2),(9,5,3),(10,6,3),(11,6,4),(12,8,4),(13,6,5),(14,1,6),(15,7,6),(16,6,7),(17,8,7),(18,6,8),(19,6,9),(20,1,9),(21,8,9),(22,6,10),(23,5,10),(24,9,10);
/*!40000 ALTER TABLE `solution_pest` ENABLE KEYS */;
UNLOCK TABLES;

--
-- Table structure for table `solution_table`
--

DROP TABLE IF EXISTS `solution_table`;
/*!40101 SET @saved_cs_client     = @@character_set_client */;
/*!50503 SET character_set_client = utf8mb4 */;
CREATE TABLE `solution_table` (
  `solution_id` int NOT NULL AUTO_INCREMENT,
  `solution_name` varchar(45) DEFAULT NULL,
  `solution_desc` tinytext,
  PRIMARY KEY (`solution_id`)
) ENGINE=InnoDB AUTO_INCREMENT=14 DEFAULT CHARSET=utf8mb4 COLLATE=utf8mb4_0900_ai_ci;
/*!40101 SET character_set_client = @saved_cs_client */;

--
-- Dumping data for table `solution_table`
--

LOCK TABLES `solution_table` WRITE;
/*!40000 ALTER TABLE `solution_table` DISABLE KEYS */;
INSERT INTO `solution_table` VALUES (1,'Flood the field','Flood the fields with water.'),(2,'Let dogs loose','Use dogs to locate active rat burrows'),(3,'Clipping shoots','lipping and burying shoots in the mud can reduce grub populations'),(4,'Burying shoots','lipping and burying shoots in the mud can reduce grub populations'),(5,'Apply pesticide-Spinetoram','use treatments of carbamate insecticides'),(6,'Use Biological control agents','Encourage biological control agents: snails, beetles, spiders, dragonflies'),(7,'Apply pesticide-Fipronil','Use mixed rice bran and insecticides'),(8,'Apply pesticide-Flubendiamide','Compost tea and beneficial nematodes.'),(9,'Use light traps','Use light traps. Do not place lights near seedbeds or fields.'),(10,'Sweep Seedbeds','Sweep small seedbeds with a net to remove some BPH, particularly from dry seed beds. '),(11,'Apply fungicide-Hexaconazol','Use copper-based fungicide applied at heading can be effective in controlling the disease.'),(12,'Remove infected seeds','Remove infected seeds, panicles, and plant debris '),(13,'Drain the field','Drain the field during severe flood');
/*!40000 ALTER TABLE `solution_table` ENABLE KEYS */;
UNLOCK TABLES;

--
-- Table structure for table `stages`
--

DROP TABLE IF EXISTS `stages`;
/*!40101 SET @saved_cs_client     = @@character_set_client */;
/*!50503 SET character_set_client = utf8mb4 */;
CREATE TABLE `stages` (
  `stage_id` int NOT NULL AUTO_INCREMENT,
  `stage_name` varchar(45) NOT NULL,
  `stage_desc` tinytext,
  `avg_duration` int DEFAULT NULL,
  PRIMARY KEY (`stage_id`)
) ENGINE=InnoDB AUTO_INCREMENT=7 DEFAULT CHARSET=utf8mb4 COLLATE=utf8mb4_0900_ai_ci;
/*!40101 SET character_set_client = @saved_cs_client */;

--
-- Dumping data for table `stages`
--

LOCK TABLES `stages` WRITE;
/*!40000 ALTER TABLE `stages` DISABLE KEYS */;
INSERT INTO `stages` VALUES (1,'Vegetation','Vegetation period',80),(2,'Reproductive','Reproductive period',35),(3,'Ripening','Ripening period',30),(4,'Harvesting','Harvesting period',15),(5,'Land Preparation','Land preparation period',15),(6,'Sowing','Sowing period',15);
/*!40000 ALTER TABLE `stages` ENABLE KEYS */;
UNLOCK TABLES;

--
-- Table structure for table `stages_disease`
--

DROP TABLE IF EXISTS `stages_disease`;
/*!40101 SET @saved_cs_client     = @@character_set_client */;
/*!50503 SET character_set_client = utf8mb4 */;
CREATE TABLE `stages_disease` (
  `stages_disease_id` int NOT NULL AUTO_INCREMENT,
  `stage_id` int NOT NULL,
  `disease_id` int NOT NULL,
  PRIMARY KEY (`stages_disease_id`),
  KEY `fk_stages_has_disease_table_disease_table1_idx` (`disease_id`),
  KEY `fk_stages_has_disease_table_stages1_idx` (`stage_id`),
  CONSTRAINT `fk_stages_has_disease_table_disease_table1` FOREIGN KEY (`disease_id`) REFERENCES `disease_table` (`disease_id`),
  CONSTRAINT `fk_stages_has_disease_table_stages1` FOREIGN KEY (`stage_id`) REFERENCES `stages` (`stage_id`)
) ENGINE=InnoDB AUTO_INCREMENT=9 DEFAULT CHARSET=utf8mb4 COLLATE=utf8mb4_0900_ai_ci;
/*!40101 SET character_set_client = @saved_cs_client */;

--
-- Dumping data for table `stages_disease`
--

LOCK TABLES `stages_disease` WRITE;
/*!40000 ALTER TABLE `stages_disease` DISABLE KEYS */;
INSERT INTO `stages_disease` VALUES (2,2,1),(3,4,2),(4,1,3),(5,6,4),(6,1,5),(7,2,6),(8,3,7);
/*!40000 ALTER TABLE `stages_disease` ENABLE KEYS */;
UNLOCK TABLES;

--
-- Table structure for table `stages_pest`
--

DROP TABLE IF EXISTS `stages_pest`;
/*!40101 SET @saved_cs_client     = @@character_set_client */;
/*!50503 SET character_set_client = utf8mb4 */;
CREATE TABLE `stages_pest` (
  `stages_pest_id` int NOT NULL AUTO_INCREMENT,
  `stage_id` int NOT NULL,
  `pest_id` int NOT NULL,
  PRIMARY KEY (`stages_pest_id`),
  KEY `fk_stages_has_pest_table_pest_table1_idx` (`pest_id`),
  KEY `fk_stages_has_pest_table_stages1_idx` (`stage_id`),
  CONSTRAINT `fk_stages_has_pest_table_pest_table1` FOREIGN KEY (`pest_id`) REFERENCES `pest_table` (`pest_id`),
  CONSTRAINT `fk_stages_has_pest_table_stages1` FOREIGN KEY (`stage_id`) REFERENCES `stages` (`stage_id`)
) ENGINE=InnoDB AUTO_INCREMENT=11 DEFAULT CHARSET=utf8mb4 COLLATE=utf8mb4_0900_ai_ci;
/*!40101 SET character_set_client = @saved_cs_client */;

--
-- Dumping data for table `stages_pest`
--

LOCK TABLES `stages_pest` WRITE;
/*!40000 ALTER TABLE `stages_pest` DISABLE KEYS */;
INSERT INTO `stages_pest` VALUES (3,6,1),(4,2,2),(5,6,3),(6,1,4),(7,6,7),(8,1,8),(9,1,9),(10,5,10);
/*!40000 ALTER TABLE `stages_pest` ENABLE KEYS */;
UNLOCK TABLES;

--
-- Table structure for table `symptoms_disease`
--

DROP TABLE IF EXISTS `symptoms_disease`;
/*!40101 SET @saved_cs_client     = @@character_set_client */;
/*!50503 SET character_set_client = utf8mb4 */;
CREATE TABLE `symptoms_disease` (
  `symptom_id` int NOT NULL,
  `disease_id` int NOT NULL,
  `symptoms_disease_id` int NOT NULL AUTO_INCREMENT,
  PRIMARY KEY (`symptoms_disease_id`),
  KEY `fk_symptoms_table_has_disease_table_disease_table1_idx` (`disease_id`),
  KEY `fk_symptoms_table_has_disease_table_symptoms_table1_idx` (`symptom_id`),
  CONSTRAINT `fk_symptoms_table_has_disease_table_disease_table1` FOREIGN KEY (`disease_id`) REFERENCES `disease_table` (`disease_id`),
  CONSTRAINT `fk_symptoms_table_has_disease_table_symptoms_table1` FOREIGN KEY (`symptom_id`) REFERENCES `symptoms_table` (`symptom_id`)
) ENGINE=InnoDB AUTO_INCREMENT=27 DEFAULT CHARSET=utf8mb4 COLLATE=utf8mb4_0900_ai_ci;
/*!40101 SET character_set_client = @saved_cs_client */;

--
-- Dumping data for table `symptoms_disease`
--

LOCK TABLES `symptoms_disease` WRITE;
/*!40000 ALTER TABLE `symptoms_disease` DISABLE KEYS */;
INSERT INTO `symptoms_disease` VALUES (12,1,5),(15,1,6),(22,1,7),(22,2,8),(28,2,9),(24,2,10),(24,3,11),(26,3,12),(27,3,13),(25,3,14),(28,4,15),(29,4,16),(30,4,17),(29,5,18),(30,5,19),(31,5,20),(13,6,21),(25,6,22),(30,6,23),(26,7,24),(25,7,25),(23,7,26);
/*!40000 ALTER TABLE `symptoms_disease` ENABLE KEYS */;
UNLOCK TABLES;

--
-- Table structure for table `symptoms_pest`
--

DROP TABLE IF EXISTS `symptoms_pest`;
/*!40101 SET @saved_cs_client     = @@character_set_client */;
/*!50503 SET character_set_client = utf8mb4 */;
CREATE TABLE `symptoms_pest` (
  `symptoms_pest_id` int NOT NULL AUTO_INCREMENT,
  `symptom_id` int NOT NULL,
  `pest_id` int NOT NULL,
  PRIMARY KEY (`symptoms_pest_id`),
  KEY `fk_symptoms_table_has_pest_table_pest_table1_idx` (`pest_id`),
  KEY `fk_symptoms_table_has_pest_table_symptoms_table1_idx` (`symptom_id`),
  CONSTRAINT `fk_symptoms_table_has_pest_table_pest_table1` FOREIGN KEY (`pest_id`) REFERENCES `pest_table` (`pest_id`),
  CONSTRAINT `fk_symptoms_table_has_pest_table_symptoms_table1` FOREIGN KEY (`symptom_id`) REFERENCES `symptoms_table` (`symptom_id`)
) ENGINE=InnoDB AUTO_INCREMENT=36 DEFAULT CHARSET=utf8mb4 COLLATE=utf8mb4_0900_ai_ci;
/*!40101 SET character_set_client = @saved_cs_client */;

--
-- Dumping data for table `symptoms_pest`
--

LOCK TABLES `symptoms_pest` WRITE;
/*!40000 ALTER TABLE `symptoms_pest` DISABLE KEYS */;
INSERT INTO `symptoms_pest` VALUES (5,1,1),(6,2,2),(7,3,2),(8,4,2),(9,5,3),(10,6,3),(11,7,3),(12,8,3),(13,9,4),(14,10,4),(15,11,4),(16,12,5),(17,13,5),(18,14,5),(19,15,5),(20,16,6),(21,17,6),(22,18,6),(23,19,6),(24,16,7),(25,17,7),(26,18,7),(27,19,7),(28,21,8),(29,20,8),(30,21,9),(31,22,9),(32,24,9),(33,20,10),(34,12,10),(35,14,10);
/*!40000 ALTER TABLE `symptoms_pest` ENABLE KEYS */;
UNLOCK TABLES;

--
-- Table structure for table `symptoms_table`
--

DROP TABLE IF EXISTS `symptoms_table`;
/*!40101 SET @saved_cs_client     = @@character_set_client */;
/*!50503 SET character_set_client = utf8mb4 */;
CREATE TABLE `symptoms_table` (
  `symptom_id` int NOT NULL AUTO_INCREMENT,
  `symptom_name` varchar(45) DEFAULT NULL,
  `symptom_desc` tinytext,
  PRIMARY KEY (`symptom_id`)
) ENGINE=InnoDB AUTO_INCREMENT=33 DEFAULT CHARSET=utf8mb4 COLLATE=utf8mb4_0900_ai_ci;
/*!40101 SET character_set_client = @saved_cs_client */;

--
-- Dumping data for table `symptoms_table`
--

LOCK TABLES `symptoms_table` WRITE;
/*!40000 ALTER TABLE `symptoms_table` DISABLE KEYS */;
INSERT INTO `symptoms_table` VALUES (1,'Presence of burrows','There are burrows around the farm.'),(2,'Scraping on leaf blade','Scraping of the upper surface of the leaf blade leaving only the lower epidermis as white streaks parallel to the midrib'),(3,'Withering','Withering of damged leaves'),(4,'Translucent white patches','Irregular translucent white patches that are parallel to the leaf veins caused by tunneling of larvae through leaf tissue causes'),(5,'Floating leaf cases','Leaf cases floating on water.'),(6,'Leaves cut','Leaves cut at right angles as with a pair of scissors'),(7,'Papery leaves','Leaves with papery upper epidermis that were fed on'),(8,'Skeletonized leaf tissues','Skeletonized leaf tissues usually appear ladder-like'),(9,'Dry Leaf tips','Dry leaf tips.'),(10,'Orange leaves','Whole leaves become orange.'),(11,'White eggs','White eggs laid singly in the sheaths.'),(12,'Wilting','Wilting in the plants'),(13,'Stunting','Plant stunting.'),(14,'Yellowish leaves','Yellowish curved leaves.'),(15,'Damaged Spots','Damaged spots or chakdhora or soorai disease.'),(16,'Falling plants','Loss of plant stand.'),(17,'Cut seedlings','Cut seedlings at base.'),(18,'Poor growth','Poor growth of seedling.'),(19,'Dead seedlings','Seedlings are dead.'),(20,'Yellow green larva','yellow green larva with body covered by small and yellow bead-like hairs'),(21,'Shiny eggs','Shiny and spherical pearl-like eggs.'),(22,'Leaf veins','Symptoms initially appear as small, water-soaked, linear lesions between leaf veins. '),(23,'Brown leaves','Entire leaves may become brown and die when the disease is very severe.'),(24,'Grey-green Lesions','Initial symptoms appear as white to gray-green lesions or spots, with dark green borders.'),(25,'Dark Green borders','Initial symptoms appear as white to gray-green lesions or spots, with dark green borders.'),(26,'Spindle-shaped centers','Older lesions on the leaves are elliptical or spindle-shaped and whitish to gray centers with red to brownish or necrotic border.'),(27,'Elliptical centers','Older lesions on the leaves are elliptical or spindle-shaped and whitish to gray centers with red to brownish or necrotic border.'),(28,'Brown lesions','Infected seedlings have small, circular, yellow brown or brown lesions that may girdle the coleoptile and distort primary and secondary leaves.'),(29,'Velvety spores','Individual rice grain transformed into a mass of velvety spores or yellow fruiting bodies'),(30,'Broken membrane of spores','Growth of spores result to broken membrane'),(31,'Orange mature spores','Mature spores orange and turn yellowish green or greenish black'),(32,'Infected grains','Only few grains in a panicle are usually infected and the rest are normal');
/*!40000 ALTER TABLE `symptoms_table` ENABLE KEYS */;
UNLOCK TABLES;

--
-- Table structure for table `user_table`
--

DROP TABLE IF EXISTS `user_table`;
/*!40101 SET @saved_cs_client     = @@character_set_client */;
/*!50503 SET character_set_client = utf8mb4 */;
CREATE TABLE `user_table` (
  `user_id` int NOT NULL AUTO_INCREMENT,
  `employee_id` int NOT NULL,
  `username` varchar(20) NOT NULL,
  `password` varchar(100) DEFAULT NULL,
  `access_level` int NOT NULL,
  `otp` varchar(6) DEFAULT NULL,
  `isActive` int DEFAULT '1',
  PRIMARY KEY (`user_id`),
  UNIQUE KEY `user_id_UNIQUE` (`user_id`),
  KEY `user_to_employee_idx` (`employee_id`),
  CONSTRAINT `user_to_employee` FOREIGN KEY (`employee_id`) REFERENCES `employee_table` (`employee_id`)
) ENGINE=InnoDB AUTO_INCREMENT=11 DEFAULT CHARSET=utf8mb4 COLLATE=utf8mb4_0900_ai_ci;
/*!40101 SET character_set_client = @saved_cs_client */;

--
-- Dumping data for table `user_table`
--

LOCK TABLES `user_table` WRITE;
/*!40000 ALTER TABLE `user_table` DISABLE KEYS */;
INSERT INTO `user_table` VALUES (2,14,'rosario_marilou0','$2b$10$wIuabHNZwQtBAgE5b58YfOzfjVAGM6VXxTbrRfRE4Ld2kzvIQT2Li',1,NULL,1),(3,16,'harry_brocka0','$2b$10$uREEZlpxtWQXK7snNt2PeOTiPyoIdFw5MSpsLvu5dD8pOUhCknoPS',2,NULL,1),(4,6,'sina_reymund1','$2b$10$uREEZlpxtWQXK7snNt2PeOTiPyoIdFw5MSpsLvu5dD8pOUhCknoPS',0,NULL,1),(9,5,'acena_orlino1',NULL,1,'7c0252',1),(10,4,'acena_orlino2',NULL,1,'2fbdd5',1);
/*!40000 ALTER TABLE `user_table` ENABLE KEYS */;
UNLOCK TABLES;

--
-- Table structure for table `weather_data_table`
--

DROP TABLE IF EXISTS `weather_data_table`;
/*!40101 SET @saved_cs_client     = @@character_set_client */;
/*!50503 SET character_set_client = utf8mb4 */;
CREATE TABLE `weather_data_table` (
  `date` date NOT NULL,
  `temp_mean` float DEFAULT '0',
  `temp_min` float DEFAULT '0',
  `temp_max` float DEFAULT '0',
  `pressure_mean` float DEFAULT '0',
  `humidity_mean` float DEFAULT '0',
  `precipitation_mean` float DEFAULT '0',
  PRIMARY KEY (`date`),
  UNIQUE KEY `date_UNIQUE` (`date`)
) ENGINE=InnoDB DEFAULT CHARSET=utf8mb4 COLLATE=utf8mb4_0900_ai_ci;
/*!40101 SET character_set_client = @saved_cs_client */;

--
-- Dumping data for table `weather_data_table`
--

LOCK TABLES `weather_data_table` WRITE;
/*!40000 ALTER TABLE `weather_data_table` DISABLE KEYS */;
INSERT INTO `weather_data_table` VALUES ('1990-01-01',25.72,21.83,32.06,1012,77.21,0),('1990-01-02',26,22.67,28.67,1011.7,79.57,0),('1990-01-03',24.83,23.67,26.83,1013.6,88.18,0.12),('1990-01-04',25.56,22.56,31.17,1014.3,77.91,0.79),('1990-01-05',25.44,23.06,28.06,1014.4,77.67,0),('1990-01-06',25.67,24.83,27.17,1014.2,85.21,0),('1990-01-07',25.67,24.56,27.56,1016.1,82.97,0),('1990-01-08',25.11,23.56,27.06,1014.9,87.11,0.12),('1990-01-09',24.89,23.83,26.67,1013.6,90.22,0.24),('1990-01-10',26.06,24.17,29.06,1012.4,87.7,0),('1990-01-11',26.61,25.06,29.06,1013,84.6,0),('1990-01-12',25.78,23.56,29.06,1013.7,87.93,0.16),('1990-01-13',26.11,24.06,29.56,1012,83.08,0.06),('1990-01-14',26.11,24.06,29.17,1012.5,80.48,0),('1990-01-15',26.28,24.67,28.83,1011.4,79.23,0),('1990-01-16',25.56,22.83,29.56,1012.1,79.04,0),('1990-01-17',25.39,23.17,27.83,1011.8,82.5,0),('1990-01-18',25.83,23.83,28.56,1012.6,77.31,0),('1990-01-19',25.06,24.06,27.33,1014.1,75.23,0),('1990-01-20',24.5,22.06,28.33,1014.3,75.9,0),('1990-01-21',25.67,24.06,27.83,1014.5,70.55,0),('1990-01-22',24.89,23.06,27.56,1013.3,86.58,0.06),('1990-01-23',26.06,24.56,28.56,1012.6,84.06,0.02),('1990-01-24',24.22,23.83,24.67,1013.2,86.75,0.01),('1990-01-25',24.33,23.67,25.17,1015,91.85,0.04),('1990-01-26',24.72,23.06,27.56,1014,91.63,0.12),('1990-01-27',25.89,24.33,28.06,1011.9,85.55,0),('1990-01-28',26,23.56,28.06,1012.6,85.56,0),('1990-01-29',26.22,24.56,28.83,1014.7,85.62,0),('1990-01-30',26.56,25.06,29.17,1014.5,86.51,0),('1990-01-31',26.72,25.06,29.83,1014.6,83.95,0),('1990-02-01',26.11,24.06,28.56,1015.4,83.21,0),('1990-02-02',26.11,24.56,28.67,1015.9,86.7,0.01),('1990-02-03',27.28,24.56,29.17,1015.8,80.13,0),('1990-02-04',26.61,24.83,30.17,1015.5,81.55,0),('1990-02-05',26.61,25.33,28.56,1017.3,85.72,0.05),('1990-02-06',26.61,25.06,29.17,1019.4,79.06,0),('1990-02-07',26.44,25.06,29.17,1017.7,78.16,0),('1990-02-08',26.28,24.83,28.83,1017.6,80.55,0),('1990-02-09',25.78,24.06,28.17,1018,83.38,0.05),('1990-02-10',26.72,25.06,29.06,1018.7,78.1,0),('1990-02-11',26.39,23.83,29.17,1018.2,78.71,0),('1990-02-12',26.61,23.06,29.06,1016.1,78.02,0),('1990-02-13',26.61,25.33,28.17,1015.5,80.91,0),('1990-02-14',27.06,25.67,29.06,1015,76.91,0),('1990-02-15',27.78,24.83,38.06,1014.3,76.5,0),('1990-02-16',25.94,24.17,28.17,1014.3,82.05,0),('1990-02-17',26.89,24.83,29.83,1014.4,78.98,0),('1990-02-18',26.22,23.83,29.17,1015.3,78.66,0),('1990-02-19',26.28,24.06,29.06,1015.4,80.66,0),('1990-02-20',26.89,25.06,30.17,1014.8,78.73,0),('1990-02-21',26.78,24.83,30.17,1013.3,82.34,0),('1990-02-22',27.33,25.06,29.83,1012.6,80.8,0),('1990-02-23',27.17,25.06,30.06,1012.9,75.44,0),('1990-02-24',26,25.06,28.17,1012.4,80.82,0),('1990-02-25',26.33,25.17,28.33,1011.3,82,0),('1990-02-26',27.22,25.06,29.17,1012.9,78.86,0),('1990-02-27',26.94,24.83,30.06,1012.9,79.47,0),('1990-02-28',27,25.33,29.06,1012.5,80.69,0),('1990-03-01',26.94,24.56,29.83,1012.1,80.6,0),('1990-03-02',26.44,22.83,30.06,1012.6,76.57,0),('1990-03-03',26.28,22.83,29.67,1013,71.2,0),('1990-03-04',26.33,21.83,31.06,1011.9,70.9,0),('1990-03-05',27.28,22.06,31.06,1012,73.08,0),('1990-03-06',26.89,22.83,31.06,1013.4,75.91,0),('1990-03-07',27.72,25.67,30.33,1014.5,77.99,0),('1990-03-08',26.11,23.06,29.83,1015.4,83.49,0),('1990-03-09',25.28,23.56,30.67,1017,83,0.12),('1990-03-10',26.44,24.06,28.06,1018.3,73.44,0),('1990-03-11',26.67,23.17,28.83,1016.7,75.33,0),('1990-03-12',26.89,24.83,29.83,1014.9,77.85,0),('1990-03-13',26.72,25.17,28.56,1016.8,76.52,0),('1990-03-14',26.78,25.17,28.06,1017.2,78.94,0.12),('1990-03-15',26.61,23.17,28.56,1016.5,79.07,0),('1990-03-16',26.28,25.17,28.67,1016.7,81.64,0.04),('1990-03-17',26.56,24.06,29.17,1016,76.93,0),('1990-03-18',26.61,24.83,29.17,1015.4,77.53,0),('1990-03-19',27.39,24.56,29.83,1014.3,79.97,0),('1990-03-20',27.28,25.83,30.06,1013.5,82.27,0),('1990-03-21',27.22,24.06,29.56,1013.5,81.93,0),('1990-03-22',27.61,25.17,31.06,1013.8,81.13,0),('1990-03-23',27.33,25.17,30.06,1014.7,82.16,0),('1990-03-24',27.44,25.06,30.67,1013.3,77.59,0),('1990-03-25',27.39,23.67,31.06,1012.6,75.02,0),('1990-03-26',27.61,23.33,31.06,1013.3,75.49,0),('1990-03-27',27.72,24.83,30.67,1013.7,72.95,0),('1990-03-28',27.78,25.67,29.83,1014.5,75.16,0),('1990-03-29',27.22,23.83,29.83,1013.7,77.06,0),('1990-03-30',28.17,25.83,30.33,1013.4,71.23,0),('1990-03-31',27.39,23.06,30.67,1013.7,78.21,0),('1990-04-01',26.72,24.06,30.67,1011,80.78,0),('1990-04-02',28,23.06,31.67,1010.9,73.85,0),('1990-04-03',28.44,26.06,31.17,1011.7,71.83,0),('1990-04-04',28.78,25.83,33.06,1012.3,77.75,0),('1990-04-05',28.44,26.67,30.83,1012.2,75.97,0),('1990-04-06',27.78,26.06,31.33,1011.7,75.92,0.04),('1990-04-07',28.22,26.06,31.17,1011.1,77.52,0),('1990-04-08',28.78,26.56,31.83,1010.8,73.9,0),('1990-04-09',28.67,25.56,31.06,1009.5,76.4,0),('1990-04-10',28.06,26.17,30.56,1007.9,80.89,0),('1990-04-11',28.72,27.06,30.67,1007.3,75.65,0),('1990-04-12',28.83,25.83,31.17,1007.6,76.99,0),('1990-04-13',28.89,24.06,32.06,1007.6,76.86,0),('1990-04-14',28.78,25.83,32.06,1006.7,76.61,0),('1990-04-15',29.11,26.06,32.06,1006.4,78.4,0),('1990-04-16',29.56,26.56,34.67,1007.1,78.28,0),('1990-04-17',29.39,24.06,34.17,1007.5,76.09,0),('1990-04-18',29.83,24.17,38.83,1008.5,72.21,0),('1990-04-19',28.67,24.67,34.06,1008.8,79.88,0),('1990-04-20',29.17,24.83,33.56,1008.1,77.97,0),('1990-04-21',30,25.06,35.06,1008.2,72.95,0),('1990-04-22',29.89,25.06,33.83,1008,75.66,0),('1990-04-23',30.11,26.06,33.06,1009.4,76.39,0),('1990-04-24',29.89,26.56,33.06,1010.8,77.52,0),('1990-04-25',30.17,26.67,33.33,1010.9,73.2,0.04),('1990-04-26',29.22,26.06,32.17,1010.8,75.93,0.08),('1990-04-27',29.89,27.17,32.17,1011.6,72.55,0),('1990-04-28',29.67,27.06,33.06,1010.9,72.33,0),('1990-04-29',29.67,27.17,32.33,1010.1,71.19,0),('1990-04-30',29.78,27.06,32.83,1008.5,72.29,0),('1990-05-01',29.22,26.67,32.06,1008.8,75.06,0),('1990-05-02',29.61,27.67,32.17,1008.2,71.87,0),('1990-05-03',29.72,26.67,32.83,1008.1,72.68,0),('1990-05-04',29.89,26.06,33.17,1008.6,68.93,0),('1990-05-05',29.06,25.56,31.33,1008.8,73.28,0),('1990-05-06',30.17,25.56,38.83,1010.1,70.56,0),('1990-05-07',28.61,25.17,31.83,1008.9,78.44,0),('1990-05-08',29.44,26.06,32.06,1008.6,74.87,0),('1990-05-09',30.11,27.56,33.06,1007.5,74.96,0),('1990-05-10',29.94,27.67,33.17,1008,76.12,0),('1990-05-11',30.5,27.06,33.06,1007.5,73.1,0),('1990-05-12',29.28,25.17,32.67,1007.4,74.78,0.08),('1990-05-13',28.61,25.06,33.17,1007.1,82.91,0.12),('1990-05-14',28.17,25.06,31.67,1008,85.54,0.18),('1990-05-15',27.06,24.33,31.06,1009.1,87.77,0.94),('1990-05-16',28.06,23.83,31.17,1008.3,80.88,1.77),('1990-05-17',27.83,25.17,31.17,1008.6,85.2,1.73),('1990-05-18',28.61,26.17,31.06,1008.8,84.26,0.04),('1990-05-19',28.78,25.06,32.17,1008.2,82.24,0),('1990-05-20',27.94,25.56,32.56,1007.9,87.06,0.2),('1990-05-21',27.72,24.06,31.06,1007.4,85.77,3.31),('1990-05-22',23.83,8.06,28.06,1008.5,90.25,0.51),('1990-05-23',27.72,24.67,31.06,1009.7,86.34,0.08),('1990-05-24',27,24.67,31.06,1010.6,89.23,0.28),('1990-05-25',27.56,24.06,30.06,1010.8,87.71,0.12),('1990-05-26',27.22,25.06,32.67,1012.4,86.51,0),('1990-05-27',27.28,24.06,31.06,1010.3,84.43,0.47),('1990-05-28',28.06,24.56,32.17,1009.6,80.45,0.35),('1990-05-29',28.61,25.06,32.67,1009.2,84.42,0),('1990-05-30',28.11,24.06,32.67,1008.7,84.23,0),('1990-05-31',26.22,24.67,28.56,1008.3,94.09,0.61),('1990-06-01',26.94,24.83,31.06,1008.4,90.68,0.01),('1990-06-02',28.44,24.17,31.33,1009,85.15,0),('1990-06-03',28,25.06,31.17,1010.1,86.14,0.35),('1990-06-04',27.83,25.33,30.67,1010.6,86.39,0),('1990-06-05',28.33,24.67,31.83,1010,81.84,0),('1990-06-06',28.61,24.56,31.17,1009,86,0),('1990-06-07',27.39,25.17,30.56,1009.7,87.93,1.38),('1990-06-08',28.22,25.56,31.67,1008.1,85.12,0),('1990-06-09',28.39,24.83,31.67,1008.1,85.91,0),('1990-06-10',29.06,25.06,32.67,1009.1,84.63,0),('1990-06-11',28.94,27.17,31.06,1009.3,84.26,0),('1990-06-12',28.44,25.83,30.83,1007.7,86.45,0.04),('1990-06-13',28.61,25.33,31.33,1006.1,85.35,0),('1990-06-14',26.39,25.06,29.56,1005.4,93.49,0.55),('1990-06-15',25.44,24.17,26.83,1006,93.86,0.63),('1990-06-16',28.06,24.17,30.67,1007.5,82.12,0),('1990-06-17',28.78,26.06,30.33,1008.7,78.87,0),('1990-06-18',29,26.33,32.06,1008,80.72,0),('1990-06-19',28,26.06,31.06,1007.8,85.94,0),('1990-06-20',27.33,25.33,31.67,1006.1,88.94,0.12),('1990-06-21',25.06,24.06,27.06,1002.8,94.7,0.51),('1990-06-22',25.67,24.67,27.56,1003.4,93.58,1.1),('1990-06-23',26,24.17,28.17,1006.4,95.01,0.08),('1990-06-24',27.39,25.06,30.67,1008.5,89.08,0),('1990-06-25',28,25.17,31.06,1007.6,87.05,0),('1990-06-26',25.56,23.56,27.83,1005.2,93.97,0.59),('1990-06-27',25,23.83,26.17,1004.8,93.16,0.79),('1990-06-28',26,25.06,28.56,1007.4,93.4,0.47),('1990-06-29',27.5,24.06,31.67,1008.6,85.63,0),('1990-06-30',27.39,24.56,30.67,1007.9,86.91,0),('1990-07-01',28.5,24.67,35.17,1007.3,83.62,0),('1990-07-02',27.56,24.33,32.17,1008.4,85.55,0.31),('1990-07-03',27.5,23.67,32.67,1009.9,85.96,0),('1990-07-04',27.89,24.67,31.83,1009.4,86.99,0.08),('1990-07-05',28,24.33,30.56,1009,84.72,0),('1990-07-06',27.67,25.06,32.17,1009.2,84.79,0.12),('1990-07-07',27.61,24.33,31.17,1008,90.12,0),('1990-07-08',27.33,24.33,30.06,1007,88.58,0),('1990-07-09',27.44,25.33,30.56,1007,86.71,0.06),('1990-07-10',27.33,25.17,29.67,1009.2,89.4,0.02),('1990-07-11',27.72,24.17,32.06,1010,84,0),('1990-07-12',27.39,24.33,32.56,1009.3,87.06,0.02),('1990-07-13',28.89,25.06,31.06,1008.1,80.44,0),('1990-07-14',29.06,25.17,32.83,1009.3,84,0),('1990-07-15',27.39,23.67,31.67,1011.3,89.49,0.98),('1990-07-16',27.39,23.67,31.06,1009.9,86.44,0.12),('1990-07-17',27.5,25.56,31.67,1007.7,83.16,0),('1990-07-18',26.83,24.06,31.56,1008.2,84.26,0),('1990-07-19',26.39,23.56,31.06,1008.1,88.87,0.04),('1990-07-20',25.72,23.83,29.17,1007.4,90.31,0.01),('1990-07-21',26.61,23.17,30.06,1007.4,86.66,0.51),('1990-07-22',28.22,23.83,32.06,1008.4,82.77,0),('1990-07-23',28.44,25.06,31.17,1009.7,82.97,0.94),('1990-07-24',28.06,25.56,31.56,1008.3,81.67,0),('1990-07-25',25.61,24.06,28.17,1007.1,90,0.79),('1990-07-26',25.67,23.33,27.17,1006.1,92.44,0.16),('1990-07-27',25.56,24.83,27.06,1004.9,92.6,0.13),('1990-07-28',24.94,23.06,28.17,1004.2,92.76,0.55),('1990-07-29',26.33,22.56,29.83,1003.3,90.03,1.06),('1990-07-30',28.78,25.17,31.56,1005.2,81.46,0),('1990-07-31',29.06,25.06,32.83,1006.9,81.51,0),('1990-08-01',28.94,26.06,32.83,1008,81.73,0),('1990-08-02',28.28,25.56,32.06,1007.6,85.47,0),('1990-08-03',27.72,25.06,32.67,1007.5,85.26,0),('1990-08-04',28.28,24.56,32.17,1008.6,82.52,0),('1990-08-05',28.67,25.06,33.06,1009.5,82.31,0),('1990-08-06',28.83,26.56,31.83,1009.3,81.6,0),('1990-08-07',29.06,25.06,33.06,1009.6,83.06,0),('1990-08-08',29.44,24.83,33.17,1009.6,79.92,0),('1990-08-09',29.22,24.83,33.06,1009.3,80.26,0),('1990-08-10',28.33,25.17,32.06,1009.4,83.91,0),('1990-08-11',28.61,25.06,31.33,1009.4,86.51,0.01),('1990-08-12',27.11,23.67,30.83,1008,85.5,1.06),('1990-08-13',25.83,24.06,29.56,1006.6,93.25,0.71),('1990-08-14',26.33,24.67,28.56,1004.8,89.72,1.97),('1990-08-15',26.61,23.33,30.17,1004,89.97,0.16),('1990-08-16',25.56,24.17,29.06,1002,93.96,1.14),('1990-08-17',24.72,23.56,26.83,998.7,95.99,3.15),('1990-08-18',25.89,23.83,28.33,998.8,92.31,0.08),('1990-08-19',28.17,24.67,31.06,1004.5,80.07,0),('1990-08-20',27.94,26.17,31.56,1003.4,78.47,0.02),('1990-08-21',28,25.83,30.83,1003.3,81.39,0),('1990-08-22',27,25.06,29.56,1004.3,86.65,0),('1990-08-23',28.22,25.17,31.06,1005.9,79.8,0),('1990-08-24',26.67,24.06,30.83,1006.2,83.57,0.01),('1990-08-25',25.72,23.17,29.06,1003.9,92.05,1.84),('1990-08-26',27.67,24.83,31.17,999.7,76.96,0.04),('1990-08-27',26.61,25.67,29.67,1001.1,87.21,0),('1990-08-28',26.17,24.17,27.67,1005.6,91.55,0.31),('1990-08-29',28.5,25.06,33.06,1005.5,78.04,0),('1990-08-30',28.89,27.33,30.56,1006.5,76.11,0),('1990-08-31',29.22,28.06,31.06,1006.5,78.16,0),('1990-09-01',25.89,23.83,28.06,1005.2,89.3,0.94),('1990-09-02',25.72,22.17,29.06,1005.3,89.62,1.5),('1990-09-03',26.72,24.56,29.83,1007.2,86.76,0),('1990-09-04',27.78,25.56,30.56,1008.9,86.58,0.02),('1990-09-05',28.5,25.06,31.06,1009.2,80.66,0),('1990-09-06',28.28,25.06,32.06,1006.2,74.51,0),('1990-09-07',26.06,25.17,27.06,1005.9,86.52,0.31),('1990-09-08',27.17,24.33,29.83,1008.2,85.74,0.24),('1990-09-09',28,25.06,30.56,1009.7,84.42,0),('1990-09-10',27.22,24.67,30.17,1010.6,86.43,0),('1990-09-11',28.11,25.06,31.33,1008.3,78.63,0),('1990-09-12',28.61,25.56,32.06,1007.1,82.73,0),('1990-09-13',28.17,24.83,32.67,1007.2,83.85,0),('1990-09-14',28,25.17,31.67,1005.1,83.33,0),('1990-09-15',28.17,25.06,30.56,1004.9,79.75,0),('1990-09-16',28.06,24.56,30.67,1005.2,82.39,0),('1990-09-17',28.17,25.06,31.06,1006.9,80.84,0),('1990-09-18',28.5,26.06,32.06,1008.2,84.28,0.01),('1990-09-19',27.67,24.33,31.06,1010,84.86,0),('1990-09-20',28.17,25.06,31.33,1010.9,82.47,0.04),('1990-09-21',27.17,25.17,29.33,1010.5,82.81,0),('1990-09-22',25.33,23.56,27.17,1009.4,91.17,0.2),('1990-09-23',26.11,22.56,30.83,1008.8,92.14,0),('1990-09-24',28.17,24.56,33.33,1009.6,84.57,0.08),('1990-09-25',27.44,24.56,31.56,1010.6,82.89,0),('1990-09-26',27.44,24.06,31.17,1010.7,83.76,0),('1990-09-27',27.67,24.83,30.83,1010.2,83.77,0),('1990-09-28',28.11,24.33,31.67,1009.3,79.24,0),('1990-09-29',27.28,24.17,30.83,1009.4,87,0),('1990-09-30',26.11,23.83,28.17,1009.8,90.95,0.51),('1990-10-01',25.89,24.17,28.06,1009.7,94.03,0.55),('1990-10-02',27.61,24.83,30.17,1010.1,87.93,0),('1990-10-03',27.89,23.67,32.06,1010.4,85.81,0),('1990-10-04',28.89,26.83,32.06,1009.7,83.61,0),('1990-10-05',28.56,26.17,31.67,1008.5,86.49,0),('1990-10-06',28.61,25.06,32.06,1008.3,81.9,0),('1990-10-07',28.56,24.56,31.83,1008.1,80.07,0.02),('1990-10-08',27.89,25.06,31.17,1009.2,80.14,0),('1990-10-09',26,25.06,28.67,1010.4,92.1,0.39),('1990-10-10',26,22.83,28.06,1009.9,90.32,1.07),('1990-10-11',25.17,23.67,27.17,1008.8,94.11,1.6),('1990-10-12',26.22,23.06,29.17,1007.6,92.99,2.56),('1990-10-13',26.17,25.06,28.56,1007.7,91.69,1.42),('1990-10-14',26.61,23.83,28.83,1009,90.57,1.5),('1990-10-15',26.39,23.83,31.06,1008.1,90.17,0.75),('1990-10-16',26.39,23.06,29.56,1008.5,86.78,0.04),('1990-10-17',25.61,23.67,27.83,1008.5,91.07,1.1),('1990-10-18',25.44,23.67,29.06,1009,94.08,0.16),('1990-10-19',26.61,22.83,29.83,1008.8,88.73,0),('1990-10-20',26.67,24.06,30.06,1008.7,90.83,0.47),('1990-10-21',26.72,23.56,29.83,1010.9,89.35,2.32),('1990-10-22',26.83,24.06,29.56,1011.3,87.65,0),('1990-10-23',27.5,24.83,29.67,1010.5,88.07,0.24),('1990-10-29',26.89,24.83,30.06,1012.5,90.48,0.35),('1990-10-30',27.17,24.56,30.67,1012.2,87.38,0.39),('1990-10-31',27.44,26.56,28.83,1011.3,85.48,0),('1990-11-01',27.61,25.83,31.06,1011,89.31,0),('1990-11-02',27.44,25.67,29.83,1010.4,89.03,0),('1990-11-03',27.28,25.33,29.33,1009.5,89.38,0),('1990-11-04',27.28,23.83,31.17,1007.9,86.81,1.3),('1990-11-05',26.33,24.06,30.06,1009.2,91.87,2.07),('1990-11-06',27.56,25.06,31.06,1009.3,90.56,0),('1990-11-07',27.28,25.06,29.83,1008,90.21,3.31),('1990-11-08',26.39,25.06,29.17,1007,92.73,1.18),('1990-11-09',26.67,24.06,29.17,1007.9,93.22,0.59),('1990-11-10',26.94,24.67,28.67,1010.2,88.6,0.08),('1990-11-11',26.72,25.17,30.56,1010.9,92.59,0.2),('1990-11-12',25.89,23.83,29.17,1010.4,90.62,1.85),('1990-11-13',25.17,22.83,27.06,1004.2,95.27,5),('1990-11-14',25.72,25.06,27.56,1004.9,94.86,0.39),('1990-11-15',26.78,25.06,29.56,1010.7,91.01,0),('1990-11-16',26.56,24.06,29.56,1012.9,91.19,0.01),('1990-11-17',26,24.06,28.33,1012.5,91.63,0),('1990-11-18',25.44,24.56,28.06,1010.6,95.96,0.22),('1990-11-19',26.33,24.06,29.33,1010.2,93.6,0.59),('1990-11-20',27.44,25.06,29.56,1011.7,89.58,0.16),('1990-11-21',26.5,24.56,29.06,1012.2,91.55,0.63),('1990-11-22',27,24.06,29.17,1012.6,90.14,0.01),('1990-11-23',24.78,24.06,25.56,1012.5,96.94,0.78),('1990-11-24',25.78,22.33,27.56,1011.9,89.6,0.2),('1990-11-25',26.56,23.56,29.56,1010.7,85.82,0),('1990-11-26',25.94,23.83,30.06,1009.7,91.06,0.35),('1990-11-27',26.06,23.06,28.67,1007.1,86.25,0),('1990-11-28',26.28,22.56,30.06,1005.6,86.87,0),('1990-11-29',26.56,23.06,31.06,1006.9,88.35,0),('1990-11-30',26.11,24.56,30.06,1009.1,90.16,0),('1990-12-01',25.61,24.33,27.56,1011.5,89.94,0.01),('1990-12-02',24.61,23.06,28.33,1013.6,94.55,0.63),('1990-12-03',25.89,24.06,28.17,1017,85.41,0),('1990-12-04',25.11,25.06,25.17,1017,84.44,0.02),('1990-12-05',25.22,24.83,25.67,1014.5,93.08,0.29),('1990-12-06',26.83,24.06,29.06,1013.3,88.54,0.14),('1990-12-07',26.22,24.83,27.56,1012.8,94.37,0.14),('1990-12-08',26.39,24.67,29.33,1012.4,87.19,0.04),('1990-12-09',26.22,25.06,28.06,1011.9,92.06,0),('1990-12-10',25.83,24.06,28.06,1012.2,92.29,0.04),('1990-12-11',25.83,24.17,27.56,1013.3,95.42,0.39),('1990-12-12',25.72,25.17,26.17,1013.2,93.79,0),('1990-12-13',26.5,25.06,29.17,1012.7,90.56,0.02),('1990-12-14',25.72,24.17,29.06,1013.1,94.43,0.1),('1990-12-15',27.11,24.56,29.83,1012.5,88.03,0),('1990-12-16',26.61,25.06,28.67,1013.3,88.94,0),('1990-12-17',24.78,23.83,26.06,1013,96.04,1.02),('1990-12-18',26.06,24.56,27.83,1012.7,87.78,0.04),('1990-12-19',26.28,25.06,29.06,1011.7,88.96,0),('1990-12-20',26.22,24.06,28.33,1011.6,88.36,0),('1990-12-21',25.61,22.56,29.06,1010.7,88.29,0),('1990-12-22',26.17,24.83,28.67,1010.8,90,0.04),('1990-12-23',23.61,21.33,25.17,1012.6,95.6,0.91),('1990-12-24',24.89,22.56,26.06,1012.8,91.04,1.18),('1990-12-25',24.61,23.06,27.56,1013.7,90.2,0.19),('1990-12-26',25.61,24.56,27.06,1015,86.17,0.31),('1990-12-27',25.78,24.67,27.83,1014.3,81.76,0.02),('1990-12-28',25.5,23.83,28.06,1013,87.07,0.12),('1990-12-29',25.67,24.06,28.17,1012.7,92.49,0),('1990-12-30',26,24.17,28.33,1013.1,91.22,0.04),('1990-12-31',26.22,24.67,28.33,1011.8,91.67,0.04),('1991-01-01',26.5,24.56,28.56,1011.4,90.41,0),('1991-01-02',26.78,25.17,28.67,1011.1,89.7,0),('1991-01-03',26.39,24.17,29.06,1012.4,88.76,0.59),('1991-01-04',26.06,24.06,29.06,1013,81.2,0),('1991-01-05',26.22,23.06,28.56,1011.8,81.98,0),('1991-01-06',25.61,23.56,28.83,1011.6,86.52,0),('1991-01-07',25.61,23.67,27.83,1011,85.92,0.04),('1991-01-08',26.28,24.06,28.06,1009.8,88.26,0),('1991-01-09',25.5,25.06,26.06,1010.5,90.72,0),('1991-01-10',26.06,24.67,28.17,1011.6,89.18,0),('1991-01-11',26.11,24.17,28.06,1011.5,88.52,0),('1991-01-12',26.56,23.56,29.17,1012.2,85.04,0),('1991-01-13',25.11,24.56,25.83,1013,90.79,0.31),('1991-01-14',24.89,23.83,26.56,1012.8,93.58,0.39),('1991-01-15',25,24.06,27.06,1014.3,92.7,0.1),('1991-01-16',25.78,23.83,28.06,1015.3,88.97,0.04),('1991-01-17',25.61,23.67,28.06,1014.8,87.91,0),('1991-01-18',25.83,24.06,28.56,1013.8,88.5,0),('1991-01-19',26.72,24.83,29.06,1013.1,85.97,0),('1991-01-20',26.67,24.67,29.17,1013.2,87.71,0.08),('1991-01-21',26.28,24.83,28.83,1012.7,88.66,0),('1991-01-22',25.94,24.56,28.06,1012.8,89.91,0),('1991-01-23',25.28,23.83,26.17,1013.1,90.65,0.33),('1991-01-24',26.39,24.67,28.67,1012.6,85.16,0.63),('1991-01-25',25.89,24.06,27.56,1013.4,88.44,0.12),('1991-01-26',25.94,24.83,27.17,1013.8,86.86,0),('1991-01-27',25.11,23.06,27.33,1013.3,87.28,0),('1991-01-28',24.89,22.06,28.06,1011.8,90.45,0.12),('1991-01-29',25.28,23.06,27.83,1010.7,90.67,0.16),('1991-01-30',26.06,24.67,27.33,1011.6,92.75,0),('1991-01-31',25.56,24.33,27.56,1010.9,92.73,0),('1991-02-01',25.94,24.06,28.06,1010.8,91.57,0),('1991-02-02',25,23.56,27.06,1011.2,94.08,0.08),('1991-02-03',26.56,25.06,28.06,1012.1,91.22,0),('1991-02-04',26.11,24.06,28.67,1012.5,90.66,0),('1991-02-05',26.39,24.83,28.83,1012.6,89.75,0),('1991-02-06',26.72,25.06,28.83,1012.7,88.1,0),('1991-02-07',26.17,23.83,29.17,1011.7,86.77,0.12),('1991-02-08',25.83,23.56,28.06,1012.6,89.71,0),('1991-02-09',26.22,24.33,28.06,1013.6,89.4,0.12),('1991-02-10',25.89,23.06,28.33,1013,90.15,0.35),('1991-02-11',26.56,24.17,28.56,1011.9,89.17,0),('1991-02-12',26.44,25.06,28.67,1011.9,90.32,0.2),('1991-02-13',27.06,25.06,28.83,1011.2,89.17,0.31),('1991-02-14',26,23.83,29.06,1010.4,87.58,0),('1991-02-15',27.33,25.06,30.06,1009.6,85.86,0),('1991-02-16',26.83,22.83,31.67,1010.2,87.3,0),('1991-02-17',27.06,25.06,29.83,1011.2,86.41,0),('1991-02-18',25.06,24.06,27.06,1012.2,92.67,0.02),('1991-02-19',25.56,23.83,27.56,1012.2,90.55,0.16),('1991-02-20',25.78,24.06,28.06,1013.9,88.82,0.08),('1991-02-21',25.94,24.17,29.06,1015.3,86.49,0.08),('1991-02-22',25.06,23.56,27.67,1015.3,91.06,0),('1991-02-23',24.22,23.33,25.17,1016.9,93.65,3.27),('1991-02-24',24.78,22.06,27.17,1017.4,89.92,0.18),('1991-02-25',24.89,24.06,26.67,1018,91.91,0.1),('1991-02-26',25.06,24.33,25.83,1017.8,89.31,0),('1991-02-27',25.83,24.06,28.56,1017.2,87.27,0),('1991-02-28',25.83,24.17,28.06,1016.2,86.96,0),('1991-03-01',25.89,23.83,28.56,1015.2,86.47,0),('1991-03-02',25.44,22.06,28.17,1015.8,86.23,0),('1991-03-03',27.33,25.06,28.67,1015.5,78.47,0),('1991-03-04',25.67,23.56,28.67,1014.5,88.82,0),('1991-03-05',26.33,24.17,28.83,1013.5,89.35,0),('1991-03-06',26.5,24.83,29.17,1013.3,88.77,0),('1991-03-07',26.39,24.17,29.17,1013.6,89.98,0),('1991-03-08',26.89,24.56,29.67,1013.8,87.99,0),('1991-03-09',26.61,24.06,29.06,1013.1,83.75,0),('1991-03-10',25.78,24.06,28.67,1012.2,85.61,0),('1991-03-11',26.61,24.56,29.56,1011.3,85.37,0),('1991-03-12',26.5,24.67,28.83,1010.3,89.72,0),('1991-03-13',25.44,24.33,26.67,1010,93.79,0.59),('1991-03-14',24.33,23.83,24.83,1010.2,97.86,7.48),('1991-03-15',25.39,23.06,27.17,1012.8,93.08,0.2),('1991-03-16',26.33,23.56,29.17,1013.3,89.64,0),('1991-03-17',26.61,25.06,29.06,1013.3,88.58,0),('1991-03-18',26.78,24.56,29.67,1013.4,87.23,0),('1991-03-19',27.11,24.83,29.83,1011.6,88.4,0.12),('1991-03-20',27.11,25.06,29.67,1011.1,90.3,0.51),('1991-03-21',27.39,25.06,30.56,1010.8,90.36,0),('1991-03-22',26.72,24.06,29.33,1011.2,86.64,0),('1991-03-23',26.5,22.56,30.33,1013,87.09,0),('1991-03-24',26.5,24.06,29.83,1013.8,82.19,0),('1991-03-25',27.61,25.06,32.56,1012.8,80.11,0),('1991-03-26',27.06,24.56,29.17,1011.9,84.33,0),('1991-03-27',26.83,23.06,29.83,1012.4,80.8,0),('1991-03-28',27.5,25.06,29.67,1013.6,85.21,0),('1991-03-29',26.78,25.17,28.83,1013.4,87.47,0),('1991-03-30',26.83,24.56,30.06,1012,85.74,0),('1991-03-31',25.94,24.83,27.67,1011.9,87.67,0.04),('1991-04-01',26.83,23.56,30.83,1012.5,89.99,0),('1991-04-02',26.89,25.33,28.83,1014.4,89.96,0.08),('1991-04-03',27.11,25.17,28.67,1014.4,88.84,0),('1991-04-04',27.33,25.67,29.83,1012.8,89.26,0),('1991-04-05',27.06,23.83,29.83,1011.5,88.72,0),('1991-04-06',27.33,23.83,30.06,1010.6,85.67,0.12),('1991-04-07',27.28,24.06,30.83,1009.9,85.96,0),('1991-04-08',27.5,24.06,30.56,1009.6,87.13,0),('1991-04-09',26.94,24.06,30.06,1009.2,89.64,1.02),('1991-04-10',26.67,24.83,29.83,1009.2,86.69,0.47),('1991-04-11',27.11,23.83,30.06,1009.2,86.65,0),('1991-04-12',26.89,24.06,29.83,1009.2,87.38,0),('1991-04-13',27.67,24.56,30.67,1009.7,86.76,0),('1991-04-14',28.44,25.83,30.83,1010.2,79.82,0),('1991-04-15',28.44,26.06,31.83,1009.1,84.47,0),('1991-04-16',28.39,25.83,31.17,1010,85.11,0),('1991-04-17',28.5,26.06,31.06,1008.8,84.94,0),('1991-04-18',28.83,27.06,31.67,1008.9,85.47,0),('1991-04-19',28.22,27.06,30.56,1008.3,88,0),('1991-04-20',28.11,24.67,30.67,1008.9,87.31,0.2),('1991-04-21',28.33,26.83,31.06,1009.1,85.47,0.08),('1991-04-22',28.39,26.33,31.06,1010.5,82.86,0.2),('1991-04-23',28.5,25.06,31.33,1011.7,83.45,0),('1991-04-24',28.11,25.06,31.06,1010.7,85.59,0.94),('1991-04-25',28.28,26.06,31.83,1009.7,83.1,0),('1991-04-26',29.06,26.83,31.06,1009,82.9,0),('1991-04-27',28.61,25.56,31.06,1010.4,81.17,0),('1991-04-28',28,24.06,31.33,1010.4,83.14,1.1),('1991-04-29',28.44,25.06,31.33,1009.9,83.65,0),('1991-04-30',28.06,24.67,31.33,1008.9,85.37,0),('1991-05-01',27.89,25.06,30.83,1008.4,89.19,0),('1991-05-02',28.72,24.33,33.06,1010.2,85.41,0),('1991-05-03',28.11,25.17,30.83,1012.1,86.47,0.08),('1991-05-04',28.22,26.17,31.67,1011.6,84.38,0.04),('1991-05-05',28.22,25.06,31.67,1010.2,86.76,0.04),('1991-05-06',28.61,26.56,31.06,1010.1,84.16,0),('1991-05-07',29.56,26.06,32.83,1010.9,83.26,0),('1991-05-08',29.56,27.67,32.56,1011.6,80.33,0),('1991-05-09',29.61,27.06,32.67,1011.2,80.64,0),('1991-05-10',28.89,26.67,32.06,1011.3,80,0),('1991-05-11',28.89,26.56,32.33,1010.6,79.25,0),('1991-05-12',28.61,24.56,31.83,1008.7,82.62,0),('1991-05-13',29.78,25.06,33.17,1007.1,81.05,0),('1991-05-14',29.28,25.83,32.67,1006.5,83.25,0),('1991-05-15',29,23.17,32.83,1007.9,80.9,0),('1991-05-16',28.56,24.06,32.67,1010.7,80.49,0),('1991-05-17',28.56,24.56,33.06,1010.5,84.51,0.04),('1991-05-18',28.89,26.33,33.06,1010.5,84.33,0.17),('1991-05-19',26.33,24.83,28.17,1010.5,84.42,2.17),('1991-05-20',28.39,24.83,32.06,1011.8,87.6,0.67),('1991-05-21',28.94,26.67,32.06,1011.7,84.29,0.28),('1991-05-22',28.5,25.67,31.06,1009.9,87.21,0.02),('1991-05-23',28.17,25.17,31.56,1008.9,87.24,0.24),('1991-05-24',28.28,24.17,31.83,1009.4,82.85,0),('1991-05-25',28.33,25.33,31.06,1009.6,81.8,0),('1991-05-26',29.39,28.06,31.33,1009.1,75.82,0),('1991-05-27',28.89,26.17,31.06,1007.9,82.65,0),('1991-05-28',28.06,24.83,31.17,1007.7,84.2,1.42),('1991-05-29',27.39,24.83,30.17,1007.7,91.65,1.38),('1991-05-30',28.61,26.67,30.83,1007.6,86.03,1.22),('1991-05-31',28.44,25.56,30.83,1007.6,89,0.39),('1991-06-01',28.67,26.06,31.33,1007.2,83.98,0),('1991-06-02',29.11,27.56,31.06,1007.3,82.37,0.51),('1991-06-03',29.17,27.17,30.83,1006.2,85.23,0.01),('1991-06-04',28.94,26.06,31.17,1007.4,85.81,0.43),('1991-06-05',28.61,27.06,30.33,1007.9,86.42,0),('1991-06-06',27.67,24.83,29.83,1008.9,88.51,1.23),('1991-06-07',28.11,25.06,30.67,1008.6,86.99,0),('1991-06-08',29.28,27.83,31.17,1008.1,82.81,0),('1991-06-09',28.56,25.06,31.17,1008.2,85.11,0.12),('1991-06-10',28.22,24.06,30.83,1010,85.28,0.24),('1991-06-11',29.33,27.33,31.56,1008.9,85.49,0.2),('1991-06-12',28.28,24.06,31.06,1009.3,87.59,0.43),('1991-06-13',28.22,24.83,30.17,1008.8,90.87,0.31),('1991-06-14',26.83,25.56,28.17,1006.5,91.9,0.02),('1991-06-15',26.06,24.67,28.17,1005.5,94.05,0.08),('1991-06-16',27.33,25.06,29.06,1006.7,88.13,0.04),('1991-06-17',28.56,25.67,31.17,1007.6,82.97,0),('1991-06-18',28.67,26.83,31.17,1007.8,84.76,0),('1991-06-19',28.67,25.33,32.17,1006.5,84.01,0),('1991-06-20',27.44,25.33,31.06,1007,91.06,0),('1991-06-21',29,25.17,32.33,1007.8,84.67,0),('1991-06-22',28.44,25.17,31.33,1007.9,86.14,0),('1991-06-23',28.56,24.67,32.06,1007.7,84.79,0),('1991-06-24',29.17,26.56,32.06,1009,79.52,0),('1991-06-25',28.72,26.06,31.83,1011,84.18,0),('1991-06-26',28.83,25.33,31.83,1010.8,82.71,0),('1991-06-27',27.33,25.56,29.67,1009.1,90.53,0.16),('1991-06-28',27.44,24.56,31.33,1007.7,89.59,0.31),('1991-06-29',27.44,23.67,30.83,1008,86.08,0.04),('1991-06-30',26.72,24.06,29.67,1009.2,89.8,1.46),('1991-07-01',26,24.06,30.33,1010,92.24,1.61),('1991-07-02',27.5,23.83,31.06,1010.5,88.02,0),('1991-07-03',28.61,24.83,31.33,1011.2,86.9,0.08),('1991-07-04',27.94,25.83,29.67,1011,90.22,0),('1991-07-05',27.72,23.17,30.83,1010.6,89.61,0.79),('1991-07-06',28.89,25.83,31.67,1009.1,83.19,0.24),('1991-07-07',27.67,26.06,30.06,1008.5,90.41,0),('1991-07-08',26.61,24.56,29.67,1008.3,93.44,1.18),('1991-07-09',27.67,25.17,31.56,1007.7,90.34,0.47),('1991-07-10',23.89,23.06,25.06,1002.9,94.84,4.74),('1991-07-11',26.5,25.06,29.83,1006.8,91.84,0.04),('1991-07-12',26.56,23.83,30.06,1008.6,89.8,0),('1991-07-13',27.06,24.06,30.17,1009.9,87.73,0),('1991-07-14',27.44,24.06,31.17,1009.7,82.88,0),('1991-07-15',28.5,24.06,33.06,1009.6,82.64,0),('1991-07-16',28.5,26.06,31.83,1007.3,88.44,0),('1991-07-17',28.72,26.83,31.67,1004.6,84.32,0.39),('1991-07-18',27.83,25.17,32.06,1002.8,85.48,0.2),('1991-07-19',26.56,24.83,29.06,1005.6,92.3,0.47),('1991-07-20',27,24.83,31.67,1008.2,90.53,0.08),('1991-07-21',26.5,24.06,29.83,1006.3,90.91,0.1),('1991-07-22',26.72,24.56,30.06,1003.2,88.74,0.16),('1991-07-23',26.22,25.06,28.17,1007.3,94.15,0.35),('1991-07-24',27.39,25.06,33.06,1008.7,89.08,0),('1991-07-25',26.11,24.06,28.83,1007.9,93.87,0.35),('1991-07-26',25.67,23.56,28.67,1007.7,93.61,0.4),('1991-07-27',27.33,24.67,29.83,1008.2,88.78,0),('1991-07-28',29.17,26.06,36.17,1008.9,82.19,0),('1991-07-29',28.28,26.06,30.56,1009.9,86.82,0),('1991-07-30',28.06,24.06,32.33,1008.4,82.78,0),('1991-07-31',29.22,25.67,33.06,1008.4,83.4,0),('1991-08-01',27.72,26.56,29.33,1008.6,87.3,0.01),('1991-08-02',27.94,25.56,31.06,1008.2,86.34,0),('1991-08-03',27.89,24.06,32.06,1008.4,84.58,0),('1991-08-04',26.72,24.06,31.06,1009,88.13,2.76),('1991-08-05',27.17,24.33,30.06,1008.6,87.27,0.55),('1991-08-06',28.06,25.06,30.83,1009.4,85.74,0),('1991-08-07',28.61,24.67,32.83,1009.5,84.96,0),('1991-08-08',28.83,25.06,32.17,1008.2,84.72,0),('1991-08-09',28.61,25.06,32.33,1006.8,81.17,0),('1991-08-10',27.78,25.06,32.06,1006.6,85.09,0),('1991-08-11',27.17,24.06,31.33,1006.1,89.87,0.05),('1991-08-12',26.56,24.33,29.06,1005.3,90.14,3.54),('1991-08-13',25.89,24.67,28.56,1005.9,93.65,0.67),('1991-08-14',25.5,24.17,27.56,1007.2,94.5,1.38),('1991-08-15',26.56,24.83,29.17,1006.4,90.73,0.69),('1991-08-16',25.83,24.06,28.17,1005.2,93.53,0.24),('1991-08-17',25.06,23.67,26.83,1004.9,96.42,0.75),('1991-08-18',25.78,24.17,27.06,1005.4,93.45,0.94),('1991-08-19',25.17,24.17,26.17,1005.5,96.03,0.71),('1991-08-20',25.39,24.06,28.83,1004.9,96.09,3.07),('1991-08-21',25.78,24.17,28.33,1004.8,94.12,1.02),('1991-08-22',27.06,25.06,28.17,1005.7,91.09,0.08),('1991-08-23',26.72,25.83,28.17,1005.8,91.93,0.37),('1991-08-24',27.72,25.06,31.06,1004.9,87.04,0.12),('1991-08-25',27.44,25.17,30.33,1005.3,88.62,0),('1991-08-26',26.5,24.56,29.67,1005.6,93.32,0.91),('1991-08-27',25.94,24.33,28.83,1003.5,94.67,0.04),('1991-08-28',25.11,24.06,26.17,1004.8,96.52,1.97),('1991-08-29',26.67,24.17,31.06,1006.8,91.34,0.12),('1991-08-30',27.39,24.56,30.17,1008.8,88.37,0),('1991-08-31',28.11,25.06,32.17,1010.4,84.47,0),('1991-09-01',27.83,24.56,31.67,1009.6,87.71,0),('1991-09-02',26.33,24.56,29.83,1007.2,91.97,0.59),('1991-09-03',25.06,24.06,26.17,1006.8,95.78,1.42),('1991-09-04',27.72,24.67,31.06,1009,85.91,0.12),('1991-09-05',28.5,25.06,32.17,1010.3,83.92,0),('1991-09-06',28.56,25.33,31.83,1008.2,84.6,0),('1991-09-07',29.06,26.06,31.83,1007.1,78.83,0),('1991-09-08',28.33,25.06,32.83,1008.2,82.3,0),('1991-09-09',28.28,26.06,30.83,1009.2,85.56,0),('1991-09-10',28.22,25.06,32.17,1009.1,87.37,0),('1991-09-11',28.61,25.33,33.17,1008.1,86.44,0.04),('1991-09-12',28.44,24.83,33.56,1007.6,86.93,0.01),('1991-09-13',28.56,25.56,32.33,1007.5,84.59,0),('1991-09-14',28.61,26.06,32.83,1007.1,82.64,0),('1991-09-15',26,24.06,29.06,1006.3,93.31,0.31),('1991-09-16',26.83,24.06,29.33,1005.4,87.26,0.43),('1991-09-17',27.83,25.67,32.17,1003.9,88.53,0.31),('1991-09-18',26.56,25.17,28.17,1005.3,90.22,0.31),('1991-09-19',27.44,25.06,30.83,1007.9,87.32,0.47),('1991-09-20',27.11,24.06,30.06,1009.8,88.15,0),('1991-09-21',27.22,24.67,30.06,1010,90.51,0),('1991-09-22',28.33,25.83,31.67,1009.1,84.29,0),('1991-09-23',27.5,24.83,31.17,1008.4,88.54,0),('1991-09-24',27.22,25.67,30.06,1007.1,88.24,0.08),('1991-09-25',27.33,25.06,31.83,1006.4,86.63,0),('1991-09-26',26.72,24.06,29.06,1007.8,84.98,0.02),('1991-09-27',26.83,24.56,29.67,1009.6,90.12,0.01),('1991-09-28',25.44,23.33,28.06,1009.5,93.19,0.55),('1991-09-29',27,23.56,30.83,1009.5,85.5,0),('1991-09-30',27.61,24.56,31.56,1010.1,85.41,0),('1991-10-01',27.11,23.83,31.06,1010.3,87.07,0),('1991-10-02',27,24.67,30.06,1009.5,84.25,0),('1991-10-03',27.5,23.83,31.17,1008.1,85.46,0),('1991-10-04',27.33,24.56,31.17,1008,85.8,0),('1991-10-05',27.61,24.06,31.83,1008.9,87.15,0.04),('1991-10-06',28.28,25.06,31.67,1007,85.32,0),('1991-10-07',28.78,26.56,32.33,1005.8,83.71,0),('1991-10-08',28,24.67,32.06,1006.1,83.6,0),('1991-10-09',27.89,24.06,32.17,1007.8,85.97,0),('1991-10-10',28.56,24.06,33.67,1008.5,79.83,0),('1991-10-11',28.44,25.06,32.83,1009,82.99,0),('1991-10-12',27.61,25.06,31.33,1009.7,83.47,0),('1991-10-13',27.11,24.17,32.67,1009.8,82.57,0),('1991-10-14',26.94,24.06,30.83,1012.1,87.62,0),('1991-10-15',26.22,24.06,30.06,1012.1,91.37,0.39),('1991-10-16',27,23.67,31.06,1011.5,78.97,0.12),('1991-10-17',27.61,23.06,31.17,1011.1,79.9,0),('1991-10-18',27.56,25.56,35.06,1011.3,84.9,0.39),('1991-10-19',27.22,24.33,30.06,1010.9,82.13,0),('1991-10-20',26.72,23.83,30.33,1010.4,82.75,0.01),('1991-10-21',26.44,23.06,29.83,1010.6,90.11,1.8),('1991-10-22',25,24.17,25.67,1010.1,97.57,3.62),('1991-10-23',26.61,24.83,31.33,1009.1,85.47,1.55),('1991-10-24',25.89,25.06,28.06,1008.2,86.92,0),('1991-10-25',26.56,24.06,30.83,1005.7,88.91,0),('1991-10-26',26.39,22.83,30.06,1003.1,84.49,0),('1991-10-27',28.33,26.83,30.17,999.7,75.72,0),('1991-10-28',28.67,26.67,30.83,1001.5,74.49,0),('1991-10-29',27.28,25.83,30.06,1005.9,85.1,0),('1991-10-30',27.17,24.06,30.56,1009,85.14,0),('1991-10-31',26.44,21.83,31.17,1010.3,80.25,0),('1991-11-01',26.5,23.06,30.17,1010.7,85.13,0),('1991-11-02',24.67,23.67,26.33,1010.8,93.8,0.16),('1991-11-03',25.78,23.17,28.17,1010.6,87.6,0.04),('1991-11-04',26.11,23.83,29.83,1010.3,85.02,0),('1991-11-05',24.67,22.06,27.33,1010.4,89.05,0),('1991-11-06',26.22,25.06,29.17,1010.7,92.48,1.81),('1991-11-07',27.06,24.83,29.83,1010.3,89.49,0),('1991-11-08',25.44,23.83,27.17,1010.1,88.4,0.01),('1991-11-09',25.61,23.17,28.83,1011.2,84.19,0),('1991-11-10',25.94,24.17,28.17,1011.3,81.74,0),('1991-11-11',25.89,23.56,30.56,1010.9,80.7,0),('1991-11-12',25.61,22.06,29.06,1010.1,86.83,0),('1991-11-13',25.67,21.67,28.83,1010.5,83.4,0),('1991-11-14',26.56,23.17,31.06,1011.1,80.9,0),('1991-11-15',26.28,23.17,30.06,1012,84.37,0),('1991-11-16',26.33,24.17,29.83,1011.2,88.59,0.67),('1991-11-17',24.78,23.06,27.06,1009.6,95.03,2.6),('1991-11-18',25.78,22.56,28.83,1011.5,88.67,0),('1991-11-19',26.67,24.17,30.17,1011.8,88.16,0),('1991-11-20',26.94,25.06,29.06,1012.1,86.65,0),('1991-11-21',26.17,25.06,29.17,1012.3,88.13,0.04),('1991-11-22',26.78,25.17,29.56,1012.6,85.45,0),('1991-11-23',25.17,24.06,29.06,1012.5,92.67,1.57),('1991-11-24',25.28,24.06,28.33,1012.7,94.18,0.94),('1991-11-25',25.94,24.56,28.17,1013.5,90.71,0.08),('1991-11-26',25.61,23.67,28.83,1012.8,89.24,0.43),('1991-11-27',26.17,24.06,28.56,1011.8,89.12,0.16),('1991-11-28',26.44,23.83,29.83,1009.9,85.47,0),('1991-11-29',26,23.83,28.33,1009.2,87.78,0),('1991-11-30',26.39,23.83,28.83,1010.2,86.19,0),('1991-12-01',25.33,23.83,27.17,1011,89.17,0),('1991-12-02',26,23.33,28.33,1012.7,85.88,0),('1991-12-03',25.83,24.33,28.17,1013.8,83.7,0),('1991-12-04',23.89,21.67,26.06,1015.7,88.66,0.04),('1991-12-05',23.78,22.06,25.56,1015.6,86.64,0.98),('1991-12-06',24.72,21.56,27.83,1014.9,89.02,0.02),('1991-12-07',26.06,24.06,29.33,1014.5,85.54,0.01),('1991-12-08',24.89,23.06,27.33,1013.6,90.24,0),('1991-12-09',24.83,23.56,27.17,1015.3,90.68,0.04),('1991-12-10',24.89,24.17,26.06,1015.3,92.52,0.48),('1991-12-11',24.22,23.67,25.17,1015.4,94.95,0.84),('1991-12-12',24.33,23.17,28.06,1015.2,92.5,0.41),('1991-12-13',24.61,23.06,27.17,1015.3,90.06,0.24),('1991-12-14',24.83,22.83,28.06,1014.9,88.72,0.09),('1991-12-15',24.67,23.83,26.17,1013.3,88.64,0),('1991-12-16',25.44,22.83,28.06,1011.6,87.64,0.01),('1991-12-17',26.06,24.67,28.06,1011.3,85.51,0.02),('1991-12-18',25.22,23.67,27.06,1010.5,90.14,0.12),('1991-12-19',25.61,24.06,26.67,1010.4,89.43,0.12),('1991-12-20',25.72,24.33,27.67,1010.6,88.21,0),('1991-12-21',24.89,23.06,26.67,1011.6,91.91,0.04),('1991-12-22',24.17,23.67,25.17,1012.7,93.99,0.43),('1991-12-23',24.06,23.06,25.67,1013.6,93.95,0),('1991-12-24',26.11,24.56,28.67,1013.4,88.94,0),('1991-12-25',25.83,24.33,28.83,1012.9,87.17,0),('1991-12-26',25.61,24.17,27.83,1011.2,89.16,0),('1991-12-27',25.61,24.06,26.83,1011.1,88.1,0),('1991-12-28',26,22.06,29.06,1012.3,84.87,0),('1991-12-29',24.89,21.06,26.83,1013.8,88.2,0),('1991-12-30',25.72,24.06,27.06,1015.3,85.36,0.17),('1991-12-31',25.56,23.56,27.17,1015.7,80.46,0),('1992-01-01',25.67,23.67,28.17,1014.5,84.95,0.02),('1992-01-02',25.94,24.56,28.17,1015.1,86.29,0),('1992-01-03',26.33,25.06,28.17,1017.1,82.03,0),('1992-01-04',25.83,24.06,28.06,1016.5,81.51,0),('1992-01-05',25.39,23.56,27.67,1013.9,81.23,0.03),('1992-01-06',25.83,23.17,28.83,1014.9,79.95,0),('1992-01-07',25,23.33,28.17,1013.9,91.68,0.24),('1992-01-08',25.22,23.67,28.17,1013.6,90.83,0.33),('1992-01-09',25.28,23.06,28.17,1015.2,85.94,0),('1992-01-10',25.11,22.56,28.83,1016,84.71,0),('1992-01-11',24.44,22.56,26.67,1015.8,87.09,0.16),('1992-01-12',24.78,21.56,27.06,1014.7,84.12,0.08),('1992-01-13',23.94,22.83,25.17,1014.8,89.98,0.02),('1992-01-14',23.72,22.17,24.83,1013.8,90.29,0.12),('1992-01-15',23.78,21.67,26.17,1014.2,87.57,0),('1992-01-16',23.89,20.83,27.33,1014.6,85.66,0),('1992-01-17',23.78,20.33,27.33,1014.3,87.18,0),('1992-01-18',25.28,20.06,28.33,1015.1,82.2,0),('1992-01-19',25.06,22.56,27.83,1015.1,88.4,0),('1992-01-20',25.33,22.06,30.17,1014.2,88.36,0),('1992-01-21',26,23.06,29.17,1015.4,84.88,0),('1992-01-22',26.83,24.83,30.06,1015.7,82.79,0),('1992-01-23',25.11,22.67,27.67,1015.1,88.16,0.2),('1992-01-24',25.67,23.56,28.06,1013.9,85.92,0),('1992-01-25',25.72,23.56,29.33,1014.1,86.84,0),('1992-01-26',26.39,24.06,29.06,1015.9,83.77,0),('1992-01-27',25.67,24.33,28.17,1016.5,82.85,0),('1992-01-28',25.11,24.67,25.67,1015.7,85.97,0.02),('1992-01-29',25.22,23.83,26.33,1015.8,90.93,0.02),('1992-01-30',26.06,24.67,28.33,1013.6,85.74,0),('1992-01-31',25.67,23.06,29.17,1012.5,88.69,0),('1992-02-01',25.72,24.56,27.33,1015.9,84.84,0),('1992-02-02',25.22,24.06,26.06,1017.3,87.99,0.04),('1992-02-03',25,23.56,26.56,1014.5,91.45,0.12),('1992-02-04',25.78,24.67,27.67,1012.9,89.45,0),('1992-02-05',26.5,23.83,28.33,1013.1,84.16,0),('1992-02-06',26,23.67,29.06,1013.9,85.79,0),('1992-02-07',25.44,22.83,29.06,1013.7,83.07,0),('1992-02-08',26.89,24.17,29.33,1013.6,81.54,0),('1992-02-09',26.56,24.06,29.06,1013.2,82.26,0),('1992-02-10',26.72,24.06,29.17,1012.5,82.28,0),('1992-02-11',26.28,24.67,28.56,1012.1,82.21,0),('1992-02-12',25.44,22.17,28.67,1012.1,80.78,0.01),('1992-02-13',26,23.06,29.33,1012.5,81.52,0),('1992-02-14',26.11,24.56,28.17,1012.5,86.39,0),('1992-02-15',26.89,24.56,30.06,1011.4,83.11,0),('1992-02-16',27.06,24.56,32.06,1011.8,84.05,0),('1992-02-17',26.78,24.17,29.83,1011.4,83.45,0),('1992-02-18',25.78,23.33,29.83,1012.3,81.7,0),('1992-02-19',26.11,23.06,29.83,1011.7,80.76,0),('1992-02-20',26.5,22.06,30.56,1011.6,78.91,0),('1992-02-21',23.78,22.33,25.83,1014.5,92.15,0.32),('1992-02-22',25.11,22.06,27.67,1015.7,84.8,0.16),('1992-02-23',26.22,24.17,29.06,1016.2,77.89,0),('1992-02-24',25.72,23.06,28.83,1016.4,79.4,0),('1992-02-25',26.33,24.67,29.06,1016.5,75.72,0),('1992-02-26',25.44,24.06,27.83,1015.3,75.44,0),('1992-02-27',25.33,24.06,27.83,1015.7,74.91,0),('1992-02-28',25.94,23.83,28.06,1014.3,74.3,0),('1992-02-29',26.44,24.17,28.33,1013.5,80.43,0.02),('1992-03-01',26.06,24.56,28.06,1013.1,80.33,0.04),('1992-03-02',26.39,23.56,29.06,1012.6,79.94,0),('1992-03-03',26.89,23.56,30.06,1012.4,74.81,0),('1992-03-04',25.94,22.06,29.83,1013.5,80.09,0),('1992-03-05',25.83,22.83,29.83,1013.6,82.54,0),('1992-03-06',27.5,24.06,31.17,1014.3,76,0),('1992-03-07',27.67,25.56,30.17,1014.2,72.71,0),('1992-03-08',26.72,25.06,30.06,1014,82.5,0),('1992-03-09',26.06,23.06,30.17,1014.4,78.67,0),('1992-03-10',27,23.83,30.33,1014.8,77.49,0),('1992-03-11',27.56,24.67,29.83,1015.4,76.4,0),('1992-03-12',27.11,25.06,29.83,1017.3,72.84,0),('1992-03-13',27.33,25.17,30.17,1015.6,71.4,0),('1992-03-14',28.17,26.06,31.06,1014.4,71.55,0),('1992-03-15',27.56,25.06,30.06,1013.4,74.78,0),('1992-03-16',26.5,25.06,29.06,1013.4,81.34,0),('1992-03-17',26.39,24.06,29.06,1012.5,84.38,0),('1992-03-18',27.39,24.67,29.56,1013.5,82.8,0.08),('1992-03-19',27.33,24.06,29.83,1013.8,83.93,2.13),('1992-03-20',26.94,24.06,29.83,1013.5,81.23,0.04),('1992-03-21',28.06,25.67,30.67,1013.8,76.33,0.04),('1992-03-22',27.56,25.56,29.67,1012.6,79.25,0),('1992-03-23',27.44,25.67,30.33,1011.5,77.44,0),('1992-03-24',27.61,26.06,30.17,1012.1,77.05,0),('1992-03-25',26.78,23.06,30.06,1012.5,80.71,0.02),('1992-03-26',27.89,24.06,30.83,1011.8,78.81,0.02),('1992-03-27',27.83,25.56,30.67,1011.6,80.42,0),('1992-03-28',27.78,25.56,30.17,1010,78.6,0.08),('1992-03-29',27.67,26.06,30.06,1009.6,81.61,0),('1992-03-30',28.39,26.06,30.83,1010.4,77.46,0),('1992-03-31',28.44,25.67,31.17,1010.7,72.5,0.01),('1992-04-01',27.28,24.83,29.83,1010.6,76.9,0),('1992-04-02',27.94,23.83,30.67,1011.2,76.77,0),('1992-04-03',27.94,26.06,31.06,1011,81.95,0),('1992-04-04',27.67,24.06,31.06,1010.8,78.69,0),('1992-04-05',26.94,24.56,30.67,1010,74.91,0),('1992-04-06',26.61,23.06,30.06,1009.7,83.17,1.06),('1992-04-07',27.33,24.06,30.56,1009.9,78.75,0),('1992-04-08',27.61,24.67,30.56,1010.6,75.14,0),('1992-04-09',27.67,25.17,29.83,1010.4,75.36,0),('1992-04-10',27.39,23.56,31.33,1009.2,77.38,0),('1992-04-11',28.17,24.06,32.06,1011.1,79.93,0),('1992-04-12',28.44,24.83,32.67,1011,80.83,0),('1992-04-13',28.56,24.56,32.33,1010.7,78.12,0),('1992-04-14',28.11,23.33,33.17,1010.2,76.64,0),('1992-04-15',28.89,25.06,32.83,1010.2,79.99,0),('1992-04-16',28.39,25.06,32.83,1011.6,79.63,0),('1992-04-17',28.22,25.17,31.06,1011.1,80.35,0),('1992-04-18',29.06,26.67,31.67,1010.7,81.08,0),('1992-04-19',29.22,26.56,33.17,1011.5,83.47,0),('1992-04-20',29.28,26.56,33.33,1012.3,81.89,0),('1992-04-21',28.22,25.17,31.67,1010.9,83.43,2.14),('1992-04-22',28.28,24.67,31.83,1009.8,82.52,0),('1992-04-23',29.06,25.06,32.83,1010.9,72.1,0),('1992-04-24',29.17,26.06,31.83,1012.4,74.67,0),('1992-04-25',29.39,26.17,33.67,1013.7,74.43,0),('1992-04-26',28.89,26.06,32.06,1012.1,74.65,0.04),('1992-04-27',29.33,27.06,31.67,1009.6,75.67,0),('1992-04-28',29.44,26.83,32.83,1009.6,73.92,0.04),('1992-04-29',29,24.83,32.33,1010.8,71.72,0),('1992-04-30',29.33,25.17,32.17,1010.5,70.59,0),('1992-05-01',28.83,26.17,32.06,1009.7,72.05,0),('1992-05-02',28.56,26.06,31.06,1007.9,71.51,0),('1992-05-03',28.94,25.83,32.33,1009.5,69.47,0),('1992-05-04',29.5,27.17,32.06,1010.8,70.96,0),('1992-05-05',29.72,27.33,32.17,1011.1,72.12,0),('1992-05-06',29.22,27.06,31.83,1009.9,74.76,0),('1992-05-07',27.89,25.33,31.33,1007.9,80.68,0.98),('1992-05-08',28.17,24.33,31.67,1008,77.43,0),('1992-05-09',28.83,25.56,32.06,1009.4,75.53,0),('1992-05-10',28.83,25.56,32.06,1010.5,78.81,2.32),('1992-05-11',29.44,25.06,32.56,1010,74.26,0),('1992-05-12',29.83,28.06,32.17,1009.5,74.91,0),('1992-05-13',29.61,27.06,32.83,1010.6,77.04,0),('1992-05-14',29.72,28.06,32.56,1010.3,76.01,0),('1992-05-15',28.39,25.06,31.67,1009.7,81.31,0.63),('1992-05-16',27.94,25.06,31.83,1009.8,84.78,0.24),('1992-05-17',28.11,25.06,32.17,1009,81.72,0),('1992-05-18',28.22,25.06,33.83,1009.4,81.69,0.55),('1992-05-19',28.72,25.17,33.17,1008.8,81.69,0),('1992-05-20',29.06,25.83,33.83,1009.1,79.49,0),('1992-05-21',28.56,25.67,32.67,1009.3,80.63,0),('1992-05-22',28.89,25.17,33.06,1008.7,79.2,0),('1992-05-23',29.11,25.06,33.56,1008.8,78.29,0),('1992-05-24',28.56,25.33,33.06,1008.4,80.52,0),('1992-05-25',28.72,25.06,34.17,1008.3,81.81,1.89),('1992-05-26',27.72,25.17,32.17,1008.1,85.26,0),('1992-05-27',28.78,26.06,33.17,1009.7,78.81,0),('1992-05-28',29,25.06,34.17,1010.1,81.33,0),('1992-05-29',29.06,26.06,33.83,1008.4,80.11,0),('1992-05-30',27.39,25.67,30.06,1006.5,87.11,0.39),('1992-05-31',28.89,24.56,32.06,1005,80.92,0),('1992-06-01',28.83,25.33,32.83,1007.4,80.2,0),('1992-06-02',28.61,26.33,32.06,1008.3,83.55,0),('1992-06-03',28.67,25.83,34.06,1008,78.43,0),('1992-06-04',28.56,24.67,32.06,1007.7,77.41,0),('1992-06-05',29.11,25.17,32.06,1007.8,76.24,0),('1992-06-06',29,25.06,32.06,1007.3,80.87,0.43),('1992-06-07',28.33,25.56,31.67,1006.6,82.22,0.01),('1992-06-08',28.61,25.06,31.06,1007.3,82.04,0),('1992-06-09',28.72,26.06,32.83,1009,83.35,0.02),('1992-06-10',29.78,26.06,32.06,1010.7,75.31,0),('1992-06-11',30.28,28.06,32.17,1008.8,73.44,0),('1992-06-12',28.44,25.17,32.06,1008.1,81.46,0),('1992-06-13',29.33,25.06,32.67,1008.3,76.38,0.12),('1992-06-14',28.67,24.83,32.06,1009.1,81.33,0.98),('1992-06-15',27.89,23.56,31.17,1009.1,83.85,0.94),('1992-06-16',28.61,24.83,31.56,1009,81.98,0),('1992-06-17',29.89,28.17,31.67,1008.8,74.44,0),('1992-06-18',28.5,26.06,31.67,1009.8,82.21,0),('1992-06-19',27.39,25.06,30.83,1010.2,85.26,0.12),('1992-06-20',28.72,25.06,31.33,1010.2,83.51,0),('1992-06-21',27.44,24.56,31.06,1009.1,85.49,1.22),('1992-06-22',28.5,25.83,31.33,1005.9,84.78,0.47),('1992-06-23',28.33,26.06,30.56,1004,82.77,0),('1992-06-24',27.17,25.06,31.06,1002.1,85.77,0),('1992-06-25',27,25.17,28.83,1002.3,91.27,0.03),('1992-06-26',25.61,24.83,27.17,1002.1,96.79,0.69),('1992-06-27',27.06,25.06,30.06,1004.5,90.28,0.32),('1992-06-28',28.11,25.06,32.17,1007.5,82.35,0.2),('1992-06-29',29.5,26.06,31.83,1008.5,78.73,0),('1992-06-30',28.89,25.33,32.33,1008.3,78.32,0),('1992-07-01',28.39,26.06,31.33,1008.2,80.38,0),('1992-07-02',28.56,25.17,32.56,1008.7,81.86,0),('1992-07-03',28.61,25.06,31.83,1009.4,82.53,0),('1992-07-04',29.17,26.67,31.06,1010.5,81.7,0),('1992-07-05',28.83,24.67,33.06,1011.4,81.93,0),('1992-07-06',30.78,26.06,38.17,1010.5,75.46,0),('1992-07-07',28.22,23.56,31.83,1009.8,81.02,0),('1992-07-08',29.72,25.06,32.06,1009.6,75.14,0),('1992-07-09',29.78,26.06,35.33,1009.5,74.91,0),('1992-07-10',29.44,27.56,31.83,1009.1,79.68,0.12),('1992-07-11',26.44,25.06,28.67,1007.5,90.38,0.79),('1992-07-12',26.72,23.56,31.06,1010.4,87.5,0.89),('1992-07-13',26.94,23.17,29.17,1010.3,86.49,0.91),('1992-07-14',26.56,24.83,29.56,1008.5,88.56,0.71),('1992-07-15',25.44,24.17,29.33,1007.6,95.29,0.31),('1992-07-16',26.17,23.17,29.67,1008.2,91.16,0.51),('1992-07-17',27.44,24.17,31.06,1009.3,86.03,0),('1992-07-18',26.17,25.17,27.17,1008.6,93.33,0.12),('1992-07-19',25.83,24.83,26.67,1007.9,92.82,0.94),('1992-07-20',24.72,23.17,25.67,1006.2,92.93,0.87),('1992-07-21',26.83,23.83,28.17,1009.3,88.09,0.12),('1992-07-22',26.72,24.67,29.17,1010.1,87.89,0),('1992-07-23',27,24.17,30.33,1010,84.91,0),('1992-07-24',26.89,24.06,29.17,1008.6,87.72,0.61),('1992-07-25',26.94,24.33,29.67,1008.9,86.36,0),('1992-07-26',26.22,24.17,28.17,1009.7,91.2,2.8),('1992-07-27',27.11,25.33,29.83,1010.2,85.94,0.08),('1992-07-28',28.06,24.33,29.83,1009.9,84.99,0),('1992-07-29',28.33,26.33,32.06,1009.1,84.18,0),('1992-07-30',27.06,24.83,30.67,1007.8,87.04,0),('1992-07-31',26.94,24.06,30.06,1007.4,87.52,0),('1992-08-01',28.33,25.17,31.17,1008,84.5,0.24),('1992-08-02',28.39,25.56,31.06,1009.6,86.63,0),('1992-08-03',29.11,27.06,31.17,1010.4,84.08,0),('1992-08-04',27.56,25.17,31.67,1010.3,82.87,0),('1992-08-05',28,24.06,32.06,1009.5,83.98,0),('1992-08-06',27.28,22.17,31.06,1008.7,83.7,0),('1992-08-07',27.83,25.83,33.17,1007.6,83.44,0),('1992-08-08',27.89,24.06,31.67,1007.7,81.79,0),('1992-08-09',26.44,24.56,30.06,1008.8,89.62,0.28),('1992-08-10',25.56,23.83,29.06,1010.7,90.76,0.28),('1992-08-11',28.22,24.67,32.06,1011.2,78.17,0),('1992-08-12',28.67,24.67,33.06,1009.7,79.53,0),('1992-08-13',29,25.67,32.17,1007.6,79.45,0),('1992-08-14',27.67,25.06,30.17,1007.2,86.31,0),('1992-08-15',26.83,24.06,30.06,1005.8,86.6,0.2),('1992-08-16',26.94,25.06,29.06,1004.9,88.06,0.13),('1992-08-17',26.56,24.33,29.83,1004.8,90.19,0.24),('1992-08-18',26.06,25.06,29.06,1005,92.66,0.47),('1992-08-19',26.5,25.06,28.06,1004.8,91.36,0.24),('1992-08-20',25.5,24.67,27.83,1005.1,97.19,0.94),('1992-08-21',26.17,23.83,28.83,1006.3,91.61,0.67),('1992-08-22',27.89,25.06,31.06,1007.8,86.47,0.02),('1992-08-23',27.72,24.83,29.83,1008.8,83.2,0),('1992-08-24',28.11,25.06,31.83,1008.4,83.92,0),('1992-08-25',27.89,25.17,31.33,1007.1,85.35,0),('1992-08-26',26.11,24.06,28.67,1005.5,90.96,0.4),('1992-08-27',25.61,24.33,27.06,1004.3,93.04,0.43),('1992-08-28',27.11,24.06,29.83,1002.3,85.64,0.31),('1992-08-29',27.78,25.56,29.83,1001,82.6,0.02),('1992-08-30',27.39,25.56,30.56,1001.6,83.82,0.14),('1992-08-31',27.67,25.06,29.17,1003.1,84.65,0),('1992-09-01',28.72,26.33,31.83,1006.4,84.99,0.1),('1992-09-02',27.78,24.67,30.17,1007.3,89.61,0),('1992-09-03',27.94,26.06,30.83,1005.4,87.49,0),('1992-09-04',26.89,25.06,31.17,1005.4,92.11,0.33),('1992-09-05',27.67,24.56,30.33,1006.1,83.82,0),('1992-09-06',28.56,25.56,32.17,1008.6,83.44,0),('1992-09-07',28.17,25.06,31.06,1008.5,85.3,0),('1992-09-08',28.39,26.06,32.83,1008.6,84.77,0),('1992-09-09',27.44,26.06,31.17,1008.3,83.68,0),('1992-09-10',27.44,25.17,30.17,1007.8,86.74,0),('1992-09-11',26.22,24.56,30.06,1006.9,90.37,0.28),('1992-09-12',28.67,26.17,31.33,1007.8,79.33,0),('1992-09-13',28.28,25.06,32.17,1009.6,85.63,0),('1992-09-14',28.5,25.17,31.56,1009.9,85.84,0),('1992-09-15',26.83,25.06,29.56,1008.8,90.43,0.04),('1992-09-16',26.72,24.17,32.83,1007.3,88.69,0.12),('1992-09-17',27.17,23.67,29.17,1007.3,86.44,0.04),('1992-09-18',26.94,24.06,30.56,1007.8,85.3,0),('1992-09-19',28.17,25.06,32.17,1007.8,83.04,0.16),('1992-09-20',25.5,23.56,28.67,1006.3,91.88,0.35),('1992-09-21',24.78,23.06,26.56,1005.7,94.77,1.38),('1992-09-22',26.94,24.33,29.06,1007.8,87.9,0.37),('1992-09-23',27.5,25.33,29.83,1009.1,87.12,0),('1992-09-24',28.22,24.67,31.06,1008.9,84.86,0),('1992-09-25',27.94,25.06,32.56,1008.3,86.26,0),('1992-09-26',27.67,24.06,30.33,1009.1,87.58,0.2),('1992-09-27',27.39,24.06,30.33,1010.1,89.86,0.67),('1992-09-28',28.33,25.06,32.06,1008.8,85.19,0),('1992-09-29',27.17,25.06,31.06,1009.7,89.04,0),('1992-09-30',28.06,24.83,30.83,1010.3,85.98,0),('1992-10-01',27.78,25.67,30.06,1010.8,89.23,0.18),('1992-10-02',27.94,25.67,30.83,1010.5,85.23,0.1),('1992-10-03',27.61,24.56,31.06,1009,86.96,0.24),('1992-10-04',28.67,24.67,31.67,1008.1,82.55,0),('1992-10-05',27,24.17,31.17,1007.7,89.78,0),('1992-10-06',28.28,25.33,31.06,1009,85.34,0.08),('1992-10-07',27.89,26.17,29.83,1009.2,85.67,0),('1992-10-08',28.11,26.06,31.06,1009,83.35,0.04),('1992-10-09',26.56,25.83,28.17,1009.2,92.52,0.43),('1992-10-10',27.83,25.06,31.06,1007.1,85.94,0),('1992-10-11',27.78,25.17,32.67,1006.3,88.84,0.08),('1992-10-12',27.72,25.06,30.56,1006.7,85.6,0),('1992-10-13',27.61,25.06,32.06,1007,85.37,0),('1992-10-14',27.17,25.17,30.83,1006,90.23,0.08),('1992-10-15',26.17,24.17,30.67,1005.4,89.27,0.83),('1992-10-16',26.56,24.67,29.06,1004.7,91.74,0.02),('1992-10-17',27.67,25.06,30.17,1005.4,87.33,0),('1992-10-18',26.11,24.17,28.67,1007.9,93.36,0.37),('1992-10-19',25.5,23.17,28.17,1009.3,94.87,2.2),('1992-10-20',26.39,23.06,30.06,1009,89.4,0),('1992-10-21',25.28,23.56,28.06,1009,93.3,2.52),('1992-10-22',25.72,24.06,28.06,1008.5,91.04,0),('1992-10-23',25.5,24.06,27.56,1009.1,94.55,0.08),('1992-10-24',26.67,24.06,28.83,1008.3,90.14,0.12),('1992-10-25',25.94,24.06,27.67,1006.7,92.32,0.26),('1992-10-26',25.83,25.06,27.06,1005.1,89.67,0.83),('1992-10-27',26.11,24.33,29.56,1010.5,91.84,0.28),('1992-10-28',26.78,23.33,29.83,1011.2,89.14,0),('1992-10-29',28.11,25.06,31.06,1010.9,85.83,0),('1992-10-30',27.22,24.67,30.33,1010.3,88.61,0.16),('1992-10-31',27.67,25.06,30.17,1011,89.53,0.08),('1992-11-01',27.11,25.56,29.33,1011.2,90.08,0),('1992-11-02',25.78,24.83,27.17,1011.3,93.48,0.02),('1992-11-03',25.61,24.83,26.83,1011.7,92.65,0.41),('1992-11-04',26.22,24.17,29.06,1011.1,88.65,0.2),('1992-11-05',27.06,25.17,29.17,1011.1,82.98,0),('1992-11-06',26.33,24.83,28.83,1011.4,81.11,0),('1992-11-07',25.61,22.33,28.06,1011.2,82.39,0),('1992-11-08',27.28,25.56,29.67,1011.9,84.02,0),('1992-11-09',25.28,24.83,26.17,1013.6,90.59,0),('1992-11-10',25.56,24.17,28.06,1012.8,89.24,0.12),('1992-11-11',25.61,24.06,28.83,1012.6,93.02,4.37),('1992-11-12',26.22,24.83,28.83,1011.6,93.62,0.2),('1992-11-13',26.11,24.83,28.33,1011.4,91.91,0.16),('1992-11-14',26.44,24.67,29.06,1010.4,92.08,0.51),('1992-11-15',26.22,24.83,29.06,1010.8,88.28,0.04),('1992-11-16',26.39,24.06,29.83,1010.2,91.6,0.18),('1992-11-17',26.94,24.17,29.33,1010.5,87.44,0),('1992-11-18',26.44,24.56,29.33,1011.2,89.2,0.12),('1992-11-19',27.11,24.56,30.06,1010.3,87.16,0.24),('1992-11-20',27.61,24.83,31.17,1009.5,88.07,0),('1992-11-21',25.5,24.17,26.56,1010.4,93.84,0.55),('1992-11-22',26,24.06,27.33,1013.5,87.4,0.94),('1992-11-23',26.11,24.67,28.17,1015,87.72,0),('1992-11-24',25.72,23.17,28.56,1013.6,88.72,0),('1992-11-25',25.94,23.33,28.17,1010.6,84.21,0),('1992-11-26',24.33,22.56,27.56,1010.4,89.68,0.12),('1992-11-27',24.56,21.56,28.06,1011.9,84.83,0),('1992-11-28',25.33,22.83,29.06,1013,80.99,0),('1992-11-29',26.17,22.06,29.83,1012.8,84,0),('1992-11-30',26.06,23.56,30.17,1012.9,91.45,0.12),('1992-12-01',26.11,25.06,28.17,1013.8,91.63,0),('1992-12-02',26,24.56,29.33,1013.4,91.8,0.32),('1992-12-03',25.78,24.06,28.17,1014,91.89,0.28),('1992-12-04',26.5,24.56,29.17,1013.3,90.17,0.04),('1992-12-05',26.67,24.06,29.33,1013.6,87.99,0.24),('1992-12-06',26.5,24.56,28.67,1012.6,89.01,0.04),('1992-12-07',26.72,24.06,29.83,1011.7,89.15,0.08),('1992-12-08',26.39,25.17,28.67,1012.6,91.99,0.08),('1992-12-09',26.39,24.06,28.83,1013.3,89.72,0),('1992-12-10',26.06,24.06,28.33,1013,90.47,0.01),('1992-12-11',25.44,24.56,26.83,1013.6,90.64,0.04),('1992-12-12',26.78,24.06,29.67,1013.9,85.1,0),('1992-12-13',26.28,24.06,29.06,1013.7,84.36,0),('1992-12-14',26.78,25.06,28.56,1013,89.31,0),('1992-12-15',24.67,23.56,27.06,1014,94.37,0.18),('1992-12-16',25.11,22.56,27.06,1014.2,90.26,0.87),('1992-12-17',25.61,23.83,27.33,1013.7,89.62,0.06),('1992-12-18',25.83,24.06,28.67,1014.1,88.97,0.04),('1992-12-19',25.56,23.33,26.83,1014.1,91.56,2.91),('1992-12-20',25.5,24.06,26.33,1014.8,87.71,0.12),('1992-12-21',25.56,24.06,27.17,1014.2,91.8,0.01),('1992-12-22',26.44,24.17,29.06,1013.5,89.79,0),('1992-12-23',26,23.83,28.83,1013.9,84.81,0.02),('1992-12-24',25.33,24.06,27.17,1014.3,85.96,0.06),('1992-12-25',26.06,24.56,28.83,1015.4,83.52,0),('1992-12-26',26,23.83,29.67,1015.1,87.25,0.08),('1992-12-27',26.67,24.56,28.06,1013.6,89.81,0),('1992-12-28',26.22,24.56,27.56,1013.5,92.34,0.35),('1992-12-29',26.22,25.17,28.67,1015,90.99,0.04),('1992-12-30',25.56,24.06,27.56,1016.4,89.81,0),('1992-12-31',26,24.06,28.56,1016.3,84.82,0),('1993-01-01',26.06,23.33,29.06,1016,85.16,0),('1993-01-02',26.06,24.06,28.06,1016.3,85.44,0.08),('1993-01-03',25.56,24.17,27.17,1016,89.69,0),('1993-01-04',26.11,24.06,28.33,1016.6,82.08,0),('1993-01-05',26.11,24.06,28.83,1017,81.73,0),('1993-01-06',25.06,24.67,25.33,1015.7,86.45,0.04),('1993-01-07',25.78,24.67,27.83,1015.9,89.47,0.02),('1993-01-08',25.67,24.06,27.83,1015.8,87.56,0.14),('1993-01-09',25.78,24.17,28.06,1014.3,89.48,0),('1993-01-10',25.89,24.06,28.67,1013.7,87.01,0.02),('1993-01-11',24.28,23.06,26.06,1012.8,92.01,0.06),('1993-01-12',24.83,22.83,26.83,1013,94.12,0.14),('1993-01-13',25.94,24.67,28.33,1012.1,90.06,0.08),('1993-01-14',25.72,24.06,28.06,1009.5,91.14,0.08),('1993-01-15',26.11,23.56,28.17,1009.9,90.62,0),('1993-01-16',25.61,23.83,27.83,1010.8,94.02,1.77),('1993-01-17',25.06,23.17,27.06,1012.3,90.31,0.16),('1993-01-18',25.39,23.56,27.33,1012.1,92.15,0),('1993-01-19',25.44,24.06,26.83,1011.3,90.43,0.04),('1993-01-20',25.44,24.56,27.56,1012,93.33,0.04),('1993-01-21',25.06,23.67,27.17,1013.3,89.89,0),('1993-01-22',25.06,22.83,27.67,1012.6,88.39,0.08),('1993-01-23',24.78,22.56,28.67,1011.4,87.11,0),('1993-01-24',25.44,21.56,30.17,1011,85.07,0),('1993-01-25',25.06,21.83,29.17,1012.4,81.64,0),('1993-01-26',24,22.17,26.33,1012.8,89.36,0.55),('1993-01-27',24.78,22.67,26.83,1011.4,82.15,0),('1993-01-28',22.78,21.06,26.06,1011.9,91.21,0.2),('1993-01-29',21.89,20.06,24.06,1013.2,92.53,2.2),('1993-01-30',23.11,21.56,24.17,1014.4,91.57,0.39),('1993-01-31',24.33,22.56,26.06,1015.6,84.25,0),('1993-02-01',23.78,22.67,25.56,1016.4,92.73,0.28),('1993-02-02',23.17,22.06,24.06,1018.3,87.86,0.59),('1993-02-03',23.83,22.67,24.67,1018.1,85.45,0.1),('1993-02-04',23.5,21.06,25.06,1016.8,92.54,0.14),('1993-02-05',24.89,23.83,26.17,1015.2,88.66,0),('1993-02-06',25.22,23.56,27.67,1015,82.87,0),('1993-02-07',25.17,22.06,28.17,1013.8,88.37,0),('1993-02-08',25.72,23.67,28.06,1014.9,87.62,0),('1993-02-09',25.33,23.33,27.83,1014.5,87.66,0),('1993-02-10',24.61,21.67,27.83,1014.2,87.38,0),('1993-02-11',25.67,23.17,29.06,1013.6,88.07,0),('1993-02-12',25.5,22.83,28.33,1012.5,88.44,0),('1993-02-13',25.5,23.06,28.17,1013.4,88.44,0),('1993-02-14',26.17,23.56,29.06,1012.2,87.6,0),('1993-02-15',26.11,23.56,28.56,1010.5,88.25,0),('1993-02-16',26.44,22.67,29.83,1009.9,88.43,0),('1993-02-17',27,22.67,30.56,1011.3,84.5,0),('1993-02-18',26.28,25.06,28.17,1013,88.74,0),('1993-02-19',26.17,24.06,29.33,1012.9,89.01,0),('1993-02-20',26.06,24.06,28.67,1011.9,90.37,0),('1993-02-21',27.11,24.56,31.06,1011.2,87.99,0),('1993-02-22',27.11,24.17,31.06,1012,87.87,0),('1993-02-23',25.83,24.67,28.06,1014.6,88.06,0),('1993-02-24',25.83,24.17,27.83,1016.5,84.22,0.12),('1993-02-25',25.22,24.06,26.56,1016.5,83.45,0.02),('1993-02-26',24.83,20.33,28.83,1014,87.36,0),('1993-02-27',26.11,23.56,28.83,1013.7,85.57,0),('1993-02-28',26.44,23.56,29.67,1014.2,83.93,0),('1993-03-01',25.67,23.67,28.33,1015.2,86.43,0),('1993-03-02',25.39,24.06,27.17,1015.5,84,0),('1993-03-03',22.67,21.33,24.06,1015,94.57,0.75),('1993-03-04',23,20.06,24.83,1013.6,91.63,0.1),('1993-03-05',23.83,22.06,25.83,1013.9,92.16,0.04),('1993-03-06',25.83,23.17,29.06,1014,91.06,0),('1993-03-07',26.72,24.56,29.17,1014,87.99,0),('1993-03-08',26.67,24.06,30.17,1014.7,85.97,0),('1993-03-09',24.83,23.33,27.17,1015.2,90.23,0.71),('1993-03-10',25.78,24.67,26.83,1014.7,85.73,0),('1993-03-11',25.83,23.83,28.67,1014.9,83.12,0),('1993-03-12',26.22,24.06,28.83,1013.3,82.93,0),('1993-03-13',26,24.33,28.67,1013.5,82.52,0),('1993-03-14',26.17,23.33,28.67,1013.4,82.96,0),('1993-03-15',25.94,24.06,28.67,1011.3,83.48,0),('1993-03-16',26.89,24.06,29.83,1010.3,83.92,0),('1993-03-17',26.22,21.33,32.06,1010.7,82.98,0),('1993-03-18',26.33,21.17,29.83,1012.2,82.31,0),('1993-03-19',27.17,24.56,30.17,1013.7,82.91,0),('1993-03-20',27.33,24.56,31.17,1014.4,82.21,0),('1993-03-21',27.39,24.56,31.06,1015.6,82.46,0),('1993-03-22',27.28,25.17,29.83,1016.9,84.97,0),('1993-03-23',27.28,25.67,30.17,1016.6,84.79,0),('1993-03-24',27.17,25.06,30.06,1014.9,78.8,0),('1993-03-25',26.94,25.06,29.83,1013,80.03,0),('1993-03-26',26.28,23.06,30.17,1012.4,79.7,0),('1993-03-27',26.94,22.56,31.06,1011.5,80.92,0),('1993-03-28',26.94,22.67,31.06,1010.8,81.96,0),('1993-03-29',28,26.06,30.17,1010.5,83.56,0),('1993-03-30',27.67,25.83,30.67,1010.7,82.7,0),('1993-03-31',27.17,23.17,31.06,1010.1,78.23,0),('1993-04-01',26.5,22.17,30.67,1010,80.08,0),('1993-04-02',25.22,21.06,29.67,1010.8,86.86,0),('1993-04-03',27.17,23.83,31.06,1010.7,86.68,0),('1993-04-04',27.44,23.17,31.06,1010.4,84.01,0),('1993-04-05',27.61,24.06,31.83,1011.9,83.15,0),('1993-04-06',28.39,25.83,31.67,1012.3,80.11,0),('1993-04-07',27.5,23.67,31.17,1010.8,82.53,0),('1993-04-08',28,26.06,31.06,1011.9,81.6,0),('1993-04-09',28.22,26.06,31.17,1013.9,77.16,0),('1993-04-10',28.33,24.56,33.17,1012.5,79.22,0.02),('1993-04-11',28.39,25.56,31.06,1011.2,80.87,0),('1993-04-12',29.11,26.33,32.06,1012.6,79.6,0),('1993-04-13',28.72,26.17,31.06,1014.8,81.51,0.28),('1993-04-14',28.11,26.67,30.67,1015,83.39,0),('1993-04-15',28.61,26.06,31.83,1013,79.79,0),('1993-04-16',27.78,26.06,30.83,1011.2,83.08,0),('1993-04-17',28.28,25.06,32.06,1010.9,81.06,0),('1993-04-18',27.28,25.06,31.83,1011.6,82.27,0),('1993-04-19',28.11,25.56,31.06,1012,84,0.04),('1993-04-20',27.61,25.06,30.56,1011.1,82.26,0.35),('1993-04-21',27,25.17,30.17,1010.6,85.57,0),('1993-04-22',28.11,24.17,30.83,1010.7,79.08,0.24),('1993-04-23',27.89,24.06,31.83,1010.8,82.73,0),('1993-04-24',29.11,26.83,31.83,1010.9,80.15,0),('1993-04-25',28.67,26.56,31.67,1011.1,80.86,0),('1993-04-26',28.56,26.06,31.06,1011,78.44,0),('1993-04-27',28.28,26.06,29.83,1009.9,83.7,0),('1993-04-28',28.94,27.06,32.06,1008.6,82.59,0),('1993-04-29',27.78,26.06,30.06,1008.6,85.65,2.48),('1993-04-30',28.61,26.56,30.67,1009.2,78.1,0),('1993-05-01',28.39,25.83,31.83,1009.6,75.05,0),('1993-05-02',28.5,25.56,31.17,1009.6,75.32,0),('1993-05-03',28.39,24.56,31.06,1010.5,74.67,0),('1993-05-04',28.28,25.83,31.06,1010.6,82.12,0.12),('1993-05-05',29.33,27.17,32.33,1009.9,79.01,0),('1993-05-06',28.89,27.06,31.06,1009.7,74.75,0),('1993-05-07',28.28,24.83,31.83,1008.9,79.87,0),('1993-05-08',28.83,26.06,32.06,1009,80.48,0),('1993-05-09',28.28,25.06,32.06,1009.4,80.98,0.16),('1993-05-10',29.17,24.83,31.67,1010.5,77.18,0),('1993-05-11',29.5,26.67,32.56,1010.7,76.99,0),('1993-05-12',29.56,28.06,32.06,1011.2,76.13,0),('1993-05-13',28.89,25.06,31.83,1011.2,77.25,0),('1993-05-14',27.83,24.56,30.67,1011.3,78.65,4.01),('1993-05-15',27,23.83,31.06,1010.1,82.48,1.3),('1993-05-16',28.67,26.06,31.67,1008.7,75.23,0),('1993-05-17',28.56,26.06,30.56,1008.2,76.66,0.04),('1993-05-18',28.5,27.06,30.06,1008.7,74.74,0),('1993-05-19',27.83,24.67,30.17,1010.4,79.53,0),('1993-05-20',27.89,25.06,30.17,1010.1,80.15,0.04),('1993-05-21',27.89,25.06,30.67,1009.5,81.69,0),('1993-05-22',28.11,25.06,31.06,1009,79.68,0.24),('1993-05-23',27.78,24.06,31.06,1008.5,82.37,2.17),('1993-05-24',27.5,24.06,30.67,1007.6,81.26,1.57),('1993-05-25',27.56,24.67,30.17,1009.2,80.54,0),('1993-05-26',29.28,25.06,33.06,1009.7,79.52,0),('1993-05-27',27.61,25.17,31.06,1007.9,84.97,0),('1993-05-28',28.94,24.67,34.33,1007.3,80.6,0),('1993-05-29',29.89,26.33,33.83,1006.3,76.24,0),('1993-05-30',30.22,25.33,34.67,1007,76.12,0),('1993-05-31',30.33,25.56,33.06,1007.8,77.65,0),('1993-06-01',29.56,26.56,33.83,1008.1,78.49,0),('1993-06-02',28.89,25.67,32.06,1007.3,81.27,0),('1993-06-03',29.5,26.33,32.67,1007.8,78.89,0),('1993-06-04',29.94,26.06,32.67,1008,77.02,0),('1993-06-05',29.61,25.83,33.56,1007.9,74.86,0),('1993-06-06',29.5,25.67,32.83,1008.2,77.16,0),('1993-06-07',27.83,17.17,33.17,1009.4,78.89,0.08),('1993-06-08',28.94,25.33,32.67,1009.3,78.78,0),('1993-06-09',30.33,28.06,32.56,1010.2,77.61,0),('1993-06-10',28.5,26.06,32.67,1011.4,84.12,0.02),('1993-06-11',29.78,26.56,33.06,1011.4,74.17,0),('1993-06-12',27.72,20.06,32.83,1009.5,77.78,0),('1993-06-13',28.89,25.06,32.17,1011,80.63,1.14),('1993-06-14',29.39,26.06,32.06,1010.7,76.63,1.26),('1993-06-15',27.89,24.83,31.56,1010.6,82.77,1.18),('1993-06-16',28.5,24.67,32.06,1010.3,77.43,0),('1993-06-17',28.78,25.06,31.06,1010.8,78.7,0.59),('1993-06-18',28.78,25.06,32.56,1010.7,79.22,0.12),('1993-06-19',27.39,26.06,29.67,1010.4,87.51,0.08),('1993-06-20',27.83,25.06,33.17,1009.7,86.27,0.01),('1993-06-21',28.44,25.06,33.06,1009.5,82.12,0.51),('1993-06-22',28.94,24.83,32.06,1009.5,77.07,0),('1993-06-23',30,26.06,34.06,1009.5,78.74,0),('1993-06-24',29.5,26.06,32.83,1008.6,80.18,0),('1993-06-25',28.44,25.56,31.33,1005.8,82.3,0.2),('1993-06-26',25.5,25.06,26.06,1007,91.94,0.31),('1993-06-27',27.39,24.06,30.56,1011.1,87.14,0.98),('1993-06-28',27.78,25.83,29.83,1013.4,86.13,0),('1993-06-29',29.17,26.06,31.56,1011.2,79.39,0.04),('1993-06-30',28.44,26.06,30.06,1010.5,84.93,0),('1993-07-01',28.22,25.67,30.83,1010.5,83.06,0.12),('1993-07-02',29.11,25.83,31.67,1010.6,79.2,0),('1993-07-03',28.11,24.56,31.06,1011.5,84.35,0.98),('1993-07-04',27.83,23.56,32.06,1010.7,82.52,0.55),('1993-07-05',28.17,25.06,30.33,1009.6,82.09,1.46),('1993-07-06',28.78,25.33,32.06,1009.1,81.16,0),('1993-07-07',28.33,24.67,32.06,1008.6,81.71,0),('1993-07-08',27.78,24.06,31.83,1008.5,84.58,0.32),('1993-07-09',25.72,24.33,27.06,1009.2,92.42,2.28),('1993-07-10',27.28,24.83,30.17,1009.7,87.37,0),('1993-07-11',26.83,25.17,30.06,1009.5,86.97,0.94),('1993-07-12',27.89,24.56,31.06,1009.8,82.35,0),('1993-07-13',28.33,24.06,31.56,1008.9,81.4,0),('1993-07-14',29,25.67,32.06,1008.2,79.95,0),('1993-07-15',29.22,25.56,32.33,1008.4,78.74,0),('1993-07-16',27.33,25.33,32.67,1009.2,88.29,0.3),('1993-07-17',28.06,24.67,31.67,1009.6,84.64,0),('1993-07-18',28.39,24.67,33.06,1008.9,83.73,0.08),('1993-07-19',29.06,25.17,32.83,1008.9,80.9,0),('1993-07-20',29.44,25.06,33.33,1008.8,81.26,0),('1993-07-21',28.61,25.33,33.83,1009.4,80.69,0),('1993-07-22',28,25.06,33.06,1009.7,85.48,0.59),('1993-07-23',27.61,25.17,32.06,1008.8,87.44,0.24),('1993-07-24',27.89,25.06,31.83,1008,72.72,0),('1993-07-25',28.78,25.17,32.06,1007.2,80.03,0),('1993-07-26',28.11,26.06,31.33,1007.4,84.74,0.87),('1993-07-27',26.11,25.33,27.06,1007.5,95.39,0.47),('1993-07-28',27,25.06,29.56,1008.1,89.09,0),('1993-07-29',27.78,25.67,30.06,1007.8,86.77,0.47),('1993-07-30',26.17,25.06,28.67,1008.3,90.73,0.81),('1993-07-31',27.39,25.33,30.33,1009,83.11,0.02),('1993-08-01',28.56,25.56,31.06,1010.7,78.91,0),('1993-08-02',28.06,24.83,31.83,1011.7,81.67,0),('1993-08-03',27.78,24.67,32.06,1010.2,84.93,0.43),('1993-08-04',27.28,24.06,32.33,1009.1,88.98,0.2),('1993-08-05',28.94,28.33,30.06,1009.2,79.41,0),('1993-08-06',28.67,25.83,32.06,1008.5,81.06,0),('1993-08-07',27.83,25.56,31.06,1007.3,84.66,0),('1993-08-08',25.17,23.67,29.56,1006.5,93.56,1.81),('1993-08-09',23.17,22.56,24.06,1007.4,96.74,3.98),('1993-08-10',23.78,23.06,24.67,1008,97.34,5.16),('1993-08-11',25.22,23.06,27.83,1007.1,93.2,0.83),('1993-08-12',26.61,24.67,29.83,1007.7,89.07,0.75),('1993-08-13',26.89,24.83,28.56,1009.6,89.05,0),('1993-08-14',28.06,25.06,31.67,1011.5,80.05,0),('1993-08-15',28.33,25.67,32.06,1010.5,80.25,0),('1993-08-16',28.17,25.06,33.67,1010.2,79.89,0),('1993-08-17',27.89,24.67,31.33,1010.1,78.57,0),('1993-08-18',25.44,24.17,26.67,1010.4,91.46,0.83),('1993-08-19',26.44,24.06,29.33,1010.5,87.09,0.04),('1993-08-20',28.28,25.06,31.56,1011,80.11,0),('1993-08-21',28.67,24.17,33.17,1010.8,78.49,0),('1993-08-22',27.11,24.06,31.83,1010.8,85.31,1.22),('1993-08-23',25.67,24.06,27.83,1009.5,90.1,0.87),('1993-08-24',27.94,25.06,31.17,1008.5,83,0.16),('1993-08-25',27.56,23.67,30.56,1008.4,83.38,0),('1993-08-26',28.17,25.06,32.56,1008.1,82.93,0.08),('1993-08-27',26.39,24.56,29.67,1007.8,88.83,0.43),('1993-08-28',27.17,24.06,30.06,1008.4,83.19,0),('1993-08-29',26.17,23.83,30.06,1009.2,88.5,0.16),('1993-08-30',27.39,23.56,31.06,1009.2,84.18,0),('1993-08-31',27.67,25.33,31.33,1007.8,85.74,0),('1993-09-01',27.33,24.17,31.67,1007.8,85.15,0),('1993-09-02',27.33,24.67,31.06,1008.9,86.54,0),('1993-09-03',28.89,25.67,32.17,1009.6,83.1,0),('1993-09-04',27.83,25.33,31.67,1009.7,85.59,0),('1993-09-05',27.33,24.83,32.06,1009.4,84.25,0),('1993-09-06',26.39,25.06,28.83,1010,91.38,0.01),('1993-09-07',27.44,23.83,30.56,1009.7,81.35,0),('1993-09-08',28.17,25.17,30.56,1009.1,82.68,0),('1993-09-09',27.67,25.17,30.56,1009.6,83.77,0.02),('1993-09-10',27.22,25.06,30.56,1010,82.23,0),('1993-09-11',26.94,24.56,29.67,1008.3,87.14,0),('1993-09-12',27.39,25.06,30.06,1007.3,86.63,0.06),('1993-09-13',27.89,24.06,31.06,1007.3,82.22,0),('1993-09-14',27.61,25.06,31.06,1007,83.06,0),('1993-09-15',26.94,25.56,29.56,1006.6,88.32,0.08),('1993-09-16',26.5,25.06,31.06,1007.3,90.13,0),('1993-09-17',27.61,24.06,31.06,1008.9,83.73,0),('1993-09-18',27.11,24.06,32.67,1009,88.5,1.1),('1993-09-19',27.11,24.67,30.17,1008.7,87.02,0.04),('1993-09-20',26.89,24.56,30.56,1006.9,86.78,0.28),('1993-09-21',26.83,25.06,30.33,1006.5,90.03,0.04),('1993-09-22',27.33,25.06,30.17,1006.6,87.32,0.31),('1993-09-23',28.11,24.67,31.83,1007.2,84.19,0),('1993-09-24',29,24.83,33.56,1007,81.69,0),('1993-09-25',29.22,26.56,33.06,1007.9,79.96,0),('1993-09-26',29.11,25.06,33.33,1007.9,82.19,0),('1993-09-27',29,26.06,32.67,1007.6,82.68,0),('1993-09-28',28.22,26.06,32.56,1006.5,84.07,0),('1993-09-29',27.39,25.06,32.06,1006.7,85.14,0),('1993-09-30',28.56,26.06,33.06,1006.5,82.81,0.2),('1993-10-01',27.72,24.56,31.33,1005.8,85.73,0.12),('1993-10-02',26.83,23.83,30.06,1004.6,89.02,0.1),('1993-10-03',27.33,25.06,30.83,1002.5,87.32,0),('1993-10-04',26.83,26.33,27.33,1000.8,87.85,0.32),('1993-10-05',25.83,25.17,26.33,1002,89.33,0.11),('1993-10-06',24.89,22.56,26.06,1004.3,93.35,1.42),('1993-10-07',25.56,24.56,27.17,1006.1,92.91,1.22),('1993-10-08',27.78,25.33,30.83,1007.7,83.18,0),('1993-10-09',27.5,25.56,30.67,1007.8,85.63,0),('1993-10-10',27.11,23.56,29.33,1008.6,85.24,0),('1993-10-11',26.61,23.56,30.06,1010,85.27,0),('1993-10-12',27.61,24.06,30.83,1010.7,83.83,0.02),('1993-10-13',25.61,24.67,27.06,1010.2,91.54,0.53),('1993-10-14',26.67,23.06,29.83,1008.9,87.63,0.39),('1993-10-15',26,23.56,29.83,1011,88.63,1.93),('1993-10-16',25.89,24.06,29.06,1011.6,93.27,1.06),('1993-10-17',27.17,23.83,29.33,1010.2,88.26,0.28),('1993-10-18',27.17,24.56,29.06,1008.7,88.47,0.02),('1993-10-19',27.06,23.67,31.06,1008.9,87.72,0.2),('1993-10-20',27.89,25.17,31.06,1008.6,83.02,0.16),('1993-10-21',27.72,25.06,30.56,1009,84.53,0),('1993-10-22',26.61,25.56,28.06,1010.8,90.32,0.08),('1993-10-23',27.83,25.06,30.17,1011.8,84.17,0),('1993-10-24',26.67,25.56,27.67,1013.1,86.24,0.24),('1993-10-25',25.61,24.83,26.67,1014.5,86.65,0),('1993-10-26',27,24.56,30.17,1014.3,84.55,0.04),('1993-10-27',27.11,25.17,29.67,1014.9,83.62,0),('1993-10-28',27.56,24.67,30.67,1014,82.99,0.04),('1993-10-29',27,25.17,28.06,1013.7,86.06,0.16),('1993-10-30',26.94,26.06,29.17,1013.6,87.55,0.24),('1993-10-31',27.83,25.33,30.67,1010.5,84.6,0),('1993-11-01',27.56,26.06,29.06,1006,81.71,0),('1993-11-02',27.94,24.56,31.56,1010.9,85.4,0.43),('1993-11-03',27.72,25.06,30.67,1014,88.53,0),('1993-11-04',28.06,26.06,30.06,1014,84.23,0),('1993-11-05',28.22,26.06,31.56,1013.1,83.48,0),('1993-11-06',27.56,26.06,30.06,1013.6,87.98,0.04),('1993-11-07',27.22,25.33,29.56,1013.3,87.7,0.24),('1993-11-08',27,25.06,29.17,1011.7,85.25,0),('1993-11-09',27.5,25.06,30.06,1010.8,84.77,0.02),('1993-11-10',27.22,24.56,30.56,1010.7,83.81,0.04),('1993-11-11',25.44,24.33,27.17,1011.9,89.08,0.06),('1993-11-12',26.61,24.56,28.67,1010.8,86.7,0),('1993-11-13',27.89,25.56,31.06,1011.4,82.8,0),('1993-11-14',27.11,24.56,29.67,1011.9,85.37,0.31),('1993-11-15',28,25.06,31.06,1011.5,82.96,0),('1993-11-16',27.5,25.06,31.06,1009.9,85.48,0.16),('1993-11-17',27.56,26.06,31.06,1010,84.26,0),('1993-11-18',27.22,25.56,29.56,1011.1,82.89,0),('1993-11-19',26.78,25.06,28.56,1011.1,85.8,0.16),('1993-11-20',27.5,24.83,30.33,1010.1,85.24,0.08),('1993-11-21',25.33,24.06,26.83,1006.8,93.73,3.54),('1993-11-22',27.17,26.06,29.56,1007.8,89.31,1.1),('1993-11-23',27.44,26.17,30.67,1009.4,86.89,0.39),('1993-11-24',27.22,26.06,30.33,1010.9,85.21,0.16),('1993-11-25',25.83,24.67,27.17,1010.4,90.5,0.61),('1993-11-26',27.72,26.06,29.83,1010.2,82.45,0),('1993-11-27',27,25.56,30.06,1011.2,86.73,0.04),('1993-11-28',27.39,26.06,29.67,1012,85.63,0),('1993-11-29',27.17,26.06,28.56,1011.9,87.04,0),('1993-11-30',27.5,25.67,30.83,1010.6,87.91,0.12),('1993-12-01',27.72,26.06,30.83,1010.2,86.94,0),('1993-12-02',26.11,25.56,28.06,1008.9,90.43,0.2),('1993-12-03',27.22,25.06,29.67,1008.6,87.89,0.12),('1993-12-04',26.5,24.56,28.06,1009.6,89.73,0.37),('1993-12-05',26.78,25.06,30.56,1007.1,85.57,0.55),('1993-12-06',25.83,24.67,27.17,999.8,89.99,4.06),('1993-12-07',26.22,25.06,28.06,1007.9,91.98,4.25),('1993-12-08',25.28,25.06,25.56,1010.4,94.25,2.72),('1993-12-09',25.94,25.17,27.56,1012.8,86.75,0),('1993-12-10',26.11,25.06,28.06,1009.9,89.75,0.01),('1993-12-11',25.22,24.67,26.06,1009.2,94.57,2.2),('1993-12-12',27.5,25.67,30.06,1011.8,85.03,0.26),('1993-12-13',27.61,25.56,30.06,1012.5,84.21,0.26),('1993-12-14',26.61,25.33,28.17,1012.7,90.39,0.14),('1993-12-15',24.39,22.56,25.67,1012.8,94.01,4.04),('1993-12-16',26.39,25.33,28.06,1012.1,88.43,0.28),('1993-12-17',26.06,24.67,28.06,1015,87.56,0.24),('1993-12-18',25.78,24.33,29.06,1014.2,90.57,0.55),('1993-12-19',26.56,24.67,29.17,1012.8,87.04,0),('1993-12-20',26.17,25.17,28.33,1013.8,87.91,0),('1993-12-21',25.39,24.67,26.56,1014.4,90.72,0.87),('1993-12-22',25.11,23.67,27.56,1016,92.91,1.46),('1993-12-23',25.78,24.06,28.06,1015.8,84.73,0.16),('1993-12-24',25.44,23.56,27.83,1015.8,82.86,0),('1993-12-25',25.39,24.56,27.67,1015.9,89.24,0),('1993-12-26',24.83,24.06,25.67,1014.3,87.84,0.02),('1993-12-27',24.33,23.56,25.17,1008.2,92.64,2.85),('1993-12-28',24.22,23.83,24.67,1008.8,93.73,2.99),('1993-12-29',26.22,24.83,28.17,1009.7,88.82,1.34),('1993-12-30',26.06,24.83,28.56,1010.8,89.6,0.47),('1993-12-31',25.39,24.06,28.56,1011.8,91.38,0.04),('1994-01-01',26.17,24.67,28.06,1011.9,88.54,0.12),('1994-01-02',24.94,23.83,26.06,1013.1,90.33,0.12),('1994-01-03',26.61,24.06,29.06,1013.6,86.65,0),('1994-01-04',26.56,25.06,29.06,1013,82.64,0),('1994-01-05',25.33,23.17,27.17,1012.5,83.46,0.16),('1994-01-06',23.83,22.06,25.33,1012.2,92.06,0.67),('1994-01-07',26.5,24.83,28.56,1011.6,87.53,0),('1994-01-08',26.89,25.06,30.06,1010.9,85.65,0.98),('1994-01-09',26.72,24.06,29.06,1011,86.32,0),('1994-01-10',26.5,23.06,30.06,1012.3,83.34,0),('1994-01-11',26.72,24.06,29.06,1012.3,83.72,0.02),('1994-01-12',25.83,23.67,28.83,1012.4,88.84,0.24),('1994-01-13',26.11,23.67,28.56,1011.3,83.71,0),('1994-01-14',27.06,24.56,30.56,1011,79.38,0),('1994-01-15',26.28,24.17,28.67,1010.9,82.5,0),('1994-01-16',26,24.56,28.06,1011.1,85.06,0.12),('1994-01-17',24.83,23.83,26.33,1010.9,91.1,0.79),('1994-01-18',26,23.67,29.06,1012.8,82.7,0.12),('1994-01-19',25.39,23.17,29.83,1013.2,78.15,0.19),('1994-01-20',25.44,23.67,27.06,1012,81.09,0),('1994-01-21',25.61,23.17,27.67,1011.5,81.9,0),('1994-01-22',25.61,24.06,27.67,1011.7,84.18,0.12),('1994-01-23',25.56,24.06,28.06,1012.1,83.36,0.08),('1994-01-24',25.33,24.06,26.67,1012.6,87.74,0.02),('1994-01-25',26.28,24.17,29.06,1011.1,88.16,0),('1994-01-26',26,23.67,27.67,1012.1,89.93,0.57),('1994-01-27',26.33,25.06,28.06,1013.2,87.81,0.08),('1994-01-28',26.72,25.06,28.56,1012.9,84.31,0),('1994-01-29',25.94,24.17,29.06,1011.9,85.76,0.16),('1994-01-30',25.44,23.56,27.67,1011.4,86.09,0.08),('1994-01-31',25.94,24.06,27.56,1011.8,84.67,0),('1994-02-01',27.67,26.06,29.56,1013.4,79.63,0),('1994-02-02',26.39,23.17,29.06,1014.2,81.06,0.12),('1994-02-03',25.83,25.17,26.56,1013.7,79.64,0),('1994-02-04',25.89,24.56,28.06,1013.6,84.48,0.2),('1994-02-05',26.56,24.56,29.06,1012.8,77.9,0),('1994-02-06',26.28,25.06,28.06,1011.8,83.82,0.08),('1994-02-07',26.44,24.83,29.56,1010.1,88.45,0),('1994-02-08',27,25.56,29.56,1009.2,84.92,0),('1994-02-09',26.33,23.67,29.83,1010.3,83.3,0),('1994-02-10',25.5,24.06,28.06,1011.2,87.74,0.24),('1994-02-11',26.11,24.06,28.06,1009.9,83.54,0),('1994-02-12',26.22,23.83,29.06,1010.1,88.26,0.16),('1994-02-13',26.94,24.56,29.83,1011.7,80.7,0),('1994-02-14',27.17,25.33,30.06,1012.3,82.69,0),('1994-02-15',26.89,23.83,30.06,1012.5,80.71,0),('1994-02-16',27,25.06,29.06,1012.5,80.46,2.13),('1994-02-17',26.83,25.06,29.06,1012.6,81.8,0),('1994-02-18',26.22,24.06,29.83,1011.4,83.19,1.57),('1994-02-19',26.06,23.06,29.56,1010.1,81.97,0),('1994-02-20',27.06,23.83,31.83,1009.9,83.37,0),('1994-02-21',26.89,21.17,32.06,1009.6,80.38,0),('1994-02-22',26.5,24.67,30.06,1009.7,82.78,0),('1994-02-23',27.06,25.17,29.56,1011.2,80.62,0),('1994-02-24',27,23.83,29.83,1011.9,79.8,0),('1994-02-25',26.83,24.06,29.83,1011.8,82.01,0.04),('1994-02-26',26.28,23.33,30.17,1012.3,80.28,2.2),('1994-02-27',26.28,23.33,30.06,1011.9,81.07,0),('1994-02-28',26,23.67,28.17,1012.8,80.01,0.2),('1994-03-01',26.89,25.06,29.06,1013.5,78.67,0),('1994-03-02',26.83,25.06,29.17,1013.4,77.08,0),('1994-03-03',26.83,25.06,29.06,1013,76.54,0),('1994-03-04',26.5,24.67,28.56,1012,78.57,0),('1994-03-05',26.44,24.67,29.67,1011.5,79.72,0.08),('1994-03-06',26.28,24.67,28.17,1011.6,84.65,0),('1994-03-07',27.56,25.33,30.67,1010.1,79.37,0),('1994-03-08',28.06,26.06,31.06,1009.9,84.71,0),('1994-03-09',27.72,25.17,31.06,1011.1,83.91,0),('1994-03-10',28.06,25.17,31.06,1011.6,81.6,0),('1994-03-11',27.72,25.17,30.06,1011.7,82.16,0.08),('1994-03-12',27.44,26.06,30.06,1011.7,83.28,0),('1994-03-13',28.28,26.06,31.67,1011.8,80.48,0),('1994-03-14',28.22,25.67,30.56,1012.5,78.58,0),('1994-03-15',27.5,25.56,30.17,1013.6,80.87,0.08),('1994-03-16',27.44,26.06,29.56,1012.3,80.96,0.08),('1994-03-17',26.61,24.83,27.83,1012.2,85.2,0.28),('1994-03-18',27.56,25.67,29.83,1011.6,78.88,0.04),('1994-03-19',27.72,25.83,30.06,1010.5,75.78,0),('1994-03-20',27.72,25.06,30.33,1009,78.8,0.02),('1994-03-21',27.83,26.33,30.56,1010.2,79.39,0.41),('1994-03-22',27.67,26.06,30.06,1011.8,78.18,0),('1994-03-23',28.17,25.67,31.83,1011.6,80.59,0),('1994-03-24',28.17,26.56,31.56,1011.3,78.65,0),('1994-03-25',28.17,26.06,30.33,1012.4,79.05,0),('1994-03-26',28.17,26.06,30.67,1015.4,77.78,0),('1994-03-27',26.94,25.83,28.83,1017.3,79.59,0),('1994-03-28',27.22,25.17,30.06,1016.8,77.78,0),('1994-03-29',27.78,25.67,30.83,1014.8,75.07,0),('1994-03-30',27.5,25.06,30.17,1014.6,76.86,0),('1994-03-31',27.83,25.67,30.56,1013,75.36,0),('1994-04-01',27.56,25.83,29.83,1011.7,76.03,0),('1994-04-02',27.83,24.67,30.67,1011.2,74.97,0),('1994-04-03',28.11,26.06,30.83,1010.3,76.27,0),('1994-04-04',28.33,26.06,30.83,1010.4,75.42,0),('1994-04-05',26.22,25.33,27.56,1008.5,87.97,2.95),('1994-04-06',26.39,23.06,29.56,1007.6,86.87,0.28),('1994-04-07',26.61,25.06,29.06,1006.2,86.71,0),('1994-04-08',27.61,25.06,30.06,1008.1,81.03,0),('1994-04-09',26.78,23.17,31.33,1009.4,80.76,0),('1994-04-10',28.22,23.33,33.17,1009.6,78.36,0),('1994-04-11',27,20.33,31.17,1010,79.49,0),('1994-04-12',28.17,25.06,31.06,1011.6,81.15,0),('1994-04-13',29.67,28.17,31.06,1013.8,77.52,0),('1994-04-14',29.89,28.06,32.06,1013.6,76.47,0),('1994-04-15',29.11,27.56,32.06,1012.6,76.33,0),('1994-04-16',28.44,26.83,30.17,1012.9,77.28,0),('1994-04-17',28.44,26.33,31.56,1011.1,78.18,0),('1994-04-18',29.06,26.56,31.06,1010.2,73.73,0),('1994-04-19',29.06,27.06,32.06,1009.9,74.48,0),('1994-04-20',29.28,26.56,31.56,1009.7,78.85,0.06),('1994-04-21',27.78,25.56,30.56,1010.1,84.07,0.08),('1994-04-22',28.44,25.06,31.67,1009.6,78.05,0.12),('1994-04-23',28.67,25.56,31.56,1010.5,79.95,0.47),('1994-04-24',29.17,26.56,31.56,1009.6,76.55,0.35),('1994-04-25',29.28,26.56,32.06,1009.7,78.05,0),('1994-04-26',29.5,26.56,31.83,1009.8,71.92,0.2),('1994-04-27',29.39,27.56,31.06,1009.9,77.62,0),('1994-04-28',29.11,27.06,32.83,1008.9,80.65,0.12),('1994-04-29',26.33,25.67,27.06,1008.1,90.53,0.71),('1994-04-30',27.89,25.33,32.17,1008.4,84.17,0),('1994-05-01',29.89,27.06,31.83,1009.9,76.59,0),('1994-05-02',28.22,25.06,31.56,1009.7,81.37,0),('1994-05-03',28.61,24.83,32.17,1008.5,79.8,0),('1994-05-04',28.78,26.17,32.56,1008.6,78.5,0),('1994-05-05',29.44,24.67,34.56,1008.2,79.92,0.04),('1994-05-06',29.39,25.67,35.06,1008.8,75.86,0),('1994-05-07',28.83,25.33,32.56,1009.2,77.4,0),('1994-05-08',29.39,26.06,32.33,1009.4,77.09,0),('1994-05-09',29.11,25.56,32.06,1009.5,80.25,0),('1994-05-10',29.61,26.56,32.83,1008.6,78.22,0.04),('1994-05-11',29.28,25.83,32.67,1008,80.12,0),('1994-05-12',29.72,25.67,33.67,1009.1,73.58,0),('1994-05-13',29.06,25.17,32.56,1009.7,78.68,0.24),('1994-05-14',30,25.56,35.17,1009.2,76.72,0),('1994-05-15',29.94,26.06,34.56,1007.8,77.06,0),('1994-05-16',29.56,25.17,36.33,1008.9,80.12,0),('1994-05-17',29.17,25.33,34.67,1009.7,77.65,0),('1994-05-18',28.72,26.06,33.06,1008.8,77.09,0.02),('1994-05-19',28.78,26.06,32.56,1010.4,79.07,0),('1994-05-20',25.33,25.06,25.67,1011.9,94.77,1.93),('1994-05-21',29.39,27.06,32.17,1009,77.21,0),('1994-05-22',28.33,27.06,30.06,1007.7,81.19,0.12),('1994-05-23',28.83,25.83,31.56,1007.1,81.64,0.94),('1994-05-24',28.56,26.17,33.06,1006.4,84.8,0.16),('1994-05-25',26.78,26.06,28.56,1005.7,91.03,1.42),('1994-05-26',27.44,25.33,28.33,1007.8,83.26,0.51),('1994-05-27',29.5,27.06,32.06,1009.7,77.44,0),('1994-05-28',29.44,25.56,32.33,1009,78.33,0),('1994-05-29',29,26.06,32.67,1008.5,82.12,0),('1994-05-30',29.78,25.56,34.83,1008,77.75,0),('1994-05-31',29,25.67,32.17,1007.2,77.99,0),('1994-06-01',29.22,25.56,32.17,1006.7,79.15,0),('1994-06-02',28.89,25.56,32.17,1006.9,80.12,0.31),('1994-06-03',28.06,25.06,31.83,1008,88.41,0.94),('1994-06-04',27.83,24.67,31.33,1007.9,85.08,0.02),('1994-06-05',27.28,25.33,31.17,1008,87.75,0.83),('1994-06-06',27.06,24.83,29.17,1007.3,85.79,0),('1994-06-07',27.61,25.67,30.83,1008.7,86.86,0.55),('1994-06-08',28.28,24.33,31.06,1009.8,81.98,0.35),('1994-06-09',26.89,24.83,29.83,1009.8,86.34,7.09),('1994-06-10',27.44,25.06,32.06,1009.9,85.07,0.08),('1994-06-11',27.72,25.06,31.06,1010.7,82.71,0),('1994-06-12',28.33,25.06,32.33,1010.8,83.26,0),('1994-06-13',27.94,25.67,31.17,1011,84.59,0),('1994-06-14',27.33,25.06,30.17,1010.2,86.06,0),('1994-06-15',27.33,25.33,29.17,1009.4,85.4,0.04),('1994-06-16',28.33,25.06,31.67,1009.8,81.04,0),('1994-06-17',28.33,25.06,31.56,1008.8,79.9,0),('1994-06-18',28.72,24.33,32.56,1007.3,79.72,0),('1994-06-19',26.61,25.17,27.67,1008.6,86.71,0),('1994-06-20',27.39,24.83,29.17,1008.9,88.6,0.47),('1994-06-21',28.11,25.06,31.06,1009.1,87.65,0.43),('1994-06-22',27.56,25.17,32.56,1008,88.41,0.35),('1994-06-23',26,23.56,28.17,1006.8,91.5,1.5),('1994-06-24',27.33,24.17,30.56,1008.4,83.97,0),('1994-06-25',27.89,24.56,32.67,1008.3,84.79,1.34),('1994-06-26',26.78,24.67,30.83,1007.1,88.63,0.55),('1994-06-27',27.44,25.56,29.17,1007.7,84.87,0),('1994-06-28',27.17,25.06,29.83,1008.1,87.3,0.94),('1994-06-29',29.11,27.06,31.67,1007.6,80.81,3.43),('1994-06-30',28.67,25.06,33.67,1006.5,83.64,0),('1994-07-01',27.94,26.06,30.67,1006.1,85.9,0.04),('1994-07-02',28.06,25.83,31.17,1007,83.3,0.02),('1994-07-03',28,26.06,30.06,1007.4,86.27,0.63),('1994-07-04',26.67,24.83,29.56,1008.5,88.64,0.24),('1994-07-05',28.5,24.56,31.56,1007.4,83.01,0.55),('1994-07-06',26.39,25.06,28.56,1006.6,89.65,0.01),('1994-07-07',25.89,24.06,30.06,1006.7,90,1.02),('1994-07-08',26.56,24.56,29.33,1004.9,86.58,0.43),('1994-07-09',25.56,24.06,26.67,1001.9,91.72,2.09),('1994-07-10',25.67,23.56,28.06,1001.9,91.42,0.2),('1994-07-11',26.39,24.56,28.17,1006,86.74,0.43),('1994-07-12',27.94,25.56,30.17,1008.2,85.48,0),('1994-07-13',28.28,25.06,31.06,1008.6,84.31,0),('1994-07-14',26.17,25.06,30.06,1008.9,90.9,0.63),('1994-07-15',25.5,24.06,27.56,1009.1,89.4,0.2),('1994-07-16',26.11,23.83,28.56,1007.1,88.86,0.08),('1994-07-17',28,25.83,30.17,1007,81.83,0),('1994-07-18',27.06,25.56,30.56,1007.1,89.33,0.35),('1994-07-19',26.28,24.56,27.56,1007.4,91.06,1.38),('1994-07-20',28.78,26.67,31.56,1009.2,80.46,0),('1994-07-21',29.06,25.56,32.06,1009.9,81.26,0),('1994-07-22',28.94,25.67,32.17,1009.3,81.32,0),('1994-07-23',29.11,25.67,32.67,1008.4,77.16,0),('1994-07-24',30.22,27.56,34.06,1008,70.38,0),('1994-07-25',27.78,25.06,31.17,1006,84.03,0.02),('1994-07-26',25.39,24.06,28.06,1006.4,93.15,1.28),('1994-07-27',25.83,25.06,28.06,1005.6,91.95,0.79),('1994-07-28',24.5,23.56,25.17,1005.7,97,1.77),('1994-07-29',25.39,24.06,27.33,1006,91.75,0.12),('1994-07-30',24.33,23.56,25.06,1008,97.4,4.72),('1994-07-31',27.5,24.67,30.67,1008.9,84.13,0),('1994-08-01',27.67,26.06,30.17,1009.4,84.4,0),('1994-08-02',26.89,26.06,28.67,1009.8,86.35,0.16),('1994-08-03',27.94,25.56,30.83,1010.8,82.16,0.02),('1994-08-04',28.22,26.06,30.33,1012.9,84.4,0),('1994-08-05',29.06,25.33,32.67,1010.6,79.5,0),('1994-08-06',27.28,25.67,29.67,1010.3,87.97,0.08),('1994-08-07',28.17,25.67,30.67,1011,80.29,0),('1994-08-08',28.06,25.17,30.56,1011.8,82.91,0),('1994-08-09',28.06,25.67,31.06,1011.7,83.07,0),('1994-08-10',27.94,25.06,32.56,1010.3,84.76,0),('1994-08-11',28.33,26.06,31.67,1010.1,78.6,0),('1994-08-12',28.61,24.06,33.06,1009.1,76.46,0),('1994-08-13',27.94,23.33,31.56,1008.1,78.97,0),('1994-08-14',28.72,25.17,31.17,1007.5,76.66,0),('1994-08-15',28.44,24.06,31.56,1008.6,79.73,0),('1994-08-16',28.61,25.06,35.06,1009.9,78.58,0),('1994-08-17',28.78,24.83,33.06,1009.5,79.67,5.12),('1994-08-18',29.56,26.83,33.06,1006.6,77.81,0),('1994-08-19',28.83,26.06,32.06,1005.9,76.67,0),('1994-08-20',28.5,25.06,32.56,1005.6,77.57,0),('1994-08-21',28.33,25.06,31.33,1006.5,79.97,0),('1994-08-22',29.22,25.33,33.17,1008.2,79.99,0),('1994-08-23',28.28,25.33,33.83,1008.5,84.89,0.04),('1994-08-24',28.17,26.06,33.33,1007.6,82.83,0.12),('1994-08-25',27.72,25.67,31.06,1007.9,83.63,0),('1994-08-26',27.44,25.06,31.06,1009.6,83.94,0),('1994-08-27',28,24.17,31.06,1010,80.7,0),('1994-08-28',28.44,24.56,33.33,1009.6,79.38,0),('1994-08-29',28.89,24.56,34.67,1008.6,79.55,5.2),('1994-08-30',27.56,24.17,32.06,1007.1,86.05,0.39),('1994-08-31',28.22,24.67,33.56,1006,81.73,0.02),('1994-09-01',27.5,25.17,29.56,1006.3,85.12,0),('1994-09-02',27.44,24.83,30.06,1007.4,84.02,0.2),('1994-09-03',26.89,25.06,28.67,1008.7,88,0.04),('1994-09-04',27.56,25.17,29.56,1009.6,85.37,0),('1994-09-05',28.5,25.06,30.83,1009.9,82.98,0),('1994-09-06',29.33,26.67,32.33,1010.2,78.31,0),('1994-09-07',28.72,27.17,30.56,1010.7,80.46,0),('1994-09-08',28.06,27.06,30.06,1009.5,82.91,0.06),('1994-09-09',28,26.33,30.06,1006.6,81.95,0),('1994-09-10',29.56,25.06,34.06,1005.3,75.12,0),('1994-09-11',27.5,25.17,30.67,1007.8,82.1,0.04),('1994-09-12',27.06,24.67,29.83,1009.5,86.48,0.28),('1994-09-13',27.11,24.67,30.17,1009.5,86.32,0.02),('1994-09-14',28.61,27.67,31.06,1008.5,77.94,0),('1994-09-15',28.56,26.33,31.83,1007.3,79.98,0),('1994-09-16',27,24.67,31.56,1007.8,86.35,0.43),('1994-09-17',25.67,24.56,27.56,1006.9,93.14,0.94),('1994-09-18',25.22,24.06,26.56,1006.8,93.93,0.71),('1994-09-19',27.44,24.06,31.06,1008,85.56,0.28),('1994-09-20',27.72,24.17,31.06,1008.1,83.75,0),('1994-09-21',27.78,24.67,31.33,1008.8,82.46,0),('1994-09-22',27.94,24.06,32.06,1008.7,81.89,0),('1994-09-23',27.22,24.17,31.06,1008.9,84.95,1.97),('1994-09-24',27.06,24.06,32.56,1008.7,88.26,0.79),('1994-09-25',26.06,24.06,30.56,1008.6,90.11,1.85),('1994-09-26',26.56,23.83,29.67,1007.6,87.69,0.24),('1994-09-27',27.61,24.33,31.56,1008.8,82.46,0),('1994-09-28',27.61,23.67,31.06,1009.2,82.1,0),('1994-09-29',26.94,24.67,30.06,1009.8,85.83,0.16),('1994-09-30',26.67,24.06,29.67,1010.4,87.39,0.91),('1994-10-01',25.83,25.06,27.06,1011.8,92.88,4.17),('1994-10-02',26.61,24.06,29.56,1011.5,86.99,2.24),('1994-10-03',27,25.06,30.06,1012.5,84.66,0),('1994-10-04',26.72,25.06,30.56,1011.7,87.32,0.04),('1994-10-05',28.06,25.67,30.06,1011.3,82.58,0),('1994-10-06',27.33,26.17,29.67,1010.9,84.26,0.08),('1994-10-07',27.44,24.56,31.06,1009,82.38,0),('1994-10-08',27.83,23.67,31.56,1007.6,82.37,0),('1994-10-09',28.39,25.06,31.56,1008.6,80.08,0),('1994-10-10',27.89,25.17,31.56,1009.8,83.72,0),('1994-10-11',26.83,23.83,31.33,1010.8,84,1.34),('1994-10-12',27.33,23.56,31.06,1012.2,81.29,0),('1994-10-13',28.11,23.83,36.17,1013.1,77.14,0),('1994-10-14',27.33,24.06,30.56,1012.7,78.81,0),('1994-10-15',27.67,24.56,30.17,1012.2,79.39,0),('1994-10-16',27.56,25.67,30.56,1011.2,84.06,0.63),('1994-10-17',27.33,25.17,30.17,1012.6,82.81,0),('1994-10-18',28.39,26.06,31.67,1012.3,77.1,0),('1994-10-19',28.06,25.06,30.67,1011.4,80.9,0),('1994-10-20',27.56,24.33,30.67,1008.1,82.12,0.71),('1994-10-21',25.67,24.06,28.33,1003.7,87.16,0.31),('1994-10-22',24.83,23.06,26.56,1008.7,91.74,4.33),('1994-10-23',25.61,24.56,27.17,1010.7,85.35,0),('1994-10-24',26.72,23.83,29.83,1010.4,80.1,0),('1994-10-25',28,24.06,33.06,1009,81.63,0),('1994-10-26',28.06,26.67,31.06,1009,82.98,0),('1994-10-27',28,26.17,30.06,1008.9,80.95,0),('1994-10-28',28.61,27.17,31.83,1009.2,76.92,0),('1994-10-29',27.83,25.06,31.17,1010,79.7,0),('1994-10-30',26.89,25.06,28.67,1012.1,78.71,0),('1994-10-31',26.56,25.56,28.33,1014.8,80.77,0),('1994-11-01',26.78,25.67,28.56,1015.5,77.54,0),('1994-11-02',26.83,24.67,29.17,1014.8,77.67,0.04),('1994-11-03',27,24.17,29.17,1014.5,79.77,0),('1994-11-04',26.5,24.83,28.06,1014.6,81.76,0),('1994-11-05',26.28,24.17,28.33,1014.5,83.56,0.08),('1994-11-06',26.78,24.06,29.67,1014,80.36,0),('1994-11-07',27,24.06,29.67,1014.4,77.69,0),('1994-11-08',24.61,24.06,25.67,1015.8,93.23,0.51),('1994-11-09',26.5,23.67,28.56,1015.9,82.09,0.51),('1994-11-10',26.78,24.83,28.67,1015.2,83.26,0.08),('1994-11-11',26.56,25.06,28.06,1013.4,83.62,0),('1994-11-12',27.11,25.33,30.06,1013.2,82.37,0),('1994-11-13',27.11,24.67,30.56,1013.7,80,0),('1994-11-14',27.28,25.33,30.67,1013.8,82.97,0),('1994-11-15',27.72,25.67,30.56,1012.9,82.47,0.28),('1994-11-16',26.28,25.17,29.06,1013.2,87.12,0.28),('1994-11-17',25.83,25.06,27.06,1013.1,88.01,0.51),('1994-11-18',27.11,25.33,29.06,1013.2,81.8,0.08),('1994-11-19',26.78,25.17,28.56,1014.3,80.79,0),('1994-11-20',26.44,23.83,29.17,1014.5,81.06,0.04),('1994-11-21',26.39,24.17,28.56,1013.3,84.69,0.1),('1994-11-22',27.72,25.56,30.56,1013.6,84.22,0.08),('1994-11-23',27.61,26.06,30.06,1014.1,80.53,0),('1994-11-24',27,24.67,29.06,1013.8,80.82,0),('1994-11-25',27.17,25.06,30.83,1013.1,80.29,0),('1994-11-26',25.67,23.67,28.33,1012.4,88.11,0.32),('1994-11-27',27.56,24.83,29.56,1012.3,82.25,0),('1994-11-28',27.78,26.17,30.17,1013.5,81.16,0.04),('1994-11-29',27.61,26.06,30.06,1013.5,79.86,0),('1994-11-30',26.78,24.83,29.56,1014.2,82.99,0),('1994-12-01',26.72,24.56,29.06,1013.5,80.7,0.2),('1994-12-02',26.44,25.17,28.06,1012.5,81.94,0),('1994-12-03',26.78,24.56,29.06,1013.5,79.49,0),('1994-12-04',26.89,24.56,29.67,1014.2,78.85,0),('1994-12-05',26.72,26.06,28.56,1014.3,80.26,0.04),('1994-12-06',26.5,24.83,29.83,1012.9,85.94,0.24),('1994-12-07',25.78,25.06,26.33,1012.6,89.15,0.63),('1994-12-08',26.89,25.83,28.56,1012.5,82.92,0),('1994-12-09',26.83,26.06,29.06,1012.5,82.18,0),('1994-12-10',27.33,25.83,29.67,1012.2,80.01,0),('1994-12-11',26.22,22.56,29.17,1012.1,79.54,0),('1994-12-12',27.17,25.83,29.17,1013.4,78.02,0),('1994-12-13',26.61,24.67,29.06,1013.7,83.8,0),('1994-12-14',26.28,24.83,28.06,1013.8,85.51,0.08),('1994-12-15',27.06,25.67,29.17,1014.2,82.8,0),('1994-12-16',26.89,24.83,29.67,1015.9,82.12,0.04),('1994-12-17',26.56,24.83,28.83,1016.8,79.3,0),('1994-12-18',24.61,23.06,26.06,1017.8,88.23,0.57),('1994-12-19',25.11,24.06,26.56,1017.5,85.01,0.71),('1994-12-20',25.11,24.17,26.06,1018.6,87.87,0.12),('1994-12-21',24.78,24.06,25.17,1014.9,86.85,0.12),('1994-12-22',24.44,23.06,25.06,1011.1,95.96,1.93),('1994-12-23',26,24.67,28.06,1013.2,90.1,1.14),('1994-12-24',25.94,25.06,28.06,1016,88.66,0.06),('1994-12-25',25.5,23.67,27.83,1015.7,82.64,0.63),('1994-12-26',25.17,23.17,28.17,1015,78.63,0),('1994-12-27',26.06,22.67,28.56,1016.5,77.74,0),('1994-12-28',25.72,23.06,28.56,1016.6,82.62,0),('1994-12-29',26,23.67,28.06,1016.1,86.25,0.04),('1994-12-30',26.61,25.06,29.17,1015.7,83.75,0.04),('1994-12-31',26.5,24.83,29.06,1015.7,86.98,0.47),('1995-01-01',25.22,24.06,26.56,1016.5,85.95,0.67),('1995-01-02',25.11,24.17,26.67,1016.7,84.96,0.24),('1995-01-03',25.61,24.17,28.17,1015,87.58,0.04),('1995-01-04',26.39,25.06,28.33,1014.9,84.85,0),('1995-01-05',26.61,24.67,28.83,1016,83.69,0),('1995-01-06',26.06,25.06,28.56,1017.5,85.06,0.04),('1995-01-07',25.44,24.83,26.06,1017.4,89.09,0.1),('1995-01-08',25.11,24.33,26.83,1016.5,91.2,0.1),('1995-01-09',26.17,24.06,29.83,1014.6,87.78,0.04),('1995-01-10',26.33,24.83,28.17,1014.1,81.98,0.31),('1995-01-11',25.89,23.67,28.56,1013.9,78.76,0),('1995-01-12',25.67,23.17,28.56,1014,80.98,0),('1995-01-13',26,24.33,28.06,1014.3,78.7,0),('1995-01-14',25.33,24.06,26.83,1015.5,84.29,0),('1995-01-15',25.5,23.56,28.17,1016.9,85.22,0.12),('1995-01-16',26.22,24.67,28.56,1018.4,78.7,0),('1995-01-17',25.44,24.06,27.17,1019.2,77.29,0),('1995-01-18',26.06,24.67,28.33,1017.8,77.22,0),('1995-01-19',25,23.67,28.06,1016.7,81.64,0.04),('1995-01-20',25.39,23.06,28.06,1015.8,77.43,0),('1995-01-21',26.5,25.06,29.06,1015.2,77.38,0),('1995-01-22',26,24.06,28.17,1014.7,82.96,0.01),('1995-01-23',26.06,24.83,28.06,1015.7,86.47,0.15),('1995-01-24',26.72,25.17,29.06,1016.6,79.76,0),('1995-01-25',25.28,24.33,26.56,1017.2,87.32,0.02),('1995-01-26',26.39,24.67,28.56,1017.9,80.98,0),('1995-01-27',26.39,23.67,29.56,1016.4,82.8,0),('1995-01-28',26.61,24.56,30.06,1016.6,81.73,0),('1995-01-29',24.83,23.56,25.67,1017.1,87.32,0.16),('1995-01-30',25.22,23.56,28.56,1017.7,85.15,0.04),('1995-01-31',25.39,24.06,28.06,1018.1,83.89,0),('1995-02-01',24.39,23.67,25.67,1018.4,84.92,0.12),('1995-02-02',25.11,23.06,27.56,1017.3,85.34,0.2),('1995-02-03',25.33,23.83,27.56,1016.1,84.71,0),('1995-02-04',25.44,23.83,27.83,1015.3,87,0),('1995-02-05',25.61,23.33,29.06,1016.7,81.49,0),('1995-02-06',24.61,22.56,27.17,1017.8,82.45,0.01),('1995-02-07',24.61,23.06,26.83,1017.4,81.75,0.74),('1995-02-08',25.33,23.83,27.33,1015.6,79.09,0),('1995-02-09',25.28,22.56,28.06,1015.6,78.8,0.12),('1995-02-10',25.5,23.33,27.83,1016.2,79.83,0),('1995-02-11',25.89,24.06,29.17,1016.1,81.12,0.04),('1995-02-12',26.56,24.67,28.56,1014.6,77.92,0),('1995-02-13',26.44,24.67,28.67,1013.5,80.85,0),('1995-02-14',26.44,23.17,29.17,1012.7,81.6,0),('1995-02-15',26.5,23.67,29.33,1012,83.6,0),('1995-02-16',27.06,24.56,29.56,1013.9,81.68,0),('1995-02-17',26.11,24.33,28.06,1014,82.95,0.02),('1995-02-18',26.89,25.33,29.06,1013.9,79.96,0),('1995-02-19',26.06,23.06,29.33,1014.4,81.49,0.28),('1995-02-20',26.22,24.67,29.06,1014.7,79.15,0),('1995-02-21',27.5,24.06,36.06,1013.8,70.88,0),('1995-02-22',26.39,23.67,28.67,1014.2,78.02,0),('1995-02-23',27.44,24.56,30.06,1014.9,73.63,0),('1995-02-24',26.56,24.06,29.06,1015.2,75.88,0),('1995-02-25',26.78,24.06,29.56,1014.5,74.41,0),('1995-02-26',26.06,23.33,29.17,1013.7,77.27,0),('1995-02-27',25.78,22.56,29.06,1013.7,77.29,0),('1995-02-28',26,22.17,29.67,1013.4,77.04,0),('1995-03-01',26.72,24.06,29.33,1013.2,79.33,0),('1995-03-02',26.78,25.06,29.67,1012.3,79.11,0),('1995-03-03',26.78,24.06,30.56,1011.4,80.77,0),('1995-03-04',27.61,24.83,30.56,1012.1,76.58,0),('1995-03-05',25.78,24.17,28.17,1014,79.53,0),('1995-03-06',25.22,23.83,26.33,1015.2,80.03,0.04),('1995-03-07',26.94,23.67,29.83,1014.9,76.44,0),('1995-03-08',27.17,25.06,29.17,1014.4,75.17,0),('1995-03-09',26.56,23.33,29.83,1014.5,78.07,0),('1995-03-10',26.61,23.06,30.06,1014.6,76.57,0),('1995-03-11',26.39,22.56,30.06,1014.3,76.5,0),('1995-03-12',26.78,23.06,30.33,1014.2,79.62,0),('1995-03-13',26.89,24.67,30.17,1015.4,76.72,0),('1995-03-14',27.5,25.06,30.56,1016,73.93,0),('1995-03-15',27.39,25.67,29.67,1016.8,78.72,0),('1995-03-16',28.06,25.33,31.06,1015.9,74.41,0),('1995-03-17',27.83,25.67,31.06,1016.6,74.27,0),('1995-03-18',27.72,25.56,30.56,1017.5,73.62,0),('1995-03-19',26.56,25.56,28.06,1017.6,77.35,0),('1995-03-20',27.22,24.06,29.56,1016.6,73.15,0),('1995-03-21',26.78,25.67,29.17,1015.6,79.08,0),('1995-03-22',27.83,26.06,29.83,1014.8,74.7,0),('1995-03-23',27.5,24.67,30.17,1014.6,77.7,0.28),('1995-03-24',27.44,25.83,29.56,1013.7,77.7,0),('1995-03-25',27.61,24.17,31.33,1015,76.48,0),('1995-03-26',27.72,24.56,30.56,1014.4,74.01,0),('1995-03-27',27.5,24.06,30.33,1013.9,73.4,0),('1995-03-28',28.17,26.06,30.06,1013.9,75.26,0),('1995-03-29',28.11,25.67,30.67,1012.7,74.15,0),('1995-03-30',27.39,24.56,30.56,1012.5,81.05,0.35),('1995-03-31',28.28,26.06,31.06,1013.1,71.25,0),('1995-04-01',27.28,23.06,30.33,1012.8,73.77,0),('1995-04-02',28.11,25.67,30.67,1013.9,75.9,0),('1995-04-03',28.56,26.33,32.06,1014.7,74.77,0),('1995-04-04',28.33,25.06,31.56,1015.6,71.52,0),('1995-04-05',29,26.56,32.06,1016.1,68.89,0),('1995-04-06',28.89,26.33,32.06,1014.9,74.15,0),('1995-04-07',28.89,26.56,32.06,1013.1,74.15,0),('1995-04-08',28.61,26.06,31.67,1014.5,74.02,0),('1995-04-09',27.89,25.83,30.83,1015.9,76.65,0),('1995-04-10',28.56,26.83,30.67,1016.1,73,0),('1995-04-11',28.44,26.56,32.06,1015.9,73.59,0),('1995-04-12',28.44,25.67,31.06,1014.8,70.63,0),('1995-04-13',29.06,27.06,31.33,1014.5,73.39,0),('1995-04-14',29.06,26.17,33.56,1014.7,73.71,0.51),('1995-04-15',28.89,25.67,32.67,1014.6,68.27,0),('1995-04-16',27,22.67,30.56,1014.6,76.8,0),('1995-04-17',28.78,26.67,32.17,1014.3,72.53,0),('1995-04-18',28.94,27.06,31.33,1014.9,74.13,0),('1995-04-19',29.22,26.67,32.06,1014.6,70.91,0),('1995-04-20',29.33,26.56,33.17,1014,70.5,0),('1995-04-21',28.89,26.83,31.33,1014.1,69.44,0),('1995-04-22',28.78,27.33,31.06,1013.7,76.46,0),('1995-04-23',29.22,26.33,32.06,1013.7,69.33,0),('1995-04-24',28.33,25.67,31.83,1014.1,80.85,0),('1995-04-25',29.33,27.67,31.06,1014.7,73.01,3.54),('1995-04-26',29.5,27.06,32.06,1014.1,72.2,0),('1995-04-27',29.33,27.67,32.06,1015.1,72.3,0.04),('1995-04-28',28.83,27.06,32.06,1014.2,75.98,0),('1995-04-29',29.61,27.33,33.17,1013.7,70.9,0),('1995-04-30',28.83,27.56,31.06,1012.5,72.97,0),('1995-05-01',30.17,27.56,32.17,1012.7,66.87,0),('1995-05-02',29.83,27.83,32.06,1013.4,70.64,0),('1995-05-03',29.22,25.56,31.83,1012.7,71.4,0.12),('1995-05-04',28.33,25.33,31.17,1011.9,79.43,0.12),('1995-05-05',28.72,24.67,32.06,1010.8,72.75,0),('1995-05-06',28.89,25.56,32.06,1011.5,77.29,0.4),('1995-05-07',28.61,26.56,31.06,1011.9,73.5,0),('1995-05-08',29,24.83,31.83,1011.4,68.25,0),('1995-05-09',29.67,25.83,31.67,1010.6,73.6,0),('1995-05-10',29.67,27.06,32.67,1010.3,77.94,0),('1995-05-11',28.61,26.33,30.06,1011.5,81.17,0.28),('1995-05-12',28.33,25.67,30.67,1012,78.97,0.16),('1995-05-13',26.39,24.83,28.06,1011.7,89.52,1.69),('1995-05-14',27.56,24.06,31.56,1010.9,83.81,0),('1995-05-15',28.44,25.06,31.17,1010.4,80.31,0),('1995-05-16',28.5,26.33,29.83,1011.3,82.5,0),('1995-05-17',29.06,26.06,31.67,1012.4,79.69,0),('1995-05-18',29.61,26.06,32.83,1012.6,79.31,0),('1995-05-19',29.5,26.06,33.33,1012.4,80.04,0),('1995-05-20',29.44,26.17,33.56,1011.2,79.62,0),('1995-05-21',29.56,25.83,33.67,1008.9,77.33,0),('1995-05-22',29.67,26.06,34.06,1007.9,77.91,0),('1995-05-23',29.83,25.67,34.56,1008.9,77.42,0),('1995-05-24',29.56,27.06,33.33,1009.4,81.63,0),('1995-05-25',28.94,25.17,32.06,1008.8,78.75,0),('1995-05-26',28.89,26.06,32.33,1009.3,78.33,0),('1995-05-27',29.78,26.56,33.33,1009.6,76.59,0.08),('1995-05-28',27.61,25.67,30.33,1008.6,82.99,0.08),('1995-05-29',26.89,24.83,30.06,1008.1,84.25,0.87),('1995-05-30',27.67,24.06,31.17,1007.5,80.24,0.16),('1995-05-31',28.61,24.67,31.56,1008,81.43,2.13),('1995-06-01',28.61,25.83,31.33,1008,81,0),('1995-06-02',26.06,25.17,27.56,1005.9,92.13,0.87),('1995-06-03',25.72,25.06,26.67,1005.7,94.72,2.48),('1995-06-04',26.17,24.17,29.56,1007.6,90.14,0.83),('1995-06-05',26.39,24.06,28.67,1007.7,86.29,0),('1995-06-06',27.72,24.06,30.67,1007.4,80.35,0.16),('1995-06-07',28,25.17,30.56,1007.4,83.65,0.59),('1995-06-08',28.5,25.33,31.56,1007.5,82.94,0.08),('1995-06-09',29.11,25.67,31.67,1007.6,82.36,0),('1995-06-10',29.11,26.06,32.06,1008,81.25,0),('1995-06-11',29.44,25.83,33.56,1007.8,78.16,0),('1995-06-12',29.67,27.06,33.06,1008.1,82.76,0),('1995-06-13',29.78,27.06,33.67,1008.2,81.32,0),('1995-06-14',29.94,28.06,31.83,1008.2,78.73,0),('1995-06-15',27.67,25.33,30.56,1008.4,85.72,0.35),('1995-06-16',29.11,25.83,31.83,1007.5,81.59,0),('1995-06-17',29.06,26.06,33.17,1008,81.36,0),('1995-06-18',29.67,26.83,33.33,1009.9,81.17,0),('1995-06-19',30.11,26.67,32.56,1010.7,75.81,0),('1995-06-20',31.06,28.33,33.17,1011.3,74.59,0.12),('1995-06-21',29.11,26.56,32.17,1010.2,79.71,0),('1995-06-22',30.78,28.56,32.06,1009.3,74.9,0),('1995-06-23',29.61,26.06,32.33,1009.4,78.67,0),('1995-06-24',30.56,27.83,32.56,1009.4,75.66,0),('1995-06-25',29.83,26.56,33.56,1008.3,77.23,0.12),('1995-06-26',27.78,24.83,31.33,1008.8,86.69,1.1),('1995-06-27',29.78,25.06,32.33,1006.3,78.07,0),('1995-06-28',28.61,25.17,32.33,1005.7,80.23,0.04),('1995-06-29',27.56,25.56,31.33,1006.7,88.69,1.85),('1995-06-30',27.06,25.56,29.06,1007.2,89.22,0.02),('1995-07-01',27.39,25.56,31.56,1007.5,87.58,0),('1995-07-02',28.61,26.56,31.83,1008.1,82.37,0),('1995-07-03',28.5,25.17,31.67,1008.4,80.71,0.28),('1995-07-04',27.72,26.06,30.67,1008,84.21,0.31),('1995-07-05',27.72,25.56,30.56,1006.9,83.31,0.04),('1995-07-06',26.78,23.67,31.06,1005.5,87.57,0.83),('1995-07-07',26.94,23.56,29.33,1006,84.38,0.83),('1995-07-08',27.44,25.06,31.67,1007.9,84.11,0.04),('1995-07-09',26.94,25.06,31.56,1008.2,86.19,0.02),('1995-07-10',26.5,24.56,30.06,1008.5,87.31,0.37),('1995-07-11',26.83,24.83,30.83,1008.6,84.61,0),('1995-07-12',27.78,25.06,31.67,1009.3,83.06,0),('1995-07-13',29.33,26.56,30.67,1008,78.47,0),('1995-07-14',28,25.17,31.06,1007.6,84.3,0.39),('1995-07-15',27.06,25.06,29.56,1007.2,84.33,0.24),('1995-07-16',25.94,24.06,29.83,1007.7,90.55,0.94),('1995-07-17',27.39,23.56,30.56,1008.8,83.69,0),('1995-07-18',28.72,24.83,31.67,1007.9,76.46,0),('1995-07-19',28.56,25.67,32.17,1007.8,79.93,0),('1995-07-20',29.06,25.56,32.83,1007.9,78.52,0),('1995-07-21',29.11,26.06,32.67,1007,81.55,0),('1995-07-22',27.33,25.06,31.06,1007.5,83,0.02),('1995-07-23',26.22,24.56,30.06,1008,87.5,0.04),('1995-07-24',27.28,24.06,32.06,1008.5,85.02,0),('1995-07-25',29.28,25.33,32.17,1007.5,80.5,0),('1995-07-26',28.56,25.06,32.83,1006.9,83.36,1.81),('1995-07-27',28.5,26.06,31.06,1004.5,82.02,0.14),('1995-07-28',26.44,24.56,28.56,1003.5,89.52,0.71),('1995-07-29',25.78,24.06,29.56,1004.9,90.74,1.69),('1995-07-30',26.67,24.06,30.17,1006.1,88.55,0.28),('1995-07-31',27,25.06,30.56,1010.9,86.77,0),('1995-08-01',27.22,24.33,30.56,1010.6,85.21,0.91),('1995-08-02',26.5,23.67,29.17,1008.5,88.17,0.98),('1995-08-03',27,25.06,29.06,1007.5,84.53,1.24),('1995-08-04',27.78,25.06,30.67,1008.7,81.62,0.1),('1995-08-05',27,23.67,29.56,1009.7,87.21,0.63),('1995-08-06',29,26.06,31.06,1007.9,79.26,0),('1995-08-07',28.44,27.17,29.56,1007.7,84.18,0.47),('1995-08-08',26.94,25.06,30.56,1008.4,89.95,0.51),('1995-08-09',26.78,25.17,31.06,1009.3,88.78,0.04),('1995-08-10',27.72,24.83,30.67,1011.1,83.2,0),('1995-08-11',28.67,25.33,31.17,1011,81.08,0),('1995-08-12',28.72,24.83,32.17,1010,83.03,0),('1995-08-13',27.61,24.56,32.17,1008.7,85.94,0.04),('1995-08-14',26.5,23.67,28.33,1009.2,88.65,0.91),('1995-08-15',26.5,25.06,27.83,1008.9,91.95,0.75),('1995-08-16',28,25.56,31.06,1008.9,85.68,0.41),('1995-08-17',28.11,25.17,31.06,1008.6,84.75,0),('1995-08-18',28.39,25.17,32.06,1007.5,85.06,0),('1995-08-19',27.61,26.06,33.06,1007.6,86.82,0),('1995-08-20',26.89,25.06,31.56,1007.5,88.09,0.04),('1995-08-21',27.78,25.06,30.17,1007.8,85.64,0.08),('1995-08-22',28,25.17,30.56,1006.7,84.65,0),('1995-08-23',28.89,26.67,31.56,1006.4,82.68,0.35),('1995-08-24',27.72,26.17,30.33,1007.3,86.14,0.04),('1995-08-25',27.5,25.33,31.17,1006.9,86.7,0),('1995-08-26',27.89,25.67,31.06,1006,86.1,0),('1995-08-27',27.11,24.33,30.06,1006.6,87.78,1.69),('1995-08-28',27.61,25.67,30.33,1006.6,87.63,0),('1995-08-29',26.22,24.67,29.06,1006.4,94.32,0.43),('1995-08-30',25,24.56,25.83,1006.8,96.48,1.38),('1995-08-31',26.5,24.67,30.06,1008.2,89.24,0.04),('1995-09-01',26.72,25.06,30.33,1009.3,89.41,0.59),('1995-09-02',27.33,25.06,29.56,1008.4,89.76,0.18),('1995-09-03',26.83,24.56,31.56,1006.7,90.82,1.14),('1995-09-04',25.61,24.06,27.33,1006.1,94.82,0.83),('1995-09-05',27,24.67,35.06,1007.2,87.81,0.67),('1995-09-06',28.39,25.33,31.33,1008.6,82.15,0),('1995-09-07',28.33,24.67,33.06,1011.2,81.92,0),('1995-09-08',27.94,25.06,31.17,1010.6,86.06,0),('1995-09-09',27.67,24.17,30.06,1009.2,84.88,1.34),('1995-09-10',27.61,25.06,30.67,1009.4,87.24,0.2),('1995-09-11',27.5,25.06,31.33,1009.7,89.41,0.28),('1995-09-12',26.67,24.83,27.83,1009.1,91.44,2.32),('1995-09-13',26.06,25.06,27.17,1007.1,93.06,0.24),('1995-09-14',26.39,23.83,29.67,1004,90.84,0.35),('1995-09-15',25.61,25.06,27.06,1003.2,94.56,1.1),('1995-09-16',25.89,25.06,26.67,1005,91.99,0.75),('1995-09-17',27.28,25.06,30.33,1007,88.12,0.16),('1995-09-18',27.28,26.06,29.67,1007.2,86.23,0.39),('1995-09-19',26.83,25.67,29.06,1008.6,92.92,0.06),('1995-09-20',27.28,25.33,29.33,1010.1,87,0.71),('1995-09-21',28.67,26.06,31.56,1009.4,84.05,0),('1995-09-22',28.94,26.83,31.67,1008.2,83.84,0),('1995-09-23',28.61,27.06,31.56,1009.1,83.14,0),('1995-09-24',28.39,25.06,31.06,1010.5,82.74,0),('1995-09-25',27,24.83,30.67,1011.4,87.47,0.24),('1995-09-26',26,24.56,27.33,1010.7,92.46,2.6),('1995-09-27',27.5,25.83,29.17,1011,88.06,1.42),('1995-09-28',26.94,23.06,30.33,1009.9,84.44,0.59),('1995-09-29',27.17,26.17,29.33,1006.8,87.33,0.35),('1995-09-30',25.61,25.06,26.67,999.8,96.16,3.46),('1995-10-01',24.83,24.33,25.17,1006.2,92.55,6.46),('1995-10-02',27.33,24.06,30.33,1009.5,88.28,0),('1995-10-03',27.17,24.67,29.56,1009.4,87.84,0.04),('1995-10-04',26.72,25.06,28.67,1009.8,88.06,0.31),('1995-10-05',27.56,25.56,30.06,1009.2,84.35,0),('1995-10-06',27.83,25.06,29.83,1008.1,84.41,1.69),('1995-10-07',27.17,26.06,29.67,1008.4,87.23,0.09),('1995-10-08',25.11,24.56,26.17,1009.2,92.63,0.32),('1995-10-09',26.11,24.06,28.67,1009.8,90.05,0),('1995-10-10',26.67,24.83,28.17,1010.3,89.69,0),('1995-10-11',27.61,24.06,30.17,1012,83.64,3.54),('1995-10-12',28.72,26.06,31.06,1011.9,81.05,0),('1995-10-13',28.39,24.83,31.67,1010.2,79.99,0),('1995-10-14',27.56,26.17,29.56,1009.1,84.94,0.2),('1995-10-15',28.44,24.83,30.67,1008.8,81.95,0.04),('1995-10-16',26.33,25.17,27.17,1009.5,87.52,0.16),('1995-10-17',27.83,25.56,31.17,1009.4,82.95,0),('1995-10-18',27.89,26.06,31.67,1008.4,84.11,0),('1995-10-19',28.78,26.06,33.17,1006.3,81.08,0),('1995-10-20',28.5,26.06,31.56,1006,80.77,0),('1995-10-21',29.28,26.56,31.67,1007.2,79.81,0),('1995-10-22',29.11,27.06,31.33,1009.2,79.63,0.12),('1995-10-23',27.33,25.06,30.67,1008.3,88.46,0.47),('1995-10-24',25.72,24.67,27.56,1006.6,93.82,5.71),('1995-10-25',26.44,25.06,28.06,1009,91.23,0.31),('1995-10-26',27.67,25.06,30.17,1009.7,87.17,0.12),('1995-10-27',27.5,26.06,30.06,1009.6,88.35,0),('1995-10-28',26.94,25.67,29.17,1006.4,89.82,0.71),('1995-10-29',26,24.06,27.06,1005,93.31,3.19),('1995-10-30',27.67,26.83,28.56,1007.3,87.44,0.35),('1995-10-31',27.17,24.83,31.06,1007.8,89.85,0),('1995-11-01',27.78,26.06,30.33,1007.3,86.37,0),('1995-11-02',28,26.06,30.06,1003.5,89.98,0),('1995-11-03',25.17,24.06,27.06,995.5,94.99,1.73),('1995-11-04',28.33,24.56,31.56,1005.7,82.76,1.54),('1995-11-05',27.94,24.56,30.56,1009.1,86.21,0),('1995-11-06',27.78,23.56,29.67,1009.3,84.83,6.18),('1995-11-07',27.11,25.67,29.17,1009,90.68,0.47),('1995-11-08',27.06,25.06,29.17,1009.5,91.07,3.7),('1995-11-09',28.06,25.33,31.06,1010.6,85.16,0.16),('1995-11-10',27.89,26.06,30.56,1010.4,87.21,0),('1995-11-11',27.78,24.17,30.06,1009.2,83.36,0),('1995-11-12',27.72,26.06,30.17,1010.3,85.2,0),('1995-11-13',27,25.06,29.83,1011.5,90.49,2.48),('1995-11-14',27.78,25.06,30.06,1010.2,86.83,0.39),('1995-11-15',28.33,26.06,30.33,1008.6,83.87,0),('1995-11-16',30.06,26.83,38.06,1008.9,78.86,0),('1995-11-17',27.39,26.33,30.06,1009.7,89.28,0.12),('1995-11-18',28.17,25.83,29.83,1009.2,85.78,0),('1995-11-19',27.94,26.06,30.06,1009.9,84.58,0.1),('1995-11-20',28.06,25.56,30.67,1010,83.67,0.04),('1995-11-21',27.78,26.06,30.17,1010.8,87.09,0),('1995-11-22',28,25.83,31.06,1010.7,86.35,0),('1995-11-23',27.33,25.83,30.06,1010.4,89.23,0.04),('1995-11-24',25.94,25.06,28.06,1010,94,0.75),('1995-11-25',25.33,24.56,26.06,1009.8,93.7,1.3),('1995-11-26',25.83,24.56,26.67,1010.3,89.13,0.12),('1995-11-27',24.67,24.06,25.17,1009.6,95.14,4.61),('1995-11-28',27.33,25.56,29.56,1010.5,82.62,0),('1995-11-29',26.39,24.56,29.06,1010.3,88.62,0.32),('1995-11-30',26.72,25.56,28.67,1009.3,86.8,0.04),('1995-12-01',27,25.56,29.56,1008.1,83.65,0),('1995-12-02',24.83,24.06,26.17,1008.2,93.85,0.28),('1995-12-03',25.89,24.06,29.67,1007.2,88.93,0.28),('1995-12-04',25.39,24.17,27.06,1006.7,88.71,0.12),('1995-12-05',24.28,23.56,24.83,1006.5,94.24,2.32),('1995-12-06',25.72,24.06,28.06,1007.4,87.75,0.47),('1995-12-07',25.39,24.56,27.06,1008.1,87.99,0.08),('1995-12-08',25.17,24.56,26.56,1009.6,87.69,0.12),('1995-12-09',24.72,24.06,25.67,1010.5,90.91,0.12),('1995-12-10',24.72,23.56,27.06,1010.3,90.83,0.24),('1995-12-11',25.5,23.67,28.33,1009.9,92.32,0.77),('1995-12-12',26.22,23.83,28.17,1009.7,88.02,0),('1995-12-13',26.56,24.67,29.06,1009.6,87.56,0.2),('1995-12-14',27.17,25.67,29.67,1010,85.42,0.12),('1995-12-15',26.5,25.06,29.06,1011.6,89.61,0.55),('1995-12-16',27.11,25.17,29.67,1011.2,86.57,0),('1995-12-17',26.17,25.06,28.33,1010.7,88.14,0),('1995-12-18',27,25.06,29.17,1010.6,85.53,0.04),('1995-12-19',25.89,24.83,27.06,1010.8,88.67,0.24),('1995-12-20',25.61,24.83,27.56,1012.7,88.02,0),('1995-12-21',24.33,23.56,25.06,1012.1,93.21,0.55),('1995-12-22',26.22,24.67,27.17,1011,86,1.65),('1995-12-23',26.11,24.83,28.83,1009,91.33,0),('1995-12-24',26.28,24.33,28.56,1009.3,91,0),('1995-12-25',25.67,23.56,28.33,1011.7,90.78,4.93),('1995-12-26',24.83,24.06,25.17,1013.1,90.23,2.01),('1995-12-27',23.89,23.06,25.06,1014.8,90.04,0.31),('1995-12-28',24.56,23.06,27.06,1013.6,85.06,0),('1995-12-29',24.28,22.06,27.56,1011.1,84.13,0),('1995-12-30',24.28,22.06,27.06,1011.3,81.97,0),('1995-12-31',23.72,21.56,25.06,1013,84.47,0.06),('1996-01-01',24.39,23.06,26.56,1013.7,82.69,0.02),('1996-01-02',24.39,23.17,25.67,1014.5,82.96,0),('1996-01-03',24.78,23.17,27.83,1014.7,81.73,0),('1996-01-04',24.28,23.06,26.06,1014,82.97,0),('1996-01-05',24,22.56,26.06,1013.1,84.27,0),('1996-01-06',24.94,22.33,26.06,1013.7,80.53,0.04),('1996-01-07',24.72,23.33,25.56,1014,78.84,0),('1996-01-08',25,24.06,25.67,1012.6,85.26,0.06),('1996-01-09',24.78,23.33,26.06,1013,77.6,0.41),('1996-01-10',24.11,22.56,26.06,1012.3,84.7,0.04),('1996-01-11',24.56,23.33,26.56,1012,84.98,0),('1996-01-12',24.72,22.56,27.33,1012.1,83.54,0.12),('1996-01-13',24.67,23.06,27.56,1011.4,82.71,0),('1996-01-14',25.61,24.56,27.06,1010.2,84.52,0),('1996-01-15',25.94,24.67,27.56,1009.5,88.15,0),('1996-01-16',26.61,25.06,29.17,1008.6,87.27,0.12),('1996-01-17',26.5,24.56,28.33,1010.1,83.72,0.02),('1996-01-18',25.94,24.56,27.83,1012.2,86.08,0),('1996-01-19',25.89,24.33,28.06,1010,85.28,0),('1996-01-20',25.78,24.56,28.33,1009.7,87.98,0.31),('1996-01-21',26.28,24.67,28.33,1010.6,85.55,0),('1996-01-22',26.44,25.06,29.56,1010.7,87.16,0.28),('1996-01-23',26.39,24.56,28.56,1010.1,84.37,0),('1996-01-24',25.44,24.56,27.06,1009.9,89.26,0.04),('1996-01-25',25.94,24.56,28.06,1008.6,88.25,0.47),('1996-01-26',26.61,24.67,28.67,1008.6,86.12,0),('1996-01-27',26.28,24.83,28.06,1009.7,87.7,0.04),('1996-01-28',25.5,24.33,28.17,1010.5,91.52,0.24),('1996-01-29',26,24.83,27.83,1010.2,89.78,0.02),('1996-01-30',26.28,25.17,28.17,1010.2,87.14,0),('1996-01-31',27,25.17,29.06,1010.1,82.07,0),('1996-02-01',26,23.06,29.06,1010.1,85.84,0),('1996-02-02',25.89,24.06,27.56,1010.9,86.2,0),('1996-02-03',24.61,23.56,26.56,1011.9,86.02,0.04),('1996-02-04',24.28,24.06,24.67,1012,75.48,0),('1996-02-05',24.28,21.56,26.06,1011.5,84.66,0.51),('1996-02-06',25.11,24.06,26.67,1012.8,81.45,0),('1996-02-07',24.33,23.67,25.56,1013.1,87.55,0),('1996-02-08',24.39,23.33,25.83,1011.6,88.62,0.06),('1996-02-09',25.06,23.33,26.56,1010.7,88.69,0.04),('1996-02-10',24.11,23.06,25.33,1013.5,83.98,0),('1996-02-11',23.56,22.83,24.06,1013.1,81.26,0),('1996-02-12',24.83,22.06,27.56,1011,82.7,0.01),('1996-02-13',25.39,24.06,27.56,1008.8,88.92,0),('1996-02-14',26.33,25.06,28.56,1008,83.08,0),('1996-02-15',26.5,25.06,29.06,1007.5,85.15,0),('1996-02-16',26.33,25.06,28.33,1007.6,85.77,0),('1996-02-17',27.11,25.67,30.06,1008.7,82.83,0),('1996-02-18',25.83,25.67,26.06,1011.3,89.3,0),('1996-02-19',26.94,24.83,29.56,1012.8,79.98,0),('1996-02-20',25.94,25.17,28.17,1012.1,80.43,0.04),('1996-02-21',25.06,24.06,27.17,1011.7,80.65,0.12),('1996-02-22',24.33,23.56,25.33,1013.7,84.78,0),('1996-02-23',24.28,23.06,25.67,1016,83.43,0.08),('1996-02-24',26.17,24.56,29.06,1014.8,75.75,0),('1996-02-25',24.33,23.06,26.06,1014.4,82.72,0),('1996-02-26',25.61,24.06,29.17,1013.2,81.37,0),('1996-02-27',25.72,24.67,28.06,1013.2,83.6,0),('1996-02-28',26,24.33,30.17,1013.8,80.81,0),('1996-02-29',24.06,24.06,24.06,1013.2,90.24,0.12),('1996-03-01',23.11,21.33,25.06,1011.5,90.2,0.51),('1996-03-02',24.89,24.06,26.67,1010,83.34,0.28),('1996-03-03',24.78,24.06,25.56,1010.2,82.68,0),('1996-03-04',25.33,24.56,26.17,1011.9,89.56,0),('1996-03-05',24.17,23.56,24.56,1012.7,85.45,0.04),('1996-03-06',24.83,23.06,26.67,1012.7,83.74,0.16),('1996-03-07',26.61,24.56,28.67,1012.9,81.57,0.04),('1996-03-08',24.39,24.06,25.06,1013,91.74,0),('1996-03-09',27.39,25.67,29.17,1011.5,69.06,0),('1996-03-10',25.33,24.33,26.67,1011.8,86.16,0),('1996-03-11',26.61,24.67,30.06,1012.3,84.19,0),('1996-03-12',27,24.83,29.17,1013.9,81.52,0),('1996-03-13',26.83,25.06,28.56,1013.3,82.74,0),('1996-03-14',27.11,25.33,29.83,1012.3,83.08,0),('1996-03-15',27.17,24.83,29.67,1010.9,86.28,0.16),('1996-03-16',27.17,25.06,30.06,1010,84.68,0.91),('1996-03-17',26.83,24.83,29.06,1009.6,87.97,0.04),('1996-03-18',28,26.17,30.17,1009.2,82.28,0),('1996-03-19',28.11,26.06,32.17,1008.1,81.9,0.24),('1996-03-20',27.72,25.33,30.17,1008.7,80.44,0.04),('1996-03-21',27.39,25.33,30.33,1010.4,83.79,0),('1996-03-22',28.44,26.67,31.06,1010.9,80.72,0),('1996-03-23',28,26.06,30.56,1011.7,79.64,0),('1996-03-24',27.78,25.56,30.56,1011,77.25,0.04),('1996-03-25',27.56,25.33,30.06,1011,75.44,0),('1996-03-26',27.33,25.06,30.06,1010.4,77.33,0.08),('1996-03-27',25.94,24.67,27.06,1010.6,86.43,0.67),('1996-03-28',27.06,24.83,29.83,1009.7,82.19,0.06),('1996-03-29',28,26.06,29.83,1009.2,78.67,0),('1996-03-30',27.22,24.83,29.83,1008.7,86.88,1.38),('1996-03-31',28.44,24.33,38.67,1009.4,81.51,0.55),('1996-04-01',28.67,25.83,30.83,1008.3,83.38,0),('1996-04-02',28,26.06,30.17,1008.7,85.23,0),('1996-04-03',27.28,25.56,30.06,1010.3,83.07,0),('1996-04-04',26.44,24.06,29.83,1011.8,86.36,0.24),('1996-04-05',27.17,26.06,29.06,1011.9,81.91,0.08),('1996-04-06',27.11,25.33,29.56,1012.2,84.3,0),('1996-04-07',26.89,26.06,28.17,1010.8,86.59,0.08),('1996-04-08',26.61,25.17,28.17,1007.6,88.44,0.04),('1996-04-09',27,25.17,30.83,1005,89.67,0.31),('1996-04-10',26.67,25.06,29.06,1005.8,90.04,0.44),('1996-04-11',25.89,25.06,28.06,1008.1,94.52,1.22),('1996-04-12',26.39,24.83,28.33,1012.1,87.97,0.55),('1996-04-13',26.56,24.83,28.17,1013.1,90.05,0),('1996-04-14',26.44,24.67,28.33,1013.6,90.64,0),('1996-04-15',27,25.83,29.17,1011.5,88.2,0),('1996-04-16',27.22,24.17,29.33,1009,87.73,0),('1996-04-17',28.11,24.83,30.83,1010,84.45,0),('1996-04-18',28.22,25.33,31.17,1011.1,81.92,0.08),('1996-04-19',27.94,25.06,31.06,1009.4,82.28,0.67),('1996-04-20',28.06,25.17,31.17,1009.1,85.69,0),('1996-04-21',28.39,25.56,31.33,1009.8,83.01,0),('1996-04-22',27.11,25.56,29.67,1009.7,87.78,0.67),('1996-04-23',27.83,25.06,30.17,1008.9,82.09,0),('1996-04-24',27.89,25.56,30.06,1008.8,85.37,0.12),('1996-04-25',27.78,25.06,30.83,1008.6,86.52,0.16),('1996-04-26',28.06,26.33,30.67,1008.9,81.91,0),('1996-04-27',27.83,26.06,30.17,1009.5,80.59,0),('1996-04-28',28,25.56,31.06,1008.2,82.48,0),('1996-04-29',27.5,25.06,30.33,1006.8,88.05,0.79),('1996-04-30',28.78,26.83,31.06,1006.2,84.85,0),('1996-05-01',29.17,26.83,31.83,1006.9,83.44,0),('1996-05-02',29.33,27.06,32.06,1008.1,83.26,0),('1996-05-03',29.28,27.06,31.67,1008.6,78.51,0),('1996-05-04',28.39,26.06,31.17,1007.4,83.32,0),('1996-05-05',28.17,25.06,32.17,1006.7,82.19,0),('1996-05-06',28.83,25.83,32.06,1007.7,82.74,0),('1996-05-07',29.17,26.06,33.67,1008.9,82.08,0),('1996-05-08',29.5,25.56,34.33,1007.9,81.14,0),('1996-05-09',29.56,25.06,35.33,1007.9,82.45,0),('1996-05-10',29.11,25.67,32.83,1009.9,80.63,0),('1996-05-11',29.44,26.06,33.06,1010.3,81.08,0),('1996-05-12',29.44,27.06,33.33,1008.7,82.86,0),('1996-05-13',28.61,26.33,31.06,1006,85.13,0.24),('1996-05-14',29.83,28.06,33.06,1003.4,81.22,0.08),('1996-05-15',29.72,27.06,34.17,1004.3,80.94,0),('1996-05-16',29.44,26.83,32.33,1006.9,82.02,0),('1996-05-17',28.17,26.06,32.67,1008,85.84,0),('1996-05-18',27.5,25.83,30.83,1007.2,87.78,0.83),('1996-05-19',27.94,25.17,30.83,1007.4,88.3,0),('1996-05-20',28.94,25.56,32.17,1008.3,85.18,0),('1996-05-21',28.94,25.83,32.17,1008.7,83.34,0),('1996-05-22',29.44,27.06,32.17,1008.4,81.74,0),('1996-05-23',27.94,25.67,31.83,1008,85.48,0.12),('1996-05-24',28.44,25.83,32.06,1008.9,85.19,0.02),('1996-05-25',28.72,24.83,33.83,1009.6,82.87,0),('1996-05-26',28.94,26.17,32.33,1009.5,81.85,0),('1996-05-27',27.61,25.67,30.67,1009.4,83.6,0),('1996-05-28',27.11,25.33,31.06,1009.2,85.55,0.08),('1996-05-29',28.28,25.06,31.83,1009.6,82.49,0),('1996-05-30',28.5,24.33,32.06,1011,82.95,0),('1996-05-31',27.78,24.56,31.17,1011.1,85.52,2.36),('1996-06-01',29,26.83,31.67,1009.4,79.7,0),('1996-06-02',29.28,27.17,31.67,1008.9,79.12,0.04),('1996-06-03',28.89,26.67,31.06,1008.8,81.1,0),('1996-06-04',28,25.17,30.83,1008.7,86.4,0.91),('1996-06-05',28.89,25.83,31.83,1008.6,82.81,0.04),('1996-06-06',28.39,25.83,31.83,1009.1,85.06,0.12),('1996-06-07',29.33,27.83,32.06,1009.3,81.19,0.02),('1996-06-08',29.67,27.06,32.06,1008.3,79.81,0),('1996-06-09',27.28,25.17,31.17,1008.2,87.1,0.94),('1996-06-10',28.06,26.06,31.33,1008.2,87.2,0.47),('1996-06-11',27.67,25.33,30.83,1007.9,88.83,0.55),('1996-06-12',26.22,25.17,27.33,1007.6,93.43,1.22),('1996-06-13',27.56,25.56,30.06,1008.7,85.4,0.35),('1996-06-14',27.83,25.56,30.83,1009.9,84.09,0.12),('1996-06-15',27.33,24.83,30.33,1010.3,86.52,1.02),('1996-06-16',27.56,24.56,30.67,1010.4,84.7,0.98),('1996-06-17',28.56,25.56,31.06,1010,84.21,0.39),('1996-06-18',25.39,24.67,26.06,1009.9,93.98,1.93),('1996-06-19',25.83,24.06,28.67,1010.9,89.46,0),('1996-06-20',27.33,24.56,31.56,1010.2,84.82,0),('1996-06-21',27.11,25.06,31.17,1010.5,86.57,1.02),('1996-06-22',27.72,24.06,31.17,1010.3,83.9,0),('1996-06-23',28.17,24.83,31.56,1009.6,83.71,0),('1996-06-24',27.67,26.06,30.67,1010.1,85.64,0),('1996-06-25',26,24.17,30.17,1010.9,89.93,0.79),('1996-06-26',26.72,23.67,30.67,1012.1,85.54,0.08),('1996-06-27',27.89,24.67,31.06,1012,83.13,0.02),('1996-06-28',26.94,24.06,29.33,1012.7,90.35,3.98),('1996-06-29',27,24.06,30.06,1012.1,87.33,0.81),('1996-06-30',28.5,25.17,31.33,1010.7,82.79,0),('1996-07-01',28.44,26.06,31.17,1010.1,85.46,0),('1996-07-02',28.33,25.33,32.06,1010.7,84.07,0.2),('1996-07-03',28.61,26.17,31.67,1010.6,84.21,0.71),('1996-07-04',27.33,24.17,30.33,1009.3,87.74,1.18),('1996-07-05',27.94,25.83,30.67,1007.1,90.49,0.31),('1996-07-06',28.39,26.06,31.17,1006,83.29,0.04),('1996-07-07',27.83,25.06,30.83,1007.3,83.4,0),('1996-07-08',28.56,25.33,32.06,1007.1,81.45,0),('1996-07-09',28.89,26.33,32.06,1005.9,81.83,0),('1996-07-10',27.44,25.33,32.06,1005.9,84.43,0),('1996-07-11',28.39,24.67,32.17,1007.3,80.51,0),('1996-07-12',28.78,25.67,32.17,1008.9,82.52,0),('1996-07-13',27.44,24.67,30.17,1009.4,85.4,0.22),('1996-07-14',27.89,25.33,31.67,1008.9,86.01,0.59),('1996-07-15',27.44,25.67,30.67,1008.2,85.66,0.12),('1996-07-16',27.56,25.06,31.17,1007.4,85.83,0.2),('1996-07-17',27.94,24.67,31.83,1008.2,82.46,0),('1996-07-18',28.44,25.83,31.67,1007.6,83.93,0),('1996-07-19',27.72,25.17,31.06,1006.7,86.92,0.08),('1996-07-20',27,25.67,29.83,1008.1,88.69,0.08),('1996-07-21',27.39,25.33,30.33,1009.3,87.04,0.12),('1996-07-22',27.39,24.83,30.33,1009.1,84.41,0.04),('1996-07-23',28.5,26.67,31.33,1007,77.92,0),('1996-07-24',25.17,24.17,27.67,1002.1,93.49,2.24),('1996-07-25',24.56,24.06,25.17,1003.1,95.21,3.86),('1996-07-26',24.72,23.67,27.06,1005.5,93.65,1.14),('1996-07-27',27.5,24.33,30.33,1006.2,89.78,0),('1996-07-28',27.83,26.33,30.06,1005.3,85.94,0),('1996-07-29',28.06,25.06,31.83,1003.4,80.73,0.08),('1996-07-30',24.06,23.17,24.67,1005.5,98.15,4.76),('1996-07-31',26.39,24.06,29.67,1003.6,87.27,0.49),('1996-08-01',27.83,26.06,31.17,1005.3,85.21,0.24),('1996-08-02',26.72,25.06,30.06,1006.5,91.38,1.11),('1996-08-03',26.89,25.06,30.33,1005.2,89.4,0.24),('1996-08-04',26.61,25.17,28.67,1007.6,90.32,0.12),('1996-08-05',27.67,24.83,30.67,1009,86.27,0.02),('1996-08-06',28.5,26.17,32.06,1008.9,79.4,0),('1996-08-07',28.61,25.33,31.83,1008.6,78.91,0),('1996-08-08',28.11,25.06,31.56,1007.1,82.8,0),('1996-08-09',27.56,25.06,30.67,1007.8,82.85,0),('1996-08-10',28.89,26.06,32.67,1008.4,82.69,0),('1996-08-11',27.78,25.83,31.56,1008.7,83.09,0),('1996-08-12',28.72,25.67,32.67,1008.4,78.85,0),('1996-08-13',29.22,26.33,32.33,1009.1,77.48,0),('1996-08-14',28.78,25.33,32.67,1010.8,78.54,0),('1996-08-15',28.39,25.33,32.06,1011.5,81.9,0),('1996-08-16',27.67,24.83,30.33,1011.4,85.12,0.16),('1996-08-17',28.11,26.06,31.17,1007.9,85.27,0.08),('1996-08-18',28.06,25.56,30.83,1010.2,80.29,0.04),('1996-08-19',28.11,25.06,32.06,1008.3,85.13,0.47),('1996-08-20',27.56,26.06,31.33,1007.9,87.5,0),('1996-08-21',26.78,25.06,29.56,1009.9,89.88,0.39),('1996-08-22',28.11,25.33,31.56,1010.6,83.41,0),('1996-08-23',28.11,26.06,31.67,1009.3,86.14,0),('1996-08-24',28.06,24.83,31.67,1008.2,78.06,0),('1996-08-25',28.06,25.33,30.83,1009.5,82.23,0),('1996-08-26',27.11,25.17,29.33,1011.7,84.96,0.67),('1996-08-27',28.5,25.06,32.06,1011.2,81.67,0),('1996-08-28',28.61,25.06,31.83,1008.6,79.42,0),('1996-08-29',29,25.06,32.56,1006.5,79.22,0),('1996-08-30',28.83,25.67,32.33,1008.1,81.49,0),('1996-08-31',27.89,25.67,30.83,1009.9,82.9,0),('1996-09-01',28,25.67,32.06,1009.9,83.77,0.08),('1996-09-02',28.67,25.67,32.06,1008.8,81.48,0.08),('1996-09-03',27.72,25.06,31.06,1008.7,87.8,2.56),('1996-09-04',27.61,24.06,31.06,1008.9,85.19,0.98),('1996-09-05',27.61,24.83,31.17,1008.4,86.05,0.1),('1996-09-06',28.33,24.83,31.67,1007.2,81.93,0),('1996-09-07',28.56,25.67,34.06,1004.7,82.25,0),('1996-09-08',27.83,25.17,31.67,1004,82.25,0),('1996-09-09',28.56,25.17,33.67,1004.5,83.74,0.04),('1996-09-10',27,24.67,32.56,1003.4,87.78,0.24),('1996-09-11',26.61,23.83,28.83,1002.6,90.34,0.28),('1996-09-12',26.56,24.67,29.83,1005.2,92.71,1.73),('1996-09-13',26.44,24.83,28.67,1006.2,91.64,0.33),('1996-09-14',27.28,25.33,29.17,1005.6,89.98,0),('1996-09-15',27.83,25.56,30.33,1005.1,85.18,0.65),('1996-09-16',28.61,26.56,31.67,1004.9,82.62,0),('1996-09-17',27.28,25.33,29.33,1005.3,87.78,0.2),('1996-09-18',28.06,25.83,30.56,1005.9,86.83,0.11),('1996-09-19',29,26.06,33.67,1006.6,82.17,0),('1996-09-20',29.06,27.06,32.17,1008.5,79.49,0),('1996-09-21',28.61,25.83,31.83,1009.3,82.34,0),('1996-09-22',28.28,26.06,33.83,1008.3,83.88,0.12),('1996-09-23',27.67,24.67,30.83,1008,85.89,0),('1996-09-24',28,26.06,30.67,1008.8,85.52,0.01),('1996-09-25',28.17,25.06,31.06,1008.1,84.69,0.59),('1996-09-26',28.56,25.56,31.17,1006.5,81.11,0),('1996-09-27',28.72,25.06,33.56,1006.8,81.51,0),('1996-09-28',28.61,25.83,32.06,1006.6,84.69,0),('1996-09-29',27.61,25.56,30.67,1005.7,88.7,0.63),('1996-09-30',27.33,26.06,28.83,1006.7,91.78,0.06),('1996-10-01',28.56,26.06,31.33,1009.6,85.13,0),('1996-10-02',28.33,25.06,32.06,1009.8,86.1,0),('1996-10-03',28.22,24.83,32.06,1009.6,81.42,0),('1996-10-04',28.33,24.83,33.83,1009.9,80.97,0),('1996-10-05',27.39,24.83,31.33,1008.9,83.23,0),('1996-10-06',27.67,24.56,31.17,1009.8,79.67,0),('1996-10-07',28,25.83,30.83,1011.4,81.58,0),('1996-10-08',28.89,26.67,31.06,1011.6,81.87,0),('1996-10-09',27.83,25.17,31.17,1009.6,83.02,0.12),('1996-10-10',26.28,24.83,29.67,1008.4,88.67,1.22),('1996-10-11',27.56,24.06,31.67,1006.3,84.01,0),('1996-10-12',28.28,25.06,31.06,1007.8,82.53,0),('1996-10-13',28.22,25.67,31.33,1009,84.97,0),('1996-10-14',28.06,25.33,31.17,1008.6,86.26,0),('1996-10-15',28.56,25.06,32.33,1007.9,83.96,0),('1996-10-16',27.94,25.83,31.33,1008.1,84.55,0),('1996-10-17',28,25.06,30.33,1005.7,84.27,0),('1996-10-18',28.11,25.83,32.06,1007.5,83.81,0),('1996-10-19',27.33,25.06,30.67,1008.3,87.36,0),('1996-10-20',27,25.17,29.83,1008.5,88.58,0.01),('1996-10-21',26.89,24.83,30.33,1008.3,87.5,0.24),('1996-10-22',26.44,25.06,29.83,1008.5,87.88,0.12),('1996-10-23',27.22,24.06,30.83,1009.1,85.73,0),('1996-10-24',28.22,25.06,31.06,1008.3,82.26,0),('1996-10-25',28.22,25.33,30.83,1007.8,82.34,0),('1996-10-26',27.67,25.67,30.17,1008.6,86.61,0.04),('1996-10-27',28.17,26.17,31.06,1009.1,87.88,0.39),('1996-10-28',27.83,26.67,29.83,1010,87.16,0.04),('1996-10-29',27.61,26.06,29.17,1010.3,88.26,0.65),('1996-10-30',26.44,25.83,27.33,1008.9,92.78,1.44),('1996-10-31',26.89,25.06,30.17,1007,92.11,3.27),('1996-11-01',27.44,25.06,30.06,1005.2,87.24,6.38),('1996-11-02',27.06,25.17,29.67,1008.1,87.65,0.59),('1996-11-03',27.11,24.83,30.67,1009.8,86.82,0.67),('1996-11-04',26.83,25.17,30.17,1009.4,88.64,0.36),('1996-11-05',26.17,25.06,27.67,1006.9,90.87,0.39),('1996-11-06',25.61,24.56,28.67,1005.2,92.76,0.79),('1996-11-07',25.28,24.67,26.56,1004.1,92.86,0.96),('1996-11-08',26.17,24.67,27.33,1002.7,90.47,0.77),('1996-11-09',27.33,24.83,30.33,1004.1,85.93,0),('1996-11-10',27.78,26.06,29.17,1004.1,78.85,0),('1996-11-11',28.22,26.56,30.83,1005.3,71.22,0),('1996-11-12',27.89,25.06,31.83,1005.1,75.88,0),('1996-11-13',27,23.17,29.83,1006.6,76.79,0),('1996-11-14',26.44,23.06,29.56,1011.5,82.57,0),('1996-11-15',27.17,25.06,30.33,1013.5,84.98,0.02),('1996-11-16',26.72,24.83,29.67,1013.1,89.18,1.26),('1996-11-17',27.5,25.83,30.06,1012.8,86.56,0.28),('1996-11-18',27.39,25.67,30.06,1012.8,85.63,0),('1996-11-19',26.33,25.06,28.06,1012.8,87.76,0.02),('1996-11-20',26.06,24.56,27.67,1012.5,89.14,0.39),('1996-11-21',26.61,25.67,27.67,1010.9,89.51,0.87),('1996-11-22',27.39,25.83,29.83,1010.4,84.59,0),('1996-11-23',26.94,25.06,29.06,1009.9,86,0.1),('1996-11-24',26.5,24.83,29.17,1009,89.76,1.06),('1996-11-25',26.61,25.17,28.33,1008.8,88.09,0.24),('1996-11-26',26.72,25.17,29.83,1009,87.28,1.1),('1996-11-27',25.28,24.06,26.67,1009.4,88.91,1),('1996-11-28',25.44,24.06,26.67,1009.2,92.63,2.03),('1996-11-29',25.33,24.56,27.17,1010.4,92.72,1.16),('1996-11-30',26,24.67,28.67,1011.3,85.45,0.04),('1996-12-01',26.61,25.67,28.17,1012.7,84,0.2),('1996-12-02',25.94,24.83,26.83,1012.7,85.74,0.05),('1996-12-03',26.5,25.33,27.33,1012.2,84.88,0.08),('1996-12-04',26.67,25.17,28.17,1010.1,89.6,0.08),('1996-12-05',27,25.17,29.33,1008.6,90.39,0.04),('1996-12-06',27.33,25.67,29.83,1010.6,84.86,0),('1996-12-07',25.83,24.83,26.83,1013,88.6,0.06),('1996-12-08',25.83,25.33,26.33,1013.7,85.49,0),('1996-12-09',26.28,25.06,28.17,1013.2,80.89,0),('1996-12-10',26.44,24.83,28.67,1011.9,79.68,0),('1996-12-11',26.78,24.67,29.67,1012.5,79.85,0.04),('1996-12-12',26.39,25.33,28.06,1012.5,80.47,0),('1996-12-13',26.61,25.06,29.06,1011.9,81.33,0),('1996-12-14',26.11,23.06,29.06,1010.9,79.11,0),('1996-12-15',26,25.06,26.83,1010.6,86.49,0.12),('1996-12-16',26.61,25.06,28.33,1011.2,84.29,0.04),('1996-12-17',26.17,25.06,28.17,1011.4,91.63,0.09),('1996-12-18',25.5,24.83,26.17,1012.8,86.95,0.08),('1996-12-19',25.33,24.17,27.33,1014.4,85.92,0.04),('1996-12-20',26.28,25.06,28.06,1014.9,78,0.12),('1996-12-21',26.5,25.17,28.06,1014.8,74.26,0.04),('1996-12-22',25.83,24.83,27.67,1014.3,71.77,0),('1996-12-23',25.11,23.17,26.67,1013.6,82.08,0.01),('1996-12-24',25.11,23.33,26.83,1013.2,75.81,0),('1996-12-25',25.61,24.17,27.67,1012.6,72.41,0),('1996-12-26',24.94,22.17,27.67,1012,73,0),('1996-12-27',24.44,21.67,27.67,1012.8,73.89,0),('1996-12-28',23.33,22.06,24.17,1013.8,83.11,0.08),('1996-12-29',24.39,22.67,26.67,1013.7,75,0),('1996-12-30',23,19.67,27.06,1014.2,77.73,0),('1996-12-31',24.5,22.06,27.33,1014.3,76.17,0),('1997-01-01',25,22.06,27.33,1014.7,75.96,0),('1997-01-02',24.44,22.06,27.17,1014.1,81.75,0),('1997-01-03',25.22,23.83,27.56,1014.3,76.64,0),('1997-01-04',25.61,23.17,27.67,1014.6,78.61,0),('1997-01-05',24.94,23.06,28.06,1015,84.83,0.04),('1997-01-06',24.89,23.06,27.06,1016.3,80.69,0.16),('1997-01-07',25.78,23.67,28.06,1015.7,75.72,0),('1997-01-08',25.94,24.56,28.06,1014.3,83.09,0),('1997-01-09',24.67,24.06,26.17,1014.1,86.26,0),('1997-01-10',24.44,23.17,26.06,1014,84.99,0.04),('1997-01-11',24.72,22.67,26.83,1014.3,84.62,0.12),('1997-01-12',25.39,23.67,28.06,1014.7,80.23,0.04),('1997-01-13',25.83,24.06,27.83,1013.9,79.74,0),('1997-01-14',25.33,24.33,27.17,1014.7,79.23,0),('1997-01-15',24.94,23.83,27.56,1014.8,79.47,0),('1997-01-16',25.11,22.83,27.83,1014.5,76.5,0),('1997-01-17',24.5,20.83,28.17,1014.3,77.08,0),('1997-01-18',25.44,22.83,28.06,1013.4,79.88,0),('1997-01-19',26.22,24.83,28.17,1013,78.26,0),('1997-01-20',25.89,24.56,28.06,1012.5,79.06,0),('1997-01-21',25.56,23.67,27.33,1012.5,80.7,0),('1997-01-22',25.28,23.56,28.17,1012.9,76.48,0),('1997-01-23',24.78,22.67,27.67,1011.4,81.68,0.2),('1997-01-24',25.06,22.06,28.56,1011.2,81.63,0),('1997-01-25',25.33,21.83,28.17,1012.1,80.31,0),('1997-01-26',25.28,23.67,28.67,1012.7,83.47,0.24),('1997-01-27',25.39,24.06,27.67,1012.7,79.84,0),('1997-01-28',25.39,23.06,28.06,1012.1,79.68,0),('1997-01-29',25.39,24.06,27.56,1012.6,86.62,0),('1997-01-30',26.5,24.83,28.33,1011.6,79.74,0),('1997-01-31',25.78,23.83,28.17,1012.1,83.24,0),('1997-02-01',26.5,24.06,29.17,1012.4,78.16,0.08),('1997-02-02',26.11,23.83,29.06,1011.8,79.93,0.08),('1997-02-03',26.06,23.17,28.83,1011.3,79.31,0),('1997-02-04',26.67,24.67,28.83,1012.4,75.61,0),('1997-02-05',25.39,22.83,28.33,1012.2,80.42,0),('1997-02-06',26.39,25.06,29.06,1011.7,77.04,0),('1997-02-07',25.56,24.06,27.56,1011.9,84.55,0.24),('1997-02-08',26.17,24.83,29.17,1009.2,86.18,0),('1997-02-09',26.61,23.06,29.06,1009.6,83.25,0),('1997-02-10',26.94,25.67,29.33,1010.2,86.01,0.12),('1997-02-11',27.06,25.06,29.67,1010.6,83.9,0),('1997-02-12',26.28,25.06,28.56,1011.8,84.8,0),('1997-02-13',26.61,24.83,29.06,1011.5,84.57,0),('1997-02-14',26.89,24.67,29.56,1011.5,78.62,0),('1997-02-15',25.89,25.06,27.33,1011.5,85.11,0.16),('1997-02-16',26.89,25.06,29.06,1010.5,83.85,0),('1997-02-17',26.94,25.67,29.17,1011.8,78.64,0),('1997-02-18',26.72,25.33,28.83,1012.3,81.95,0.01),('1997-02-19',25.67,23.67,27.83,1012.8,79.93,1.65),('1997-02-20',25.17,23.06,26.67,1015.3,84.04,0.31),('1997-02-21',25.89,24.67,28.67,1015.6,78.81,0),('1997-02-22',25.5,24.06,28.06,1015.5,68.08,0),('1997-02-23',24.89,23.67,26.06,1015.5,70.89,0),('1997-02-24',24.56,21.83,27.33,1015.3,74.43,0.04),('1997-02-25',24.5,22.83,26.17,1015.1,77.05,0.2),('1997-02-26',24.94,23.06,27.06,1013.1,76.88,0),('1997-02-27',24.89,23.67,27.33,1012.7,75.92,0.08),('1997-02-28',24.44,23.06,25.67,1012.3,81.67,0),('1997-03-01',25.5,23.33,27.17,1011.4,80.61,0),('1997-03-02',25.33,24.06,27.67,1011.6,85.85,0.12),('1997-03-03',24.5,22.83,28.17,1012,89.59,0.35),('1997-03-04',24.89,23.06,27.06,1013.6,84.69,0.04),('1997-03-05',24.89,23.33,27.06,1014.2,80.14,0.08),('1997-03-06',25.17,23.17,27.83,1014.9,74.22,0),('1997-03-07',24.44,22.17,26.33,1015.3,80.52,0.04),('1997-03-08',25.56,22.83,28.17,1014.9,72.17,0),('1997-03-09',25.11,22.67,27.67,1015.2,76.86,0.01),('1997-03-10',25.5,23.06,28.33,1015.5,76.94,0.08),('1997-03-11',25.83,23.17,28.83,1015,70.98,0),('1997-03-12',25.94,24.06,28.67,1014,78.42,0),('1997-03-13',25.83,23.17,28.83,1014.3,77.52,0),('1997-03-14',25.67,22.17,28.67,1014,77.52,0),('1997-03-15',25.72,22.06,29.33,1013.4,76.96,0),('1997-03-16',25.72,24.06,28.06,1013.5,79.73,0),('1997-03-17',25.61,22.83,28.67,1014.4,78.97,0.08),('1997-03-18',25.83,23.33,31.33,1014.5,75.39,0),('1997-03-19',25,21.67,28.56,1013.6,79.96,0),('1997-03-20',25.44,22.06,29.06,1013.2,79.36,0),('1997-03-21',25.94,22.83,29.67,1013.5,81.3,0),('1997-03-22',26,22.06,29.33,1012.6,80.76,0),('1997-03-23',26.17,23.17,30.17,1012.3,82.84,0),('1997-03-24',26.89,24.06,30.17,1013.8,77.96,0),('1997-03-25',27,24.67,29.83,1014,73.33,0),('1997-03-26',28.17,25.67,30.06,1014.5,72.71,0),('1997-03-27',27.94,25.83,30.67,1013.8,76.21,0),('1997-03-28',27.89,25.67,31.06,1013,79.34,0),('1997-03-29',28.11,25.83,30.83,1012.8,76.06,0),('1997-03-30',28.11,26.17,31.06,1013.4,77.29,0),('1997-03-31',28.28,26.17,30.83,1012.6,74.57,0),('1997-04-01',27.33,25.06,30.33,1012.1,75.97,0),('1997-04-02',28,25.83,30.56,1011.2,77.6,0),('1997-04-03',27.94,26.06,30.83,1011.9,80.54,0),('1997-04-04',28.11,26.06,31.06,1012.3,78.55,0),('1997-04-05',27.89,24.83,30.83,1012.3,79.53,0.43),('1997-04-06',27.72,25.67,30.33,1011.3,82.84,0),('1997-04-07',27.61,25.33,30.06,1010.3,81.25,0.02),('1997-04-08',27.67,25.67,30.33,1011.1,79.17,0),('1997-04-09',28,25.67,30.67,1012.4,75.01,0),('1997-04-10',27.78,25.17,31.17,1013.3,77.43,0),('1997-04-11',27.61,24.17,31.56,1012.2,76.8,0),('1997-04-12',27.5,24.06,31.33,1011.6,76.9,0),('1997-04-13',27.67,24.33,31.06,1012.8,76.41,0),('1997-04-14',27.67,24.17,31.06,1014.1,77,0),('1997-04-15',28.28,24.83,32.17,1012.4,76.43,0),('1997-04-16',28.89,26.33,33.06,1011.6,75.72,0),('1997-04-17',30.33,28.33,32.83,1013.6,65.91,0),('1997-04-18',29.39,27.06,31.83,1013.7,73.33,0),('1997-04-19',29.17,25.67,33.17,1012.4,75.2,0),('1997-04-20',28.83,26.06,31.67,1011.3,77.3,0),('1997-04-21',28.67,26.67,31.33,1010.3,78.04,0),('1997-04-22',28.33,26.06,30.83,1010.7,78.83,0.43),('1997-04-23',28.33,26.33,31.17,1011.5,74.19,0),('1997-04-24',27.61,24.83,30.83,1011.4,76.65,0.75),('1997-04-25',27.78,25.06,30.06,1011.2,77.7,0),('1997-04-26',28.78,27.06,31.06,1012,72.73,0),('1997-04-27',28.28,24.83,30.67,1013.2,74.01,0),('1997-04-28',29.22,27.17,31.33,1011.3,75.83,0),('1997-04-29',28.72,26.06,30.83,1010.4,75.54,0),('1997-04-30',29.11,26.17,32.06,1012.1,76.5,0.08),('1997-05-01',29.94,27.33,32.67,1011.8,72.69,0),('1997-05-02',29.17,27.17,32.06,1011.1,77.3,0),('1997-05-03',28.22,26.06,31.17,1009.7,82.74,0.02),('1997-05-04',27.72,25.67,30.33,1009.4,85.62,0),('1997-05-05',26.39,24.56,28.06,1010.2,89.58,0.44),('1997-05-06',28.06,25.06,31.83,1010.6,81.71,0.19),('1997-05-07',29.11,27.33,31.06,1011.2,81.85,0),('1997-05-08',28.61,25.17,31.06,1010.3,76.6,1.57),('1997-05-09',28.17,26.06,30.33,1009.2,82.7,0.24),('1997-05-10',28,24.33,30.83,1009.3,77.48,0),('1997-05-11',28.56,25.67,30.83,1009.4,81.27,0.31),('1997-05-12',28.28,25.06,30.83,1010.2,81.73,0.12),('1997-05-13',28.44,26.06,30.83,1010.7,80.73,0.02),('1997-05-14',28.94,26.67,31.67,1010.2,79.02,0),('1997-05-15',28.89,26.67,31.56,1008.6,74.92,0),('1997-05-16',28.11,24.06,31.17,1009.2,79.81,0),('1997-05-17',28.61,24.17,31.83,1009.2,78.81,0),('1997-05-18',29.44,25.56,32.83,1009.9,76.88,0),('1997-05-19',29.11,25.67,33.83,1009,79.5,0),('1997-05-20',29.5,25.06,34.33,1008.4,81.07,0),('1997-05-21',29.06,25.33,31.56,1008.6,79.21,0),('1997-05-22',28.44,26.06,32.67,1008.8,85.42,0.31),('1997-05-23',27.72,25.06,32.06,1009.1,85.7,0.39),('1997-05-24',27.83,24.83,30.67,1008.1,84.43,0),('1997-05-25',26.06,25.06,27.67,1007.2,92.78,0.94),('1997-05-26',25.33,24.67,26.17,1005.7,93.82,1.06),('1997-05-27',26.89,23.83,31.17,1005.3,89.81,0.59),('1997-05-28',27.56,25.33,31.06,1004.7,86.76,0),('1997-05-29',27.33,24.83,29.17,1006.2,87.91,0.2),('1997-05-30',27.89,26.06,30.06,1008.5,85.97,0.07),('1997-05-31',29.56,26.83,31.83,1010.1,72.57,0),('1997-06-01',28.17,21.06,32.17,1010.2,80.17,0),('1997-06-02',29.44,26.17,33.06,1010.2,79.33,0),('1997-06-03',28.78,25.06,32.33,1011.5,78.23,0),('1997-06-04',28.89,25.67,32.06,1012.9,80.84,0),('1997-06-05',28.33,25.17,32.67,1012,79.53,0),('1997-06-06',28.39,24.06,32.17,1012,80.3,0),('1997-06-07',29.17,24.83,33.17,1013.1,80.17,0),('1997-06-08',29.06,25.67,32.33,1013.2,80.31,0),('1997-06-09',29.44,25.56,34.17,1011.1,80.33,0),('1997-06-10',29.33,25.06,33.83,1010.4,80.66,0),('1997-06-11',28.72,25.06,33.67,1010.5,79.22,0),('1997-06-12',28.67,25.17,33.06,1011.1,81.12,0),('1997-06-13',29.11,25.83,34.06,1010.1,78.9,0),('1997-06-14',29.11,25.83,32.33,1009.6,79.99,0),('1997-06-15',29.11,25.67,33.33,1010.3,81.49,0),('1997-06-16',29.56,25.83,33.17,1009.4,77.7,0),('1997-06-17',30.61,27.17,34.17,1007.9,76.2,0),('1997-06-18',30.06,25.56,34.83,1007.2,76.1,0),('1997-06-19',29.17,26.06,34.83,1008.7,76.6,0),('1997-06-20',29.22,24.67,33.33,1009.6,78.99,0),('1997-06-21',28.39,25.67,31.83,1010.3,83.43,0.24),('1997-06-22',29.17,25.56,33.67,1008.8,79.48,0),('1997-06-23',28.56,25.83,33.33,1006.2,83.44,0.16),('1997-06-24',28.28,24.67,32.83,1003.6,83.86,0),('1997-06-25',27.72,25.33,31.83,1003.2,87.4,0.83),('1997-06-26',25.89,25.33,27.33,1004.3,93.2,0.31),('1997-06-27',25.83,24.83,28.67,1007,92.35,0.63),('1997-06-28',27.56,24.06,31.33,1006.6,86.69,0.2),('1997-06-29',28.22,26.06,30.83,1006.7,85.17,0),('1997-06-30',28.33,25.17,31.17,1007.8,84.26,0),('1997-07-01',28.22,24.06,31.33,1008.8,83.74,0),('1997-07-02',27.06,23.83,29.83,1008.4,84.16,0.33),('1997-07-03',26.33,24.06,28.33,1008.9,91.06,0.12),('1997-07-04',27.56,24.06,30.67,1008.7,84.92,0),('1997-07-05',28.22,24.67,32.06,1009.3,86.25,0),('1997-07-06',27.56,25.56,33.06,1009.3,88.07,0.08),('1997-07-07',27.5,25.33,30.67,1009.7,86.85,1.5),('1997-07-08',27.28,25.06,31.06,1009.6,86.92,0.01),('1997-07-09',27.17,24.06,31.83,1008.6,85.15,0),('1997-07-10',28.06,24.83,30.56,1009,83.31,0),('1997-07-11',27.72,26.06,29.67,1009,85.95,0.04),('1997-07-12',27.78,25.33,30.67,1009.6,86.59,0.08),('1997-07-13',26.89,24.83,30.33,1010.3,90.44,1.14),('1997-07-14',26.22,25.06,29.17,1010.5,91.55,0.84),('1997-07-15',27.11,24.06,30.67,1009.7,88.08,0),('1997-07-16',27.56,24.83,30.67,1009.8,83.86,0),('1997-07-17',27.78,24.83,32.06,1009.6,86.66,0.31),('1997-07-18',27.89,25.06,30.56,1009.3,87.93,0),('1997-07-19',26.67,24.67,29.67,1008.5,89.94,0.89),('1997-07-20',27.11,24.06,30.17,1008.1,88.57,1.85),('1997-07-21',26.56,24.17,30.06,1007.5,89.7,0.24),('1997-07-22',28.06,24.83,32.67,1007,86.68,0),('1997-07-23',28.61,25.83,32.83,1006.5,85.89,0),('1997-07-24',28.94,26.33,32.06,1006.1,84.45,0),('1997-07-25',27.94,26.06,32.06,1006.8,87.3,0.08),('1997-07-26',27.67,25.33,32.83,1007.9,87.76,0.47),('1997-07-27',26.67,25.06,30.67,1008.3,91.14,0.28),('1997-07-28',26.56,24.83,29.17,1008.1,89.18,0.04),('1997-07-29',26.78,25.06,29.67,1006.6,87.93,0.12),('1997-07-30',25.33,25.06,26.17,1006,94.25,0.79),('1997-07-31',26.17,24.67,28.83,1005.8,90.11,1.03),('1997-08-01',27.61,24.06,30.83,1006.2,86.6,0.04),('1997-08-02',28.72,25.83,31.33,1008.6,82.77,0),('1997-08-03',28.67,25.83,32.33,1008.7,79.86,0),('1997-08-04',28.56,26.56,32.17,1008.5,77.25,0),('1997-08-05',28.78,27.83,30.33,1008.1,75.31,0),('1997-08-06',29.5,27.33,32.56,1008.9,77.66,0),('1997-08-07',28.83,26.83,31.83,1009.4,78.57,0),('1997-08-08',29.11,26.67,31.83,1010.9,78,0),('1997-08-09',28.94,25.67,33.06,1011.5,80.81,0),('1997-08-10',28.83,25.17,33.33,1011.9,81.49,0),('1997-08-11',28.78,25.56,32.67,1012,82.39,0),('1997-08-12',28.56,26.06,32.06,1011.5,84.67,0),('1997-08-13',29,26.06,32.83,1010.7,80.15,0),('1997-08-14',29.33,26.83,32.67,1009.1,76.65,0),('1997-08-15',28.44,26.06,32.83,1008.3,80.19,0),('1997-08-16',29.5,26.06,34.33,1005.4,78.71,0),('1997-08-17',30.44,26.56,35.67,1003.7,74.23,0),('1997-08-18',24.89,24.33,25.67,1005.1,95.69,2.64),('1997-08-19',26,24.17,27.33,1004.7,93.55,0.08),('1997-08-20',25.67,24.67,26.83,1006,93.81,0.71),('1997-08-21',26.44,24.83,28.06,1006.7,93.85,0.16),('1997-08-22',26.56,25.06,28.17,1007.8,92.95,0.02),('1997-08-23',25.61,17.33,29.06,1008.7,90.6,0.08),('1997-08-24',27.33,25.67,29.83,1009.2,84.85,0),('1997-08-25',26.78,25.67,28.06,1009.1,87.37,0),('1997-08-26',28.11,25.67,32.17,1007.9,82.13,0),('1997-08-27',29.72,26.83,34.67,1007,72.49,0),('1997-08-28',29.72,27.83,32.67,1005.9,76.61,0),('1997-08-29',29.22,27.06,31.83,1008.4,81.21,0),('1997-08-30',29.61,25.67,38.83,1011.2,78.57,0),('1997-08-31',27.89,24.83,32.06,1011.1,82.3,0),('1997-09-01',28.28,26.17,32.06,1010.4,84.95,0),('1997-09-02',27.72,25.17,31.06,1010.2,83.51,0),('1997-09-03',28.28,24.83,32.67,1010.6,83.6,0),('1997-09-04',28.78,24.83,32.83,1011.1,83.34,0.08),('1997-09-05',28.17,25.33,32.33,1011.6,81.89,0),('1997-09-06',28.94,25.06,33.33,1011.7,79.63,0),('1997-09-07',28.78,26.06,31.33,1011.7,82.76,0),('1997-09-08',28.78,25.67,31.06,1012.2,82.78,0.43),('1997-09-09',29.28,26.67,31.83,1011.2,79.07,0),('1997-09-10',27.67,24.83,30.33,1010.5,83.66,0.02),('1997-09-11',28.17,25.06,31.83,1009.5,84.63,0),('1997-09-12',28.5,25.67,31.17,1009.1,84.25,0.12),('1997-09-13',28.44,25.06,32.06,1008.9,83.78,0),('1997-09-14',30.11,27.33,33.17,1007.7,80.43,0),('1997-09-15',28.72,26.83,31.06,1007.5,81.08,0.08),('1997-09-16',26.78,25.83,27.67,1009.7,85.95,0),('1997-09-17',27.72,24.83,33.17,1011.3,83.91,0),('1997-09-18',27.5,25.06,31.67,1010.6,84.49,0),('1997-09-19',27.83,25.67,30.17,1009.9,85.22,0),('1997-09-20',26.67,25.06,28.67,1010.5,90.7,1.22),('1997-09-21',25.39,24.67,27.83,1011.8,92.89,0.04),('1997-09-22',26,24.83,27.06,1012.8,91.07,0.22),('1997-09-23',26.11,24.67,29.33,1012.8,87.84,0.43),('1997-09-24',27.06,25.17,29.17,1011.6,88.23,0.02),('1997-09-25',26.78,25.67,28.83,1011.4,89.23,0.12),('1997-09-26',25.67,24.17,28.33,1012.5,91.15,1.42),('1997-09-27',26.22,24.06,30.06,1012.4,89.86,0.02),('1997-09-28',26,25.06,27.83,1013.1,92.41,0),('1997-09-29',27.67,26.06,32.06,1011.1,87.69,0),('1997-09-30',27,25.33,31.17,1011.7,89.29,0.75),('1997-10-01',27.5,25.06,31.67,1012.3,84.1,0),('1997-10-02',27.94,26.06,30.83,1012.3,87.11,0),('1997-10-03',26.83,24.83,30.67,1014,86.87,0),('1997-10-04',27.39,25.67,30.83,1013.7,81.25,0),('1997-10-05',27.67,25.06,31.06,1013.4,80.82,0),('1997-10-06',27.72,26.83,28.67,1012.5,83.81,0),('1997-10-07',28.11,27.17,30.67,1013,84.87,0.08),('1997-10-08',27.56,26.06,30.17,1013.5,88.85,0.12),('1997-10-09',27,26.67,27.33,1013.6,89.41,0),('1997-10-10',28.83,26.83,32.67,1013.7,92.61,0),('1997-10-11',28.67,28.67,28.67,1013.3,83.36,0),('1997-10-12',26.06,26.06,26.06,1014.5,94.8,0.24),('1997-10-13',29.61,28.17,31.06,1011.3,79.36,0),('1997-10-14',27.67,27.17,28.17,1011.1,89.42,0),('1997-10-15',28.17,27.17,29.06,1011.5,88.44,0),('1997-10-16',29,27.83,31.33,1012.9,85.28,0),('1997-10-17',27.56,27.06,28.06,1012.8,90.76,0),('1997-10-18',28.67,26.67,33.33,1010,85.37,0),('1997-10-19',28.72,26.17,32.33,1008.1,78.93,0),('1997-10-20',28.67,25.17,32.06,1006.9,81.26,0),('1997-10-21',29.28,25.83,33.06,1008,81.89,0),('1997-10-22',28.72,26.06,32.83,1009.4,84.28,0),('1997-10-23',28.83,24.67,34.17,1010.9,79.8,0),('1997-10-24',28.28,25.67,31.17,1012.6,83.03,0),('1997-10-25',26.56,24.67,28.83,1014.1,87.92,1.42),('1997-10-26',27.83,26.06,30.33,1014,82.06,0),('1997-10-27',27.61,24.67,30.33,1013.7,80.87,0),('1997-10-28',26.17,25.17,27.83,1013.6,89.27,0),('1997-10-29',26.39,26.17,26.67,1012.9,91.21,0),('1997-10-30',27.39,25.67,30.17,1011.7,87.83,0),('1997-10-31',28.11,26.83,30.17,1011.4,90.42,0.16),('1997-11-01',28.61,26.33,30.83,1012.3,84.24,0.08),('1997-11-02',26.67,25.83,28.06,1014,89.23,0),('1997-11-03',28.33,26.83,31.06,1013.1,81.63,0),('1997-11-04',26.83,26.33,27.33,1012.4,88.57,0),('1997-11-05',26.67,25.33,29.06,1013.2,88.2,0.53),('1997-11-06',25.44,24.83,26.06,1013.7,86.88,0),('1997-11-07',24.67,23.67,26.67,1016,89.25,0.16),('1997-11-08',26.72,25.06,29.06,1014.9,79.38,0.02),('1997-11-09',26.78,25.33,28.17,1014.6,78.54,0),('1997-11-10',24.83,23.17,27.83,1014.8,91.29,0.51),('1997-11-11',25.17,25.17,25.17,1012.9,88.16,0),('1997-11-12',28.11,25.83,29.67,1012.4,83.99,0.02),('1997-11-13',27.17,25.06,30.06,1012.4,85.05,0),('1997-11-14',27.61,25.06,30.67,1011.7,86.58,0.08),('1997-11-15',27.78,25.06,31.33,1010.3,83.27,0),('1997-11-16',25.83,23.06,28.67,1010.6,91.66,1.04),('1997-11-17',26.83,23.33,30.67,1010.4,87.27,0.16),('1997-11-18',26.83,24.17,29.83,1010.5,86.31,0),('1997-11-19',27,24.06,29.67,1012.3,88.46,0.31),('1997-11-20',27.61,26.17,29.17,1013.8,87.68,0),('1997-11-21',27.28,25.67,29.17,1014.3,88.5,0.47),('1997-11-22',27.5,26.06,30.06,1013.1,86.24,0.08),('1997-11-23',27.22,24.83,29.83,1011.4,85.33,0),('1997-11-24',27.44,26.06,29.17,1011.7,86.02,0),('1997-11-25',27.17,25.06,29.17,1012.7,84.56,0.02),('1997-11-26',27.56,24.67,30.33,1013.9,84.85,0),('1997-11-27',27.67,26.33,29.67,1014,85.96,0.37),('1997-11-28',27.44,25.67,30.06,1014,86.85,0.2),('1997-11-29',27.06,25.67,29.33,1014.5,84.66,0),('1997-11-30',27.28,25.67,29.33,1014.6,85.62,0),('1997-12-01',27.94,26.33,29.67,1014.7,75.32,0),('1997-12-02',25.72,25.67,26.06,1014.3,83.36,0),('1997-12-03',26.94,25.67,28.33,1014.2,83.26,0),('1997-12-04',25.78,24.17,27.06,1015.1,90.9,1.18),('1997-12-05',26.67,25.06,28.83,1015,87.66,0.16),('1997-12-06',26.89,25.83,29.33,1013.3,86.97,0.2),('1997-12-07',26.5,25.17,28.83,1012.3,89.42,0),('1997-12-08',26.83,24.83,29.06,1011.8,86.18,0.01),('1997-12-09',26.67,24.06,29.33,1012.5,82.8,0),('1997-12-10',25.72,25.06,26.33,1013.5,85.89,0),('1997-12-11',26.44,24.83,28.67,1014.9,87.46,0.35),('1997-12-12',25.28,24.33,26.06,1014.6,89.86,0.16),('1997-12-13',26.94,24.33,29.67,1014.3,89.37,0),('1997-12-14',27.39,26.17,29.33,1014.5,87.93,0),('1997-12-15',27.56,26.06,30.06,1014.8,86.52,0),('1997-12-16',26.56,25.67,28.06,1015.2,86.94,0),('1997-12-17',26.94,25.06,29.67,1014,85.55,0),('1997-12-18',25.56,25.56,25.56,1013.1,90.34,0),('1997-12-19',26,24.06,28.67,1013.8,80.96,0),('1997-12-20',26.33,24.83,29.17,1013.3,85.89,0),('1997-12-21',26.11,24.67,29.06,1013.3,86.57,0),('1997-12-22',26.78,24.67,30.06,1014,84.39,0),('1997-12-23',26.5,24.67,29.83,1014,83.52,0),('1997-12-24',26.11,24.06,30.06,1013.4,84.51,0),('1997-12-25',25.94,25.06,28.33,1013.9,88.76,0),('1997-12-26',25.61,23.83,28.33,1014,88.23,0.2),('1997-12-27',26.17,25.06,28.06,1016.9,76.81,0.12),('1997-12-28',25.33,23.83,28.06,1016.9,76.61,0),('1997-12-29',25.83,24.06,28.33,1015.7,76.08,0),('1997-12-30',26.28,24.67,29.06,1014.2,81.24,0),('1997-12-31',26.06,24.67,28.67,1014.4,82.11,0),('1998-01-01',26.17,24.56,28.83,1014.2,83.75,0),('1998-01-02',24.5,22.67,25.67,1015.7,88.53,0),('1998-01-03',26.06,24.83,28.67,1015.5,82.43,0),('1998-01-04',26.22,24.06,28.17,1016.4,83.93,0),('1998-01-05',26.5,24.06,28.83,1016.4,78.84,0),('1998-01-06',25.11,24.17,26.06,1016.1,85.65,0.09),('1998-01-07',26.67,25.06,28.83,1016.1,81.98,0),('1998-01-08',25.83,23.83,28.33,1015,86.03,0),('1998-01-09',26.56,24.06,29.83,1013.9,82.17,0),('1998-01-10',26.56,24.83,28.67,1013.2,81.27,0),('1998-01-11',26.17,24.17,28.06,1012.7,86.63,0),('1998-01-12',26.17,23.67,29.06,1012.4,86.71,0.04),('1998-01-13',26.94,25.67,29.06,1012.8,83.26,0),('1998-01-14',27.28,24.83,29.56,1011.1,82.79,0),('1998-01-15',26.67,23.83,29.83,1009.7,88.13,0),('1998-01-16',27.67,24.67,30.83,1010.6,86.85,0),('1998-01-17',27.89,24.67,30.33,1011.5,85.83,0),('1998-01-18',27.78,24.67,31.67,1012.7,86.29,0),('1998-01-19',27.06,23.67,30.83,1014.8,80.92,0),('1998-01-20',26.83,24.83,29.33,1016.4,85.55,0),('1998-01-21',27.11,25.06,29.67,1016,86.12,0.02),('1998-01-22',27,24.83,29.33,1014.3,82.25,0),('1998-01-23',26.94,23.67,29.33,1013.6,79.84,0),('1998-01-24',26.89,24.67,29.33,1015.7,81.38,0),('1998-01-25',26.06,23.83,27.67,1017.4,85.22,0.75),('1998-01-26',25.5,24.17,26.17,1016.2,88.33,0.28),('1998-01-27',25.11,24.33,26.06,1016.7,89.79,0.35),('1998-01-28',26.11,24.06,29.33,1017.4,89,0.14),('1998-01-29',26.5,24.83,29.33,1018.7,84.78,0),('1998-01-30',25.94,24.33,28.17,1017.5,81.29,0),('1998-01-31',26.44,24.17,27.83,1018.4,82.29,0),('1998-02-01',26.78,25.06,28.83,1018.1,83.74,0),('1998-02-02',26.39,24.83,28.33,1017.2,86.56,0.16),('1998-02-03',26.44,24.67,28.83,1016.4,81.88,0),('1998-02-04',26.28,23.67,29.06,1016.4,86.11,0),('1998-02-05',26,24.17,27.83,1015.7,88.1,0.08),('1998-02-06',25.33,23.67,27.33,1014.9,87.49,0.08),('1998-02-07',26.61,24.17,29.33,1014.3,86.95,0),('1998-02-08',26.83,24.06,30.06,1014.6,86.62,0),('1998-02-09',26.89,25.06,29.67,1015.5,85.75,0),('1998-02-10',26.83,24.06,30.17,1015,86.73,0),('1998-02-11',26.44,24.33,29.67,1015.2,85.92,0),('1998-02-12',26.39,22.33,29.67,1015.8,82.76,0),('1998-02-13',27.5,25.06,31.67,1016.6,82.98,0),('1998-02-14',27.22,24.83,29.67,1015.8,83.81,0),('1998-02-15',26.22,24.06,29.83,1015,82.63,0.02),('1998-02-16',28.39,25.67,29.83,1012.5,78.99,0),('1998-02-17',27.83,26.33,30.06,1012.3,82.09,0),('1998-02-18',27.44,25.17,30.83,1012.6,79.01,0.02),('1998-02-19',28.22,24.83,31.33,1013.9,77.21,0),('1998-02-20',28.33,25.33,31.83,1013.7,78.32,0),('1998-02-21',27.5,24.06,30.06,1014.1,81.45,0),('1998-02-22',27.94,25.33,31.17,1015.5,82.04,0),('1998-02-23',27.61,25.67,30.67,1015.7,81.23,0),('1998-02-24',26.72,23.67,30.17,1013.9,79.87,0),('1998-02-25',27.06,23.17,31.06,1013.2,82.19,0),('1998-02-26',27.44,24.33,30.67,1012.8,82.27,0),('1998-02-27',27.17,24.06,30.83,1013.1,79.15,0),('1998-02-28',27.06,22.33,30.83,1013.7,78.15,0),('1998-03-01',27.56,25.67,30.67,1014.1,84.9,0),('1998-03-02',26.83,25.67,28.67,1014.5,87.3,0.28),('1998-03-03',27.39,25.83,30.17,1014.9,81.64,0.08),('1998-03-04',27.83,25.83,30.17,1014.8,78.68,0),('1998-03-05',27.33,24.67,30.67,1014.1,80.06,0),('1998-03-06',26.78,24.17,32.17,1014.4,83.03,0),('1998-03-07',27.5,25.83,30.06,1013.4,78.69,0),('1998-03-08',27.78,24.83,30.17,1012.6,77.77,0),('1998-03-09',27.33,25.06,30.17,1010.5,84.72,0),('1998-03-10',26.33,22.33,30.17,1010.5,75.15,0),('1998-03-11',27.06,23.06,31.17,1012.3,80.45,0),('1998-03-12',29.06,24.33,32.17,1012.8,79.33,0),('1998-03-13',28,24.33,31.83,1012.1,80.57,0),('1998-03-14',27.28,24.06,31.17,1011.8,83.01,0),('1998-03-15',27.61,23.17,32.06,1013.3,80.61,0),('1998-03-16',27.61,24.67,30.67,1014.4,77.43,0),('1998-03-17',27.28,23.33,30.67,1014.7,76.64,0),('1998-03-18',26.5,22.56,30.33,1014.7,78.49,0),('1998-03-19',28.33,25.06,30.83,1014.6,83.17,0),('1998-03-20',28.56,25.83,31.56,1013.6,84.18,0),('1998-03-21',28.22,26.17,30.33,1013.8,84.74,0.08),('1998-03-22',27.94,26.67,31.06,1015.9,85.19,0),('1998-03-23',28.22,26.06,31.06,1016.2,73.7,0.04),('1998-03-24',28.33,26.17,31.67,1014.9,77.73,0),('1998-03-25',27.78,25.67,30.67,1014.4,83.98,0.28),('1998-03-26',28.06,25.06,30.83,1015.6,82.99,0.08),('1998-03-27',28.22,25.83,31.17,1015.9,83.32,0.02),('1998-03-28',27.5,25.83,29.67,1016.3,84.23,0.09),('1998-03-29',27.11,25.67,29.06,1016.5,87.93,0.12),('1998-03-30',27.56,26.33,30.83,1015.5,80.25,0),('1998-03-31',27.94,25.33,30.67,1014.1,78.89,0),('1998-04-01',28.56,25.33,30.83,1014.3,79.66,0.04),('1998-04-02',29.56,26.33,31.67,1014.5,79.57,0),('1998-04-03',29.72,26.83,32.06,1015.1,78.01,0.04),('1998-04-04',28.28,26.06,31.67,1016.5,79.1,0),('1998-04-05',28.11,26.67,31.33,1016.6,81.47,0),('1998-04-06',28.61,26.83,31.06,1014.2,82.22,0),('1998-04-07',28.56,26.83,31.06,1013.4,77.93,0),('1998-04-08',29.28,26.67,32.33,1012.2,75.89,0),('1998-04-09',28.67,26.17,31.33,1012.1,81.08,0),('1998-04-10',28.11,25.17,31.06,1012.5,82.5,0.43),('1998-04-11',27.67,25.06,31.06,1012.3,85.29,0.04),('1998-04-12',27.78,26.17,31.33,1011,84.78,0),('1998-04-13',28.11,25.83,30.17,1009.5,79.24,0),('1998-04-14',27.67,24.17,31.83,1010.6,81.23,0),('1998-04-15',29.44,26.06,32.17,1010.9,83.65,0),('1998-04-16',29.67,27.06,32.17,1010.7,82.97,0),('1998-04-17',29.61,26.67,33.33,1010.5,81.05,0),('1998-04-18',28.56,26.33,31.17,1011.3,84.99,0),('1998-04-19',28.94,26.83,31.33,1012.4,79.98,0.16),('1998-04-20',28.61,25.33,31.17,1012.5,81.32,0.08),('1998-04-21',29.44,27.33,31.83,1013.5,79.89,0),('1998-04-22',29.06,26.33,31.67,1013,81.63,0.02),('1998-04-23',29.61,27.67,32.17,1012.2,80.75,0.04),('1998-04-24',28.83,27.06,31.67,1011.9,82.39,0),('1998-04-25',29.89,28.06,32.06,1012.1,82.06,0),('1998-04-26',29.89,27.83,32.33,1011.7,81.83,0),('1998-04-27',29.44,26.67,32.17,1011,79.64,0),('1998-04-28',29.67,27.17,32.17,1012.4,82.15,0),('1998-04-29',29.06,26.17,31.83,1012.2,83.32,0.12),('1998-04-30',29.39,25.17,31.83,1012.1,82.41,0.71),('1998-05-01',28.94,25.56,31.33,1011.6,84.49,0),('1998-05-02',29,25.67,31.67,1012.3,83.02,0.02),('1998-05-03',29.33,27.06,31.33,1011.8,81.04,0.08),('1998-05-04',29.17,27.06,31.83,1010.3,81.33,0),('1998-05-05',29.67,27.17,32.06,1010.5,81.22,0),('1998-05-06',29.39,26.56,32.06,1011.5,80.37,0),('1998-05-07',30,27.83,32.33,1012.1,81.32,0),('1998-05-08',29.44,28.17,31.56,1011.8,84.65,0),('1998-05-09',29.56,27.17,32.06,1009.7,83.97,0),('1998-05-10',29,27.06,31.17,1011,86.32,0.51),('1998-05-11',28.5,25.56,31.06,1009.8,85.29,0.75),('1998-05-12',28.22,24.33,31.33,1009.8,89.08,0.71),('1998-05-13',29.28,26.33,32.06,1010.5,87.02,0),('1998-05-14',28.89,27.67,32.06,1009.4,86.42,0),('1998-05-15',27.5,24.83,31.06,1008.6,87.8,3.46),('1998-05-16',28.72,25.67,31.33,1009.8,85.7,11.1),('1998-05-17',29.56,27.06,32.33,1011.4,85.71,0),('1998-05-18',28.61,26.67,31.17,1011.5,85,0),('1998-05-19',28.67,26.83,31.17,1010.7,84.95,0),('1998-05-20',29.78,27.06,32.17,1011.1,84.33,0),('1998-05-21',29.78,25.67,33.17,1009.8,82.32,0),('1998-05-22',27.56,26.67,29.06,1007.5,88.75,0.22),('1998-05-23',27.89,25.33,31.06,1006.1,91.97,0.41),('1998-05-24',28.89,26.33,32.06,1005.9,88.2,0),('1998-05-25',27.67,26.33,30.06,1007.4,90.63,0.2),('1998-05-26',27.67,26.17,29.06,1009.1,88.94,0.39),('1998-05-27',26.61,25.06,29.17,1010.2,91.97,0.71),('1998-05-28',28.17,25.06,30.67,1008.4,88.01,0.35),('1998-05-29',27.61,25.67,30.67,1008.2,91.36,1.65),('1998-05-30',27.61,25.06,30.67,1009.3,90.47,0),('1998-05-31',29.5,26.83,32.06,1011.6,85.83,0),('1998-06-01',28.94,26.06,32.06,1010.4,84.38,0),('1998-06-02',29.44,26.06,32.83,1009.1,81.13,0),('1998-06-03',29.44,26.33,33.67,1008.7,85.42,0),('1998-06-04',28.56,26.83,30.67,1009.5,83.81,0),('1998-06-05',28.44,26.83,31.67,1009.6,84.28,0),('1998-06-06',29.06,26.33,32.83,1009.9,82.74,0),('1998-06-07',29.89,27.17,33.06,1010.1,84.63,0),('1998-06-08',28.22,26.33,32.06,1009.1,83.39,0),('1998-06-09',29.28,25.83,32.33,1009.8,80.09,0),('1998-06-10',30.17,26.83,33.06,1010.5,76.2,0),('1998-06-11',29,25.67,32.06,1010.6,83.04,0.79),('1998-06-12',28.72,25.06,31.33,1010.2,82.43,2.91),('1998-06-13',29.22,26.06,32.33,1010,81.81,0),('1998-06-14',28.61,25.83,31.83,1010.9,82.47,0.83),('1998-06-15',28.83,26.33,31.67,1010.7,82.68,0),('1998-06-16',28.06,24.67,31.33,1009.4,86.79,0),('1998-06-17',28.78,25.83,32.33,1008.9,82.21,0),('1998-06-18',28.78,25.67,32.17,1009.6,82.39,0),('1998-06-19',28.72,26.06,30.83,1010.5,80.7,0),('1998-06-20',29.17,26.06,31.67,1010.4,78.08,0),('1998-06-21',27.67,20.06,31.17,1009.6,85.05,2.05),('1998-06-22',27.06,26.06,28.06,1008.3,89.61,0.24),('1998-06-23',27.28,25.06,30.33,1007.8,87.13,0.04),('1998-06-24',27.33,25.33,31.17,1008,89.79,0.91),('1998-06-25',26.83,24.67,29.33,1008,89.63,0.28),('1998-06-26',26,24.83,28.67,1009.8,92.97,1.1),('1998-06-27',26.5,24.67,29.17,1011.3,86.1,0.59),('1998-06-28',26.61,24.83,30.17,1011.5,90.12,0.78),('1998-06-29',26.61,24.67,29.06,1010.3,89.46,6.42),('1998-06-30',28.11,25.17,30.33,1010,83.99,0.08),('1998-07-01',28.56,25.17,31.33,1010.7,82.65,0.43),('1998-07-02',27.89,25.67,31.06,1011,87.11,0.31),('1998-07-03',28.22,25.67,31.17,1011.2,84.58,0.16),('1998-07-04',26.61,24.67,30.17,1011.3,90.02,1.26),('1998-07-05',26.61,24.56,29.17,1011.7,89.65,1.02),('1998-07-06',26.89,23.67,30.06,1011.7,87.88,0),('1998-07-07',28.5,24.83,31.17,1010.8,85.35,0),('1998-07-08',28.44,25.67,32.33,1010.1,81.78,0),('1998-07-09',28.94,25.67,32.83,1009.6,82.34,0),('1998-07-10',27.94,26.06,31.67,1009.1,85.35,0),('1998-07-11',28.33,26.17,30.83,1008.9,84.36,0),('1998-07-12',28.33,26.33,32.33,1009.9,84.47,0.04),('1998-07-13',27.56,25.06,30.17,1010.7,86.02,0),('1998-07-14',29.06,25.83,32.17,1011.6,83.34,0),('1998-07-15',29.06,25.83,32.17,1010.7,82.99,0.31),('1998-07-16',29.61,26.06,34.06,1009,80.26,0),('1998-07-17',29.33,26.67,35.17,1009.5,81.63,0),('1998-07-18',27.89,26.33,30.06,1010.3,85.05,0),('1998-07-19',28.39,25.67,33.06,1008.8,81.57,0),('1998-07-20',28.72,25.67,32.83,1007.8,80.85,0),('1998-07-21',29.06,27.17,32.17,1007.9,79.89,0),('1998-07-22',30.17,26.83,33.06,1007.6,76.51,0),('1998-07-23',29.94,27.06,33.33,1007.9,78.38,0),('1998-07-24',29.72,26.06,34.17,1007.6,77.72,0),('1998-07-25',30,26.17,34.83,1007.9,76.97,0),('1998-07-26',29,26.33,33.06,1008.2,83.12,0),('1998-07-27',29.44,26.17,32.67,1008.5,80.26,0),('1998-07-28',28.61,26.17,31.83,1008.5,81.67,0.16),('1998-07-29',28.5,25.33,32.33,1008.8,81.53,0),('1998-07-30',29.17,25.67,32.83,1009,83.1,0.35),('1998-07-31',28.78,26.17,31.67,1009.4,84.69,0.12),('1998-08-01',28.89,25.17,33.06,1009.3,82.92,0.12),('1998-08-02',28.22,25.83,30.83,1008.5,85.3,0.12),('1998-08-03',28.72,26.33,31.06,1008.1,81.28,0.12),('1998-08-04',28.06,23.33,32.17,1009.4,86.52,0),('1998-08-05',29.22,26.06,32.67,1010.1,81.4,0),('1998-08-06',28.61,25.67,32.17,1010.3,85.22,1.3),('1998-08-07',28.83,25.67,32.83,1010.2,85.39,0.31),('1998-08-08',27.78,26.06,30.56,1009.7,84.52,0),('1998-08-09',27.39,25.33,30.83,1009.8,85.71,0.2),('1998-08-10',28.44,25.06,31.67,1010.4,84.06,0),('1998-08-11',28.33,25.17,31.83,1010.3,84.71,0.55),('1998-08-12',27.06,25.06,30.83,1010.3,87.7,0.2),('1998-08-13',27.94,25.06,31.17,1010.2,85.38,0.12),('1998-08-14',28.78,25.17,31.67,1010.4,85.07,2.24),('1998-08-15',29.28,25.83,31.67,1009.5,84.24,0.04),('1998-08-16',26.44,25.56,27.33,1009.1,90.19,0.24),('1998-08-17',26.72,25.06,28.33,1009.2,88.93,0.67),('1998-08-18',27.61,24.33,32.06,1010.6,85.44,0),('1998-08-19',28.61,25.83,31.83,1009.2,81.32,0),('1998-08-20',26.61,25.06,30.06,1007.9,88.48,0.2),('1998-08-21',28.06,24.67,31.33,1008.4,87.2,0),('1998-08-22',29.61,26.33,32.83,1010.2,81.22,0),('1998-08-23',29.17,27.06,31.83,1010.3,82.62,0),('1998-08-24',29.11,25.67,32.33,1010,81.4,0),('1998-08-25',28.33,25.83,31.83,1008.9,84.18,0),('1998-08-26',29.5,26.06,32.83,1008.9,79.64,0),('1998-08-27',28.56,19.83,33.83,1009.6,80.27,0),('1998-08-28',29.22,25.83,34.33,1009.6,81.16,0),('1998-08-29',29,25.06,34.56,1008.6,80.75,0),('1998-08-30',29.94,25.33,34.67,1007.9,78.25,0),('1998-08-31',28.89,27.06,33.06,1008.7,81.94,0),('1998-09-01',29.11,25.83,34.67,1009.7,79.91,0),('1998-09-02',29.67,25.33,35.33,1011.9,81.02,0),('1998-09-03',29.72,25.06,33.83,1011.7,77.32,0),('1998-09-04',29.39,26.83,32.06,1010.5,79.59,0),('1998-09-05',27.33,25.56,30.33,1010.4,87.72,0.12),('1998-09-06',27.67,24.33,31.83,1010.8,84.02,0),('1998-09-07',29.44,25.67,32.33,1011.3,76.55,0),('1998-09-08',30,25.33,36.06,1010.3,78.1,0),('1998-09-09',30.67,28.06,34.17,1008,74.7,0),('1998-09-10',29.17,26.83,33.17,1007.7,79.34,0),('1998-09-11',28.5,24.67,32.06,1007.3,79.27,0.04),('1998-09-12',28.78,26.06,34.83,1007.4,82.04,0.35),('1998-09-13',27.33,25.67,31.17,1006.5,87.72,0.17),('1998-09-14',27.22,24.83,30.17,1006.3,88.76,0.35),('1998-09-15',26.06,25.06,27.06,1006.5,93.02,1.57),('1998-09-16',28.39,26.33,30.83,1007.5,84.16,0.04),('1998-09-17',27.17,25.83,30.17,1007,87.12,0),('1998-09-18',25.33,25.06,25.67,1005.8,96.58,2.09),('1998-09-19',25.06,24.06,26.33,1005.3,94.47,0.87),('1998-09-20',25.17,23.83,28.06,1007.3,94.51,1.5),('1998-09-21',27.61,23.67,31.06,1008.2,86.4,0.67),('1998-09-22',28.17,25.17,32.17,1009.4,87.29,0.12),('1998-09-23',28.22,25.17,31.17,1009,84.39,0),('1998-09-24',27.89,25.33,30.67,1008.4,86.35,0.02),('1998-09-25',27.44,25.17,29.83,1008.6,86.96,0),('1998-09-26',27.83,24.67,33.33,1008,84.3,0),('1998-09-27',27.72,25.56,31.83,1006.7,84.85,0),('1998-09-28',27.67,25.83,30.67,1006.3,86.51,0.08),('1998-09-29',28,25.33,30.33,1006.6,85.31,0),('1998-09-30',27.28,25.33,31.33,1007.5,89.49,0.94),('1998-10-01',27.39,24.67,30.17,1006.1,87.26,0.16),('1998-10-02',27.61,25.67,29.83,1007.1,89.09,0.63),('1998-10-03',28.17,25.17,32.06,1008.6,86.86,0.04),('1998-10-04',28.28,25.17,31.67,1009.6,85.96,0),('1998-10-05',27.11,24.67,30.67,1010.1,87.78,2.4),('1998-10-06',27.83,24.83,29.67,1009.1,85.65,0.28),('1998-10-07',26.22,24.33,30.83,1009.7,91.02,1.3),('1998-10-08',27,25.06,30.56,1010.3,91.37,2.2),('1998-10-09',27.22,25.33,29.67,1010.4,91.23,1.57),('1998-10-10',28.5,25.67,31.33,1010.2,85.09,0.2),('1998-10-11',29.06,27.33,31.17,1010.3,83.94,0),('1998-10-12',29.17,27.17,31.67,1009.8,82.91,0),('1998-10-13',27.33,26.06,28.83,1005,86.08,0.08),('1998-10-14',26.33,25.67,27.33,999.7,88.96,0.87),('1998-10-15',28.22,26.83,30.56,1003.4,82.3,0),('1998-10-16',28.67,25.67,32.33,1006.8,86.2,0.01),('1998-10-17',28.5,25.67,31.83,1007.5,85.29,0),('1998-10-18',28,25.83,32.33,1007,88.18,0),('1998-10-19',28.17,25.67,31.17,1008.3,84.7,0),('1998-10-20',26.94,25.17,30.06,1008,89.25,0.83),('1998-10-21',26.33,24.67,28.17,1006.1,91.54,0.69),('1998-10-22',25.22,24.06,26.17,999.6,93.21,2.66),('1998-10-23',24.44,23.67,28.06,1002.4,94.6,4.02),('1998-10-24',25.67,20.33,28.17,1006.8,91.59,0.08),('1998-10-25',26.17,25.06,28.33,1009.1,94.71,0.24),('1998-10-26',28.28,26.33,31.17,1010.4,86.88,0),('1998-10-27',27.94,25.33,31.67,1011.6,87.55,0.83),('1998-10-28',28.28,26.06,31.06,1013,83.79,0.08),('1998-10-29',28.39,27.06,30.17,1011.7,85.79,0),('1998-10-30',28,25.56,30.67,1012.3,83.27,0),('1998-10-31',28.28,26.67,31.06,1011.5,83.93,0.12),('1998-11-01',28.11,26.33,30.33,1010.6,85.37,0),('1998-11-02',27.94,26.83,30.06,1010.1,84.85,0),('1998-11-03',28.06,25.83,30.33,1009.3,82.46,0),('1998-11-04',27.39,25.83,29.67,1009.2,86.73,0.32),('1998-11-05',27.72,24.67,30.33,1009.2,85.14,0),('1998-11-06',28.06,25.67,30.17,1009.7,86.29,0.2),('1998-11-07',27.56,25.33,30.33,1008.9,87.79,0.08),('1998-11-08',27.94,27.17,29.83,1009.2,85.05,0),('1998-11-09',28.33,27.33,29.83,1009.3,84.62,0),('1998-11-10',27.61,25.33,30.67,1009.1,86.47,0.08),('1998-11-11',26.5,24.83,28.06,1009.3,89.62,1.02),('1998-11-12',27.56,24.67,30.06,1009.2,88.23,0.59),('1998-11-13',27.11,24.33,30.56,1008.7,90.1,2.99),('1998-11-14',27.39,24.83,30.67,1010.1,89.6,1.28),('1998-11-15',28,26.56,29.67,1010.4,86.09,0.04),('1998-11-16',27.83,27.06,29.67,1008.4,89.72,0.31),('1998-11-17',27.72,25.33,30.67,1007.2,87.72,1.22),('1998-11-18',26.33,24.83,27.33,1008.8,92.18,1.69),('1998-11-19',25.94,24.17,28.06,1009.3,91.62,0.91),('1998-11-20',27.28,24.06,30.17,1009.9,86.46,0.75),('1998-11-21',27.06,25.83,29.67,1009.4,88.45,0.02),('1998-11-22',27.72,25.33,30.33,1007.9,87.23,0),('1998-11-23',27.5,26.33,29.33,1006.6,89.98,0.12),('1998-11-24',26.89,25.17,29.06,1005.9,89.42,1.42),('1998-11-25',27.11,24.56,30.17,1008,90.18,0),('1998-11-26',27.5,25.06,30.06,1009.7,86.45,0),('1998-11-27',27.72,25.06,31.06,1010.8,86.26,0),('1998-11-28',27.89,24.67,32.56,1010.6,86.46,0),('1998-11-29',27.28,25.83,29.56,1010.8,87.56,0.31),('1998-11-30',27.44,24.83,30.67,1010.7,84.25,0),('1998-12-01',28.22,26.33,30.67,1010.6,83.33,0),('1998-12-02',27.22,22.67,30.83,1010.6,86.55,0.04),('1998-12-03',28.17,26.67,30.06,1011.6,85.9,0.02),('1998-12-04',27.94,26.17,30.67,1012,83.44,0),('1998-12-05',27.89,26.06,30.17,1012.2,81.94,0.08),('1998-12-06',26.94,25.83,29.06,1011.7,88.7,0.59),('1998-12-07',26.78,26.06,28.06,1009.5,87.51,0),('1998-12-08',26.89,26.33,28.06,1009.1,89.72,0.16),('1998-12-09',26.78,25.17,28.17,1010.7,89.56,0.31),('1998-12-10',25.11,24.56,25.83,1010.1,95.36,3.27),('1998-12-11',25.56,24.56,26.83,1005.5,95.35,5.87),('1998-12-12',26.94,25.83,28.83,1008.7,89.46,1.14),('1998-12-13',27.5,26.06,29.67,1011.3,88.25,0.04),('1998-12-14',26.72,24.06,29.67,1011.4,87.62,1.85),('1998-12-15',26.11,25.17,27.67,1009.5,89.39,0.18),('1998-12-16',26.72,25.17,29.67,1009.2,91.09,0.16),('1998-12-17',27,25.83,29.17,1009.1,89.95,0.24),('1998-12-18',25.83,24.67,27.67,1008,93.53,3.7),('1998-12-19',27.28,24.56,30.06,1008,86.83,0),('1998-12-20',27.06,25.67,29.33,1007.6,90.91,0.1),('1998-12-21',26.56,24.33,29.67,1009,91.66,0),('1998-12-22',26.94,24.83,29.67,1009.3,87.98,0),('1998-12-23',27.72,25.56,30.06,1009.1,84.81,0),('1998-12-24',27.33,24.83,30.17,1010,84.82,0),('1998-12-25',26.28,25.33,27.33,1011.1,92.36,0),('1998-12-26',26,25.17,26.83,1012.2,86.91,0.16),('1998-12-27',26.33,25.06,28.17,1013.1,89.46,0.24),('1998-12-28',26.11,25.33,28.06,1013.5,89.11,0.63),('1998-12-29',26.39,25.67,28.06,1012.1,87.31,0.2),('1998-12-30',26.17,25.06,28.67,1011.2,88.79,0),('1998-12-31',26.17,24.67,28.56,1012.7,86.34,0),('1999-01-01',26.06,25.06,27.56,1012.5,85.46,0),('1999-01-02',26.33,25.67,27.17,1010.6,79.76,0),('1999-01-03',26.22,25.06,28.17,1009,85.49,0),('1999-01-04',26.17,25.06,27.67,1007.8,89.78,0),('1999-01-05',25.78,23.83,28.33,1006.4,90.04,0),('1999-01-06',26.22,25.17,28.06,1007.4,91.37,0),('1999-01-07',26.56,25.67,28.06,1008,84.79,0),('1999-01-08',26.06,24.83,27.83,1009.2,83.45,0),('1999-01-09',25.22,24.06,27.33,1010.7,91.63,0),('1999-01-10',23.5,23.33,23.67,1011,96.15,0),('1999-01-11',26.61,25.17,27.67,1013.5,74.97,0),('1999-01-12',25.78,24.83,27.06,1013.3,88.26,0),('1999-01-13',24.67,23.83,25.83,1014.3,90.9,0),('1999-01-14',25.44,24.06,28.67,1013.3,91.16,0),('1999-01-15',25.39,23.67,27.67,1013.3,91.34,0),('1999-01-16',26,24.83,28.17,1014.6,88.32,0),('1999-01-17',26.39,24.33,28.67,1013.8,87.52,0),('1999-01-18',25.94,24.17,27.06,1011.3,87.43,0),('1999-01-19',26.33,24.67,28.83,1010.9,90.95,0),('1999-01-20',26.17,25.17,27.33,1012,89.4,0),('1999-01-21',26.39,25.06,28.06,1012.1,84.02,0),('1999-01-22',26.06,25.06,26.83,1011.4,87.02,0),('1999-01-23',25.56,23.33,28.06,1010.4,92.35,0),('1999-01-24',26.83,25.67,29.33,1010.2,89.48,0),('1999-01-25',27.39,25.67,29.17,1008.8,85.05,0),('1999-01-26',27.17,25.33,28.83,1008,84.78,0),('1999-01-27',27.33,25.83,29.06,1008.8,84.66,0),('1999-01-28',26.67,24.83,28.67,1010,87.69,0),('1999-01-29',26.56,24.83,29.83,1009.7,83.51,0),('1999-01-30',26.06,24.67,28.83,1009.6,82.46,0),('1999-01-31',26.61,25.67,29.17,1009.6,77.8,0),('1999-02-01',26.5,24.17,28.83,1009.5,82.97,0),('1999-02-02',26.56,25.06,28.67,1009.6,86.73,0),('1999-02-03',24.89,24.17,26.06,1011.9,86.08,0),('1999-02-04',24.89,24.06,25.56,1013.8,76.82,0),('1999-02-05',24.56,22.67,26.67,1015.1,81.32,0),('1999-02-06',25.22,23.17,27.67,1014.6,76.07,0),('1999-02-07',24.56,23.83,25.17,1013.2,87.79,0),('1999-02-08',25.78,24.83,27.06,1012.3,83.57,0),('1999-02-09',26.5,24.83,29.06,1012.4,80.03,0),('1999-02-10',26.56,25.17,28.67,1013.6,77.78,0),('1999-02-11',26.22,24.67,28.06,1014.4,85.99,0),('1999-02-12',26.5,24.83,29.06,1015.8,79.19,0),('1999-02-13',24.72,24.06,25.33,1014.5,82.93,0),('1999-02-14',25,23.33,26.06,1014.7,74.91,0),('1999-02-15',25.28,23.67,27.67,1014.1,78.12,0),('1999-02-16',24.61,23.17,26.67,1014.1,84.16,0),('1999-02-17',25.06,23.33,27.33,1013.6,76.88,0),('1999-02-18',25.94,22.83,29.06,1013,75.37,0),('1999-02-19',25.06,22.06,28.33,1013.6,82.97,0),('1999-02-20',25.28,23.67,27.67,1014.3,81.29,0),('1999-02-21',25.33,24.06,27.33,1015.6,81.42,0),('1999-02-22',25.94,24.83,27.67,1014.3,78.38,0),('1999-02-23',25.83,23.83,28.17,1014.1,86.05,0),('1999-02-24',26.56,24.83,28.83,1014.2,79.27,0),('1999-02-25',26.22,24.33,28.67,1013.5,79.1,0),('1999-02-26',26.11,23.33,28.67,1012,85.24,0),('1999-02-27',27.5,25.67,29.83,1012,84.19,0),('1999-02-28',26.78,25.17,29.33,1013.3,79.51,0),('1999-03-01',25.89,24.67,27.33,1012.2,82.34,0),('1999-03-02',25.17,24.17,26.17,1009.5,90.1,0),('1999-03-03',25.17,24.17,26.33,1006.8,94.32,0),('1999-03-04',26,24.06,28.67,1005.2,90.5,0),('1999-03-05',27.44,25.06,30.17,1004.6,85.73,0),('1999-03-06',25.83,25.06,27.33,1004.6,93.84,0),('1999-03-07',25.78,24.33,28.67,1005.1,94.06,0),('1999-03-08',26.17,24.17,30.33,1005.1,89.36,0),('1999-03-09',26.17,24.83,29.06,1006.2,86.75,0),('1999-03-10',27.28,25.33,30.06,1007.8,85.15,0),('1999-03-11',27.61,24.67,30.67,1008,84.57,0),('1999-03-12',27.94,25.67,30.17,1008.7,81.61,0),('1999-03-13',27.72,25.33,30.33,1008.9,82.82,0),('1999-03-14',28.5,26.17,30.67,1009.7,82.82,0),('1999-03-15',28.44,26.17,31.17,1008.5,83.6,0),('1999-03-16',27.44,25.33,30.67,1008.6,85.92,0),('1999-03-17',28,25.67,30.17,1009,82.21,0),('1999-03-18',27.28,25.06,29.33,1009,84.94,0),('1999-03-19',27.39,25.06,29.83,1008.6,83.44,0),('1999-03-20',27.61,24.67,30.17,1007.8,83.6,0),('1999-03-21',28.33,25.83,30.67,1009,80.57,0),('1999-03-22',28.06,26.17,30.67,1010,82.17,0),('1999-03-23',28.17,26.56,30.17,1011.1,75.95,0),('1999-03-24',27.61,25.17,29.67,1012,81.98,0),('1999-03-25',27.44,24.67,30.17,1011.4,84.58,0),('1999-03-26',28.39,26.67,30.56,1010.7,77.48,0),('1999-03-27',28.61,26.67,30.83,1010.7,81.59,0),('1999-03-28',27.17,26.33,29.06,1010.1,86.39,0),('1999-03-29',27.17,23.83,30.33,1008.7,85.92,0),('1999-03-30',24.94,24.06,25.67,1007.4,95.91,0),('1999-03-31',25.89,24.67,27.83,1008.6,93.92,0),('1999-04-01',26.22,24.33,28.67,1010.1,93.74,0),('1999-04-02',26.89,24.67,29.67,1011,86.55,0),('1999-04-03',27.94,26.06,30.67,1011.1,83.02,0),('1999-04-04',27.78,26.67,29.33,1010.5,85.51,0),('1999-04-05',26.72,24.67,29.67,1009.5,88.72,0),('1999-04-06',26.33,24.56,29.17,1008.5,89.72,0),('1999-04-07',27.06,24.33,29.67,1009.6,87.39,0),('1999-04-08',27.67,25.67,30.17,1009.6,83.8,0),('1999-04-09',27.89,26.06,29.67,1010.2,86.29,0),('1999-04-10',28.06,26.67,30.67,1009.3,85.74,0),('1999-04-11',28.11,26.06,30.83,1008.1,88.12,0),('1999-04-12',28.39,25.17,32.33,1007.5,85.05,0),('1999-04-13',28.83,26.17,32.83,1008.9,84,0),('1999-04-14',28.28,26.83,30.17,1009.6,86.74,0),('1999-04-15',28.5,26.83,30.56,1010.1,80.81,0),('1999-04-16',28.5,26.17,30.67,1009.8,81.09,0),('1999-04-17',28.33,26.06,30.83,1009.2,82.67,0),('1999-04-18',27.78,24.83,30.83,1008.8,85.21,0),('1999-04-19',28,25.06,30.33,1008.7,85.37,0),('1999-04-20',28.94,27.67,31.06,1009.6,78.7,0),('1999-04-21',28.67,27.06,30.67,1009.8,81.1,0),('1999-04-22',28.89,26.67,31.17,1007.8,79.55,0),('1999-04-23',28.72,26.06,32.06,1006.1,86.59,0),('1999-04-24',29.11,27.06,31.33,1006.3,84.9,0),('1999-04-25',28.89,25.33,33.83,1006.3,82.54,0),('1999-04-26',27.89,25.17,31.06,1006.1,84,0),('1999-04-27',27.89,25.06,35.67,1007.5,84.33,0),('1999-04-28',26.89,25.06,30.33,1010.2,89.66,0),('1999-04-29',27.72,24.33,30.33,1010.6,85.39,0),('1999-04-30',27.44,25.17,30.67,1011.1,87.16,0),('1999-05-01',27.78,24.67,30.83,1011.2,85.06,0),('1999-05-02',27.06,25.06,30.06,1010.6,89.27,0),('1999-05-03',27.78,25.33,30.83,1009.5,88.02,0),('1999-05-04',27.83,25.67,30.83,1009.7,85.99,0),('1999-05-05',28.06,25.17,34.17,1009.6,84.02,0),('1999-05-06',26.72,24.83,30.56,1008.9,86.01,0),('1999-05-07',27.17,23.67,30.83,1008.5,87.14,0),('1999-05-08',28.28,24.67,32.17,1009.3,81.94,0),('1999-05-09',28.06,25.33,32.06,1009.4,84.1,0),('1999-05-10',28.17,25.17,32.33,1008.7,81.13,0),('1999-05-11',28.06,25.33,31.33,1009.7,83.73,0),('1999-05-12',27.06,25.67,29.33,1010.7,87.88,0),('1999-05-13',27.83,24.83,31.17,1010.9,83.48,0),('1999-05-14',28.17,25.67,31.67,1009.4,84.06,0),('1999-05-15',28.06,25.17,31.33,1008.4,80.84,0),('1999-05-16',28.06,26.06,30.83,1008.9,85.6,0),('1999-05-17',28.56,25.83,31.33,1008.8,81.83,0),('1999-05-18',28.83,25.33,32.06,1008.5,82.81,0),('1999-05-19',29.11,26.67,32.17,1009.6,81.16,0),('1999-05-20',27.22,25.17,30.17,1011.1,88.26,0),('1999-05-21',27.22,20.17,30.67,1010.2,85.63,0),('1999-05-22',28.33,26.83,31.33,1010.2,84.18,0),('1999-05-23',28.39,25.33,31.56,1010,85.65,0),('1999-05-24',28.89,25.33,31.06,1008.1,82.69,0),('1999-05-25',29.11,25.33,33.06,1008.1,81.29,0),('1999-05-26',26.33,25.83,26.83,1011.2,90.39,0),('1999-05-27',27.94,26.06,32.33,1011.1,87.03,0),('1999-05-28',28.56,26.67,33.06,1009.5,80.6,0),('1999-05-29',29.28,27.67,32.33,1007.4,82.65,0),('1999-05-30',28.83,27.06,31.83,1008,81.58,0),('1999-05-31',29.44,26.06,32.06,1007.8,78.99,0),('1999-06-01',28.83,25.83,31.83,1006.8,82.29,0),('1999-06-02',29.83,27.06,32.83,1005.6,78.94,0),('1999-06-03',28.61,26.17,30.83,1004.1,85.9,0),('1999-06-04',27.5,26.06,29.67,1002.1,88.83,0),('1999-06-05',26.11,25.33,27.33,1001,93.41,0),('1999-06-06',28,25.17,30.17,1003.5,76.11,0),('1999-06-07',28.89,27.06,31.67,1008.4,79.14,0),('1999-06-08',28.56,24.33,32.33,1009.5,79.69,0),('1999-06-09',27.22,26.06,28.33,1010.9,84.5,0),('1999-06-10',28.39,26.17,31.06,1009.7,83.3,0),('1999-06-11',28.56,25.06,33.67,1008.6,80.89,0),('1999-06-12',27.11,26.17,28.83,1009.3,89.29,0),('1999-06-13',28.06,25.17,31.67,1009.4,85.06,0),('1999-06-14',28,24.83,31.33,1009.9,83.04,0),('1999-06-15',26.78,25.67,29.83,1009.5,88.16,0),('1999-06-16',27.94,25.17,30.83,1009.4,86.25,0),('1999-06-17',26.89,24.67,30.33,1009.5,88.17,0),('1999-06-18',27.33,24.67,30.67,1009.7,85.16,0),('1999-06-19',27.28,25.17,31.33,1010.5,87.95,0),('1999-06-20',27.94,23.67,32.17,1008.4,83.03,0),('1999-06-21',28.11,24.83,31.06,1010.1,84.43,0),('1999-06-22',28.5,25.83,31.17,1010.3,82.59,0),('1999-06-23',28.17,25.17,31.67,1010,81.72,0),('1999-06-24',27.39,24.06,30.06,1010,84.06,0),('1999-06-25',27.61,23.83,30.06,1009.5,84.4,0),('1999-06-26',27.44,24.33,30.67,1010.3,84.39,0),('1999-06-27',27.72,25.56,30.17,1010.2,87.76,0),('1999-06-28',26.5,24.67,29.83,1009.4,89.98,0),('1999-06-29',26,23.67,28.83,1008.6,92.01,0),('1999-06-30',27.5,24.83,31.67,1007.9,84.69,0),('1999-07-01',27.39,24.33,31.06,1008,88.31,0),('1999-07-02',27.11,25.06,30.06,1008.8,89.03,0),('1999-07-03',27.67,24.06,30.83,1009.6,83.9,0),('1999-07-04',28.78,25.33,31.33,1010.2,82.99,0),('1999-07-05',27.94,25.83,30.33,1010,84.77,0),('1999-07-06',27.83,24.06,32.56,1009.9,83.98,0),('1999-07-07',27.72,25.06,30.83,1009.7,83.1,0),('1999-07-08',26.72,25.06,30.17,1008.7,88.65,0),('1999-07-09',26.5,24.06,30.33,1008.1,89.97,0),('1999-07-10',27,23.67,32.67,1007.7,89.53,0),('1999-07-11',28.06,25.06,31.33,1007.3,84.14,0),('1999-07-12',27.5,26.06,30.67,1007.5,87.01,0),('1999-07-13',27.61,24.67,31.17,1007.3,85.28,0),('1999-07-14',28.39,24.83,31.67,1007.7,83.19,0),('1999-07-15',29,25.33,33.17,1007.9,82.29,0),('1999-07-16',28.78,26.06,32.17,1008.3,86.73,0),('1999-07-17',29.56,26.17,32.67,1009.3,82.14,0),('1999-07-18',28.39,25.83,32.06,1008.7,85.64,0),('1999-07-19',28.33,26.33,32.06,1007.8,83.91,0),('1999-07-20',27.5,26.06,31.33,1006.5,83.32,0),('1999-07-21',25.72,24.33,27.17,1005.9,89.64,0),('1999-07-22',26.67,23.67,29.67,1002.7,86.2,0),('1999-07-23',25.22,24.06,27.67,1001.6,92.9,0),('1999-07-24',25.33,23.83,26.67,1002.2,91.79,0),('1999-07-25',26.83,25.33,29.06,1004.4,85.29,0),('1999-07-26',29,27.33,31.17,1006.3,73.03,0),('1999-07-27',29.39,26.33,32.56,1006.4,76.45,0),('1999-07-28',28.17,25.67,32.06,1006,85.01,0),('1999-07-29',26.56,24.67,29.67,1004.7,88.81,0),('1999-07-30',26.61,24.56,28.33,1005.5,91.62,0),('1999-07-31',27.17,25.17,29.67,1006.6,87.56,0),('1999-08-01',27.28,25.56,31.17,1005.6,88.51,0),('1999-08-02',26.22,24.83,29.67,1004.2,91.75,0),('1999-08-03',25,24.17,25.67,1003.8,96.42,0),('1999-08-04',25.94,24.06,27.67,1004.6,93.22,0),('1999-08-05',27.33,24.67,30.33,1005.4,87.46,0),('1999-08-06',28.11,25.83,31.06,1006,84.89,0),('1999-08-07',27.61,24.17,31.56,1007.5,83.41,0),('1999-08-08',28.89,26.67,31.67,1007.9,80.97,0),('1999-08-09',28.33,25.17,31.17,1008.6,84.43,0),('1999-08-10',28.39,25.33,31.67,1008.9,84.2,0),('1999-08-11',28.33,25.33,31.83,1009.6,83.04,0),('1999-08-12',27.56,25.56,31.83,1009.3,84.74,0),('1999-08-13',25.89,25.06,28.17,1010,90.24,0),('1999-08-14',26.83,23.06,30.17,1011,84.12,0),('1999-08-15',27.72,23.83,30.83,1011.9,80.23,0),('1999-08-16',26.28,24.06,29.83,1011.3,89.92,0),('1999-08-17',27.5,24.56,31.33,1009.2,83.43,0),('1999-08-18',27.33,25.33,30.33,1009,87.89,0),('1999-08-19',26.11,24.06,28.06,1006.6,89.91,0),('1999-08-20',26.28,23.56,30.67,1004.9,89.89,0),('1999-08-21',26.06,24.67,28.33,1006.6,93,0),('1999-08-22',26.56,24.67,30.17,1010.2,90.77,0),('1999-08-23',27.67,24.06,30.83,1012.4,85.65,0),('1999-08-24',26.83,25.33,28.67,1011.9,90.69,0),('1999-08-25',26.44,24.06,28.83,1011.3,87.76,0),('1999-08-26',26.83,24.83,29.67,1012.4,87.87,0),('1999-08-27',27.94,25.06,30.67,1013.2,85.76,0),('1999-08-28',27.89,25.83,30.33,1013,88.14,0),('1999-08-29',28.22,26.33,30.83,1012,87.51,0),('1999-08-30',26.67,25.17,29.83,1010.3,88.65,0),('1999-08-31',27.17,25.06,32.17,1009.7,87.82,0),('1999-09-01',26.33,25.06,27.83,1008.3,90.25,0),('1999-09-02',26.83,25.67,28.67,1005.5,89.96,0),('1999-09-03',28.17,25.67,30.83,1006.2,86.29,0),('1999-09-04',27.5,25.67,31.33,1008,87.96,0),('1999-09-05',26.89,25.56,29.67,1008.7,89.3,0),('1999-09-06',27.83,24.06,31.67,1009.4,84.98,0),('1999-09-07',28.28,25.17,32.06,1010.2,85.52,0),('1999-09-08',28.39,24.83,32.06,1010.2,84.59,0),('1999-09-09',27.44,25.06,30.83,1008.7,86.99,0),('1999-09-10',26.67,25.06,28.67,1007,88.14,0),('1999-09-11',24.89,24.33,25.33,1005.1,95.1,0),('1999-09-12',26.61,24.33,29.33,1004,87.81,0),('1999-09-13',26.22,25.06,28.06,1004.6,86.42,0),('1999-09-14',26.89,24.56,29.83,1006.8,89.4,0),('1999-09-15',28.78,26.33,31.17,1007.2,81.08,0),('1999-09-16',26.94,24.33,31.06,1008.7,85.15,0),('1999-09-17',27.94,24.06,31.06,1009,82.3,0),('1999-09-18',27.83,24.67,31.33,1008.8,84.09,0),('1999-09-19',28.39,25.67,31.17,1009.5,84.88,0),('1999-09-20',27.72,25.06,31.33,1010.5,85.98,0),('1999-09-21',28.11,24.67,32.06,1010.6,84.64,0),('1999-09-22',27.72,24.67,31.33,1009.6,83.94,0),('1999-09-23',28.06,25.06,31.17,1010.4,83.06,0),('1999-09-24',27.5,25.06,32.33,1011.9,87.35,0),('1999-09-25',27.06,25.33,29.67,1010.7,84.8,0),('1999-09-26',26.5,24.56,29.83,1010.1,86.99,0),('1999-09-27',28.06,25.06,30.17,1011,83.01,0),('1999-09-28',27.44,24.33,29.33,1010,86.07,0.07),('1999-09-29',27.61,25.67,29.83,1008.7,88.46,0.02),('1999-09-30',26.78,24.06,30.06,1009.4,86.37,0.11),('1999-10-01',27.83,24.67,30.56,1009.6,84.49,0),('1999-10-02',26.78,24.67,30.33,1010.3,87.23,0.05),('1999-10-03',27.44,23.33,30.56,1010.1,84.39,0),('1999-10-04',28.39,24.83,32.83,1008.9,84.04,0),('1999-10-05',28.44,25.17,32.17,1007.1,80.99,0),('1999-10-06',28.78,26.06,32.33,1008.8,84.5,0),('1999-10-07',28,25.17,31.83,1008.6,83.21,0.03),('1999-10-08',28.5,24.67,34.06,1009.7,81.66,0),('1999-10-09',28.83,24.33,32.67,1010.7,78.22,0),('1999-10-10',29.44,26.17,32.17,1010.7,79.03,0.03),('1999-10-11',27.5,25.67,29.83,1009.1,87.22,2.7),('1999-10-12',26.56,24.06,28.83,1010.9,89.12,0.46),('1999-10-13',27.39,25.17,30.17,1010.7,85.85,0.07),('1999-10-14',27.78,25.06,30.17,1010.3,84.59,0.04),('1999-10-15',27.72,25.17,30.33,1009,86.87,0.12),('1999-10-16',25,24.17,26.33,1006.6,92.95,0.28),('1999-10-17',26.33,23.83,28.33,1006.2,91.61,1.18),('1999-10-18',26.44,24.67,29.67,1008.7,89.71,0.39),('1999-10-19',27.39,24.83,30.17,1011.2,88.55,0.36),('1999-10-20',28.39,26.17,31.06,1010.7,84.17,0),('1999-10-21',28,26.67,30.17,1009.9,87.35,0.07),('1999-10-22',27.17,24.06,30.06,1010.4,87.6,0.86),('1999-10-23',23.67,23.67,23.67,1011.7,86.96,0),('1999-10-24',27.94,26.06,29.67,1011.1,83.79,0.02),('1999-10-26',27.44,26.67,28.67,1011.5,84.28,0.24),('1999-10-27',27.17,25.67,29.17,1010.9,85.38,0.35),('1999-10-28',28.22,25.17,31.06,1010.5,84.6,1.22),('1999-10-29',28.22,26.67,30.06,1010.1,84.92,0),('1999-10-30',28.06,26.67,30.17,1009.8,87.71,0),('1999-10-31',27.61,25.83,30.06,1009.8,88.2,0.79),('1999-11-01',27.67,24.83,30.83,1010.7,88.25,0.19),('1999-11-02',26.89,25.67,28.33,1010.4,91.32,0.28),('1999-11-03',26.61,26.17,27.06,1008,90.11,0.73),('1999-11-04',28,26.06,31.06,1008.3,87.53,0.2),('1999-11-05',28.11,27.06,30.17,1009.9,87.81,0.03),('1999-11-06',28.56,25.83,31.17,1010.6,82.87,0),('1999-11-07',27.89,26.83,29.67,1009.2,81.81,0.03),('1999-11-08',26.61,24.17,28.33,1006.5,87.05,0.31),('1999-11-09',24.94,23.67,26.06,1007.1,91.7,2.8),('1999-11-10',25,23.33,27.06,1010.3,92.44,0.16),('1999-11-11',26.61,24.06,29.06,1010.3,85.36,0),('1999-11-12',27,24.17,29.67,1009.5,81.02,0),('1999-11-13',26.33,23.17,29.83,1010,82.08,0),('1999-11-14',27,24.06,29.83,1009.8,82.94,0),('1999-11-15',27.28,23.17,30.17,1010,79.86,0),('1999-11-16',26.83,25.67,27.67,1013.3,80.5,0.11),('1999-11-17',26.28,25.06,27.83,1014.1,82.21,0.03),('1999-11-18',26.06,24.06,28.06,1011.4,90.14,0.37),('1999-11-19',26.5,25.17,29.06,1010,89.19,0.11),('1999-11-20',26.72,24.17,28.67,1011.2,88.34,0.74),('1999-11-21',27.61,25.83,29.67,1011.6,85.78,0),('1999-11-22',25.11,24.17,26.17,1012.2,94.49,1.73),('1999-11-23',26,24.67,29.67,1010.2,89.9,0.12),('1999-11-24',26.5,25.06,28.67,1009.3,89.1,0.71),('1999-11-25',27.28,24.33,30.17,1008.4,88.48,0.08),('1999-11-26',28.44,26.67,30.67,1009.6,84.68,0),('1999-11-27',27.5,25.83,30.06,1009.8,88.58,0.47),('1999-11-28',27.22,25.67,30.33,1008.9,88.6,1.03),('1999-11-29',25.89,24.83,27.33,1008.4,90.32,0.55),('1999-11-30',26.78,24.83,29.17,1008.9,89.08,0.15),('1999-12-01',27.28,24.67,30.56,1010.3,86.76,0.11),('1999-12-02',27.61,24.67,30.17,1011.2,84.07,0),('1999-12-03',27,26.06,29.33,1013.2,89.28,0.87),('1999-12-04',27.28,26.06,29.67,1012.6,87.06,0.19),('1999-12-05',27.33,26.06,30.33,1011.8,87.82,0.2),('1999-12-06',26.61,25.67,28.56,1010.2,86.78,0.28),('1999-12-07',25.33,24.83,26.06,1009.7,92.53,1.02),('1999-12-08',26.17,24.17,28.06,1009,92.32,0.75),('1999-12-09',26.89,25.67,28.56,1008.4,88.08,0.03),('1999-12-10',27.28,25.67,29.67,1008.7,87.36,0),('1999-12-11',25.94,25.67,26.67,1009.3,93.03,1.42),('1999-12-12',27.06,26.17,28.33,1010,88.09,0.03),('1999-12-13',26.5,26.06,27.83,1008.9,92.39,0.16),('1999-12-14',26.11,25.33,27.17,1008.5,91.16,0.98),('1999-12-15',25.83,25.33,26.67,1008.6,91.08,0.4),('1999-12-16',26.61,25.06,29.06,1009.4,90.56,0.59),('1999-12-17',26.78,25.17,29.06,1009,88.74,0.32),('1999-12-18',27.11,25.06,30.33,1008.8,86.87,0.02),('1999-12-19',26.06,24.67,28.67,1007.9,91.9,0.51),('1999-12-20',24.61,23.33,26.83,1009.3,94.65,0.94),('1999-12-21',24.22,23.06,25.17,1011,87.83,0),('1999-12-22',24.78,24.67,25.06,1012.3,79.83,0.04),('1999-12-23',24.17,23.67,25.06,1013.3,80.97,0.19),('1999-12-24',23.67,22.33,24.67,1013.7,85.84,0.06),('1999-12-25',24.28,22.67,26.06,1012.5,88.63,0.11),('1999-12-26',24.67,22.83,27.17,1011.9,91.79,0.24),('1999-12-27',26,24.33,28.06,1012.3,92.55,0.2),('1999-12-28',26.72,24.17,29.17,1012.1,89.23,0.27),('1999-12-29',26.78,25.67,29.06,1010,88.66,0),('1999-12-30',27.11,25.67,29.67,1010.1,87.31,0),('1999-12-31',27.28,26.06,29.67,1010.1,88.35,0.19),('2000-01-01',26.72,25.67,28.56,1010.7,88.88,0.17),('2000-01-02',27.39,25.67,29.67,1010.5,85.15,0),('2000-01-03',26.5,25.06,28.06,1010.8,81.26,0.03),('2000-01-04',26.17,24.67,27.67,1010.9,80.91,0.03),('2000-01-05',26,24.06,28.56,1010.6,84.17,0.08),('2000-01-06',26.44,24.67,29.33,1009.2,83.34,0),('2000-01-07',26,24.67,28.33,1010,89.07,0.31),('2000-01-08',25.67,23.06,27.83,1011.1,88.71,0),('2000-01-09',26.17,24.33,29.67,1011.5,84.8,0.02),('2000-01-10',26.83,25.83,28.67,1012,86.38,0),('2000-01-11',26.89,25.67,30.06,1012.3,83.27,0),('2000-01-12',26.06,25.06,28.06,1011.2,84.84,0),('2000-01-13',26.44,24.67,29.33,1010.1,85.92,0.04),('2000-01-14',27.94,25.67,29.83,1010,83.9,0),('2000-01-15',27.67,26.06,30.17,1009.6,83.84,0),('2000-01-16',27.5,26.06,29.83,1010.7,83.22,0),('2000-01-17',27.28,25.33,30.06,1010,82.96,0.03),('2000-01-18',26.33,24.67,28.33,1009.5,82.25,0.03),('2000-01-19',26.33,23.56,29.56,1010.4,78.25,0),('2000-01-20',25.44,22.67,28.17,1011.4,85.16,0.01),('2000-01-21',24.61,24.06,25.67,1013.8,92.89,4.41),('2000-01-22',24.78,23.33,26.17,1014.3,90.51,1.54),('2000-01-23',25.06,23.06,26.56,1014.1,87.68,1.66),('2000-01-24',25.33,24.17,26.67,1014.1,83.75,1.62),('2000-01-25',25.06,23.67,26.06,1013.8,83.87,0.46),('2000-01-26',26,23.56,28.33,1014,79.33,0.24),('2000-01-27',26.11,23.83,28.83,1014.4,76.01,0),('2000-01-28',25.06,23.06,26.83,1015.7,77.65,0.62),('2000-01-29',25.94,23.67,29.33,1016.6,67.71,0),('2000-01-30',25.67,24.06,28.06,1017,72.8,0.06),('2000-01-31',23.72,22.83,24.17,1016.3,82.91,0.26),('2000-02-01',23.83,22.83,24.67,1014.6,85.28,0.27),('2000-02-02',24.5,23.83,25.67,1013.2,89.19,0.08),('2000-02-03',24.56,24.17,25.06,1011.3,92.17,0.55),('2000-02-04',25.5,23.83,27.67,1009.5,91.11,0.35),('2000-02-05',25.78,24.33,27.83,1008.6,91.94,0.79),('2000-02-06',26,24.06,29.33,1008.8,89.46,0.28),('2000-02-07',27,24.67,30.06,1008.1,86.73,0),('2000-02-08',25.67,24.67,26.33,1009.1,87.08,0.59),('2000-02-09',24.33,23.33,24.83,1012.2,82.88,0.16),('2000-02-10',23.78,22.67,25.67,1012.7,88.44,1.69),('2000-02-11',25.5,23.67,27.56,1011.4,89.67,0.2),('2000-02-12',25.83,24.67,27.83,1010.6,92.15,0.22),('2000-02-13',26.22,24.67,29.06,1009.7,88.64,0.02),('2000-02-14',27.06,25.33,29.17,1009.3,88.21,0),('2000-02-15',26.56,25.33,28.67,1010.9,86.22,0.1),('2000-02-16',25.06,23.67,26.06,1012.9,85.15,0.22),('2000-02-17',24.39,23.33,25.17,1012.9,88.26,0.23),('2000-02-18',25.39,24.67,26.56,1012.7,87.09,0),('2000-02-19',25.89,25.06,28.33,1011.6,88.72,0.06),('2000-02-20',26.83,24.17,29.83,1010.1,85.54,0),('2000-02-21',25.78,25.06,27.06,1011.3,89.3,0.61),('2000-02-22',27,25.17,29.06,1010.7,85.32,0),('2000-02-23',26.56,24.17,29.67,1010.9,85.41,0),('2000-02-24',26.33,23.06,29.33,1011.6,83.67,0),('2000-02-25',27,24.67,29.83,1011.5,82.55,0),('2000-02-26',27.5,24.83,29.83,1011.7,80.97,0),('2000-02-27',25.94,25.33,26.33,1013,84.4,0.03),('2000-02-28',25.78,24.67,28.17,1013,87.37,0.18),('2000-02-29',26.44,24.17,28.67,1012.1,85.71,0.32),('2000-03-01',26.94,25.56,29.17,1012.5,80.53,0),('2000-03-02',27.28,25.06,30.06,1011.6,83.85,0),('2000-03-03',25.67,24.67,27.06,1010.9,89.88,0.11),('2000-03-04',27.06,25.06,29.83,1009.4,88.57,0.16),('2000-03-05',26.22,25.06,29.17,1008.6,90.45,2.24),('2000-03-06',26.89,24.83,30.33,1008.5,87.45,0),('2000-03-07',27,24.17,30.67,1009.6,87.65,0),('2000-03-08',26.72,25.06,29.06,1009.7,86.22,0.03),('2000-03-09',27.22,24.67,29.83,1010.8,83.52,0),('2000-03-10',27.28,25.06,29.67,1010.7,86.92,2.05),('2000-03-11',26.83,24.33,29.56,1010.9,86.82,1.22),('2000-03-12',26.83,25.06,28.67,1010.5,87.86,0),('2000-03-13',27.94,26.33,29.83,1011,83.31,0.04),('2000-03-14',28.17,26.33,30.67,1011.1,81.9,0.03),('2000-03-15',27.72,26.06,29.83,1009.5,81.47,0.04),('2000-03-16',26.94,25.17,28.67,1007.6,81.59,0),('2000-03-17',27.22,25.83,29.06,1007.9,82.24,0),('2000-03-18',26.72,25.67,28.83,1006.7,82.71,0.03),('2000-03-19',27.28,25.33,29.83,1006.6,84.85,0),('2000-03-20',26.06,24.83,27.06,1009.4,82.89,0.31),('2000-03-21',26.72,24.83,28.67,1009.8,80.36,0),('2000-03-22',27.06,25.06,29.17,1009.8,82.42,0.03),('2000-03-23',27.39,25.17,30.33,1010.5,84.88,0.03),('2000-03-24',27.61,25.33,30.67,1010.7,83.01,0),('2000-03-25',26.17,24.67,28.33,1012.8,88.97,0.67),('2000-03-26',26.06,25.06,27.33,1013.2,87.3,0.03),('2000-03-27',25.83,24.83,27.83,1011.4,88.56,0.11),('2000-03-28',27.67,25.17,29.67,1010.9,82.57,0),('2000-03-29',27.33,25.33,31.33,1010.6,84.8,0),('2000-03-30',27,26.67,27.33,1010.5,89.43,0.03),('2000-03-31',27.33,26.06,28.67,1009.8,86.9,0),('2000-04-01',28.67,26.83,30.33,1009.2,81.47,0),('2000-04-02',28.17,26.06,30.83,1009.1,83.14,0),('2000-04-03',28.17,25.83,30.83,1009.4,83.93,0.02),('2000-04-04',28.06,26.17,30.33,1008.5,88.44,0.26),('2000-04-05',27.72,25.83,30.83,1009.1,82.95,0),('2000-04-06',26.67,26.33,27.06,1009.2,92.05,0.04),('2000-04-07',27.5,24.33,30.06,1011.7,88.08,1.07),('2000-04-08',28.11,26.17,30.56,1011,83.47,0.12),('2000-04-09',26.94,25.83,28.33,1011.1,89.06,0),('2000-04-10',28.5,27.06,30.83,1011,81.24,0),('2000-04-11',29,27.06,31.83,1009.8,77.69,0),('2000-04-12',28.94,26.83,31.17,1009.7,78.71,0.03),('2000-04-13',28.89,26.67,31.67,1008.8,79.76,0),('2000-04-14',28.06,25.33,31.83,1008.7,83.43,0),('2000-04-15',29.06,26.06,32.17,1009.4,80.19,0),('2000-04-16',28.06,25.06,30.67,1009.5,83.89,0.2),('2000-04-17',27.11,24.17,30.67,1010.4,88.72,4.76),('2000-04-18',28.33,24.83,30.67,1010.1,82.82,1.34),('2000-04-19',28.33,25.67,31.67,1009.8,83.02,0),('2000-04-20',28.44,26.06,31.67,1009.4,84.48,0),('2000-04-21',29.72,26.33,32.56,1009.7,79.39,0),('2000-04-22',28.22,25.33,31.83,1009.9,84.06,0),('2000-04-23',28.06,26.33,31.67,1010.3,88.03,0),('2000-04-24',30.11,28.06,32.33,1009.1,79.44,0),('2000-04-25',29.17,25.33,32.06,1008.9,78.18,0),('2000-04-26',29.17,25.83,33.06,1009.5,82.55,0),('2000-04-27',28,26.67,29.67,1009.6,83.75,0),('2000-04-28',28.56,22.33,31.67,1010.8,77.46,0.79),('2000-04-29',27.83,25.17,30.67,1012,86.03,0.71),('2000-04-30',30.56,29.17,31.83,1010.2,76.53,0),('2000-05-02',30.39,28.17,32.67,1009.7,81.72,0),('2000-05-03',30.72,28.56,32.83,1009.7,77.93,0),('2000-05-04',27.06,27.06,27.06,1010.7,85.2,0),('2000-05-05',28.11,27.83,28.33,1010.8,85.82,0),('2000-05-06',31.83,31.83,31.83,1009.1,73.61,0),('2000-05-07',28.78,27.17,31.17,1009.2,82.99,0.28),('2000-05-08',25.22,25.17,25.33,1008.6,94.2,0),('2000-05-09',26.67,25.06,29.83,1006.1,88.04,1.02),('2000-05-10',27.67,25.06,30.17,1005.7,86.99,0.04),('2000-05-11',28.39,24.33,32.83,1005.8,83.76,0),('2000-05-12',28,25.67,31.33,1006.4,88.06,0.28),('2000-05-13',27.39,25.06,29.56,1007.2,89.18,0.06),('2000-05-14',26.89,24.83,30.33,1007.5,90.45,0.35),('2000-05-15',26.22,25.56,26.83,1007.7,93.71,0.67),('2000-05-16',25.61,23.83,27.17,1006,94.92,1.12),('2000-05-17',25.89,24.83,28.33,1005.6,94.1,0.67),('2000-05-18',25.89,24.67,28.67,1006.3,93.79,1.46),('2000-05-19',25.94,24.67,27.06,1008.8,93.95,0.67),('2000-05-20',28.44,25.06,31.33,1008.5,86.69,0),('2000-05-21',28.06,26.17,31.56,1008.5,86.3,0),('2000-05-22',28.5,25.56,32.06,1009.9,85.6,0),('2000-05-23',28.67,25.33,32.17,1008.9,83.27,0),('2000-05-24',29.11,25.06,33.33,1008.9,84.72,0),('2000-05-25',28.83,25.33,33.06,1008.8,82.59,0),('2000-05-26',29.39,25.83,33.33,1008.6,80.71,0),('2000-05-27',29,26.06,32.83,1008.1,80.79,0.24),('2000-05-28',28.89,26.17,32.33,1008,83.08,0.07),('2000-05-29',28.06,25.17,30.83,1008.1,82.01,0.17),('2000-05-30',28.61,26.06,30.83,1008,82.86,0.03),('2000-05-31',28.72,26.33,31.83,1008.6,81.06,0.15),('2000-06-01',28.5,25.67,31.83,1009.1,82.7,0.16),('2000-06-02',28.39,26.33,31.56,1008.9,84.77,0.2),('2000-06-03',29.17,26.67,31.83,1008.6,82.57,0),('2000-06-04',28.61,25.17,31.67,1008.4,85.24,0.35),('2000-06-05',28.83,26.06,31.83,1008.1,84.94,0.08),('2000-06-06',29.06,26.17,32.06,1009.6,81.75,0),('2000-06-07',28.78,26.67,32.83,1010,80.6,0),('2000-06-08',28.83,25.67,32.33,1010.6,79.83,0),('2000-06-09',28.83,25.06,32.83,1010.4,80.99,0),('2000-06-10',28.22,25.67,31.67,1011,81.27,0.04),('2000-06-11',28.56,24.83,32.17,1010.4,79.83,0),('2000-06-12',28.83,25.33,32.83,1008.5,80.26,0.03),('2000-06-13',29.17,25.67,32.67,1007,78.26,0),('2000-06-14',29.22,26.33,31.83,1007.2,80.49,0.04),('2000-06-15',29.17,26.67,31.67,1006,79.82,0),('2000-06-16',27.67,26.06,31.67,1007.1,87.43,0.08),('2000-06-17',28.44,25.17,31.67,1008.2,85.02,2.56),('2000-06-18',28.5,26.17,31.33,1009.2,83.53,0),('2000-06-19',28.44,25.17,31.17,1009.8,81.8,1.02),('2000-06-20',28.39,26.06,31.67,1010.4,82.08,0),('2000-06-21',28.28,25.06,31.67,1010.9,82.2,0.07),('2000-06-22',28.5,24.83,31.67,1010.5,83.11,0.41),('2000-06-23',27.5,24.17,31.06,1010.5,85.2,1.97),('2000-06-24',27.44,24.67,30.33,1009,89.11,1.06),('2000-06-25',27.22,25.56,29.17,1009.1,87.02,0.03),('2000-06-26',28.28,25.33,31.67,1008.9,84.13,0),('2000-06-27',27.28,25.17,29.83,1008.1,89.36,0.79),('2000-06-28',28.06,24.83,31.06,1007.1,85.46,0),('2000-06-29',27.5,25.06,30.06,1006.5,88.16,0.39),('2000-06-30',27.22,24.83,30.33,1006.3,88.81,1.6),('2000-07-01',26.83,24.67,30.33,1005.8,89.41,0.63),('2000-07-02',26.28,24.83,28.56,1005.2,93.13,1.18),('2000-07-03',25.67,24.83,26.83,1003.7,94.85,0.58),('2000-07-04',24.94,23.06,25.83,1001.9,92.69,0.82),('2000-07-05',25.17,24.67,25.83,1003.1,92.83,0.28),('2000-07-06',26.61,24.67,28.17,1004.6,87.57,0.26),('2000-07-07',27.28,25.06,30.06,1004.1,86.8,0.81),('2000-07-08',26.78,24.33,28.83,1003.7,88.48,0.67),('2000-07-09',25.72,24.33,28.06,1005.2,93.37,1.59),('2000-07-10',27.5,24.83,30.33,1006.7,88.67,0.54),('2000-07-11',26.89,24.83,30.06,1009.4,87.69,0),('2000-07-12',26.67,25.06,28.67,1008.5,90.8,0.05),('2000-07-13',26,25.06,27.17,1005.3,91.25,0.83),('2000-07-14',25.78,24.67,27.56,1003.9,92.43,0.47),('2000-07-15',25.17,24.67,25.83,1004.9,90.71,1.45),('2000-07-16',27.39,23.67,30.06,1008.2,87.08,2.17),('2000-07-17',28,25.67,31.06,1009.6,83.61,0),('2000-07-18',28.06,25.06,31.33,1008.3,81.83,0),('2000-07-19',28.11,25.83,33.06,1007.1,82.04,0),('2000-07-20',27,20.83,32.06,1008.3,83.61,0),('2000-07-21',27.78,25.83,30.06,1008.8,86.22,0),('2000-07-22',26.78,25.33,28.83,1006.9,88.3,0.35),('2000-07-23',26.61,25.06,30.67,1005.8,90.65,0.36),('2000-07-24',26.5,24.67,28.67,1006.9,90.67,0.44),('2000-07-25',27.89,25.33,30.67,1008.5,84.71,0.04),('2000-07-26',27.83,24.83,30.83,1007.9,84.71,0),('2000-07-27',28.06,25.33,30.83,1007.3,84.38,0.03),('2000-07-28',28.56,25.67,31.83,1008.1,80.81,0),('2000-07-29',28.83,25.06,32.33,1008.6,78,0),('2000-07-30',29.22,25.67,33.17,1008.9,79.09,0),('2000-07-31',28,25.17,31.67,1008.9,85.43,0),('2000-08-01',28.33,25.33,32.06,1008.3,81.05,0),('2000-08-02',28.94,25.17,33.67,1007.2,80.93,0),('2000-08-03',28.11,26.06,32.17,1007,83.33,0.16),('2000-08-04',28.06,25.83,32.83,1007.5,84.24,0.12),('2000-08-05',27.5,24.83,30.17,1007.5,84.75,0.03),('2000-08-06',27,24.17,29.83,1008.1,87.98,0.15),('2000-08-07',27.22,24.56,31.06,1008.8,86.65,0),('2000-08-08',28.56,25.67,32.06,1009.2,81.15,0),('2000-08-09',29.17,25.83,33.83,1007.6,82.02,0),('2000-08-10',29.17,26.67,33.83,1005.7,83.11,0),('2000-08-11',29.33,26.06,33.83,1004.3,80.56,0),('2000-08-12',28.11,25.33,33.06,1006.7,83.05,0),('2000-08-13',29.44,26.06,33.33,1009.1,78.65,0),('2000-08-14',29.28,25.33,32.83,1009.3,79.57,0),('2000-08-15',28.83,25.33,34.33,1008,81.23,0),('2000-08-16',28.89,25.83,32.67,1006.9,81.93,0.28),('2000-08-17',27.22,26.06,30.17,1007.3,88.24,0.32),('2000-08-18',27.67,25.83,29.06,1007.2,90.41,0.08),('2000-08-19',27.28,26.06,28.56,1005.5,89.56,0.36),('2000-08-20',26.5,26.17,26.83,1004.9,92.05,0),('2000-08-21',25.94,24.83,27.56,1005.8,92.17,0.35),('2000-08-22',26.39,25.06,28.06,1006.8,89.18,0.37),('2000-08-23',27.39,24.83,29.83,1008.4,85.13,0.03),('2000-08-24',27.56,24.83,30.67,1009.4,84.95,0),('2000-08-25',28.11,24.67,31.83,1008.4,80.87,0),('2000-08-26',28.61,25.33,31.33,1007.5,80.11,0),('2000-08-27',28.61,24.83,31.83,1006.6,79.07,0),('2000-08-28',29.06,26.83,33.06,1005.1,77.8,0),('2000-08-29',26.89,25.06,29.06,1005,89.05,0.6),('2000-08-30',26.89,25.17,28.83,1005.7,89.53,0.69),('2000-08-31',28.5,25.67,32.67,1007.2,83.2,0),('2000-09-01',28.11,25.83,31.67,1009.1,84.61,0),('2000-09-02',27.72,26.06,29.33,1008.2,85.81,0.03),('2000-09-03',25.61,24.06,27.06,1008,93.08,1.13),('2000-09-04',25.61,23.67,28.67,1006.6,90.88,0.63),('2000-09-05',27.11,24.33,30.67,1005.2,82.85,0.41),('2000-09-06',28.39,25.06,32.33,1005.4,80.94,0.02),('2000-09-07',28.89,26.06,31.83,1005.6,73.41,0),('2000-09-08',27.56,25.17,30.67,1006.3,86.98,0.31),('2000-09-09',27.61,25.17,29.17,1005.6,86.88,0.15),('2000-09-10',27.44,26.06,30.17,1004,85.04,0.12),('2000-09-11',26.17,24.56,27.67,1003.2,88.35,0.48),('2000-09-12',26.11,23.67,29.33,1003.8,90.54,1.76),('2000-09-13',27.22,25.17,30.33,1004.9,87.66,0.27),('2000-09-14',25.83,24.17,27.33,1005.3,94.27,0.69),('2000-09-15',27.33,24.06,31.83,1006.5,88.64,0),('2000-09-16',28.17,25.67,31.06,1008.6,87.79,0),('2000-09-17',28.78,25.67,32.83,1008.6,83.56,0),('2000-09-18',28.89,25.67,31.06,1007.9,81.25,0.03),('2000-09-19',27.83,25.67,31.06,1008.3,86.57,0.03),('2000-09-20',28.11,26.33,31.67,1009,87.59,0.52),('2000-09-21',28.67,27.06,31.33,1010.6,84.37,0.02),('2000-09-22',27.94,25.83,30.06,1011.1,88.14,0.22),('2000-09-23',27.06,25.33,29.67,1010.2,89.8,0.23),('2000-09-24',27.06,25.67,30.17,1008.6,89.06,0.75),('2000-09-25',25.89,24.83,29.33,1008.9,92.41,0.43),('2000-09-26',25.94,23.06,29.67,1008.9,89.22,0),('2000-09-27',27.17,24.67,30.67,1009.9,87.87,2.05),('2000-09-28',26.89,24.06,30.17,1011.5,88.66,0.08),('2000-09-29',27.61,25.33,30.83,1011.1,83.69,0),('2000-09-30',26.72,23.83,29.67,1011.1,89.77,3.11),('2000-10-01',27.44,25.17,30.06,1010.4,88.18,0.32),('2000-10-02',28.61,25.67,31.67,1008.5,84.62,0),('2000-10-03',28.78,26.67,31.67,1007.5,82.26,0),('2000-10-04',27.78,25.67,30.83,1006.6,87.73,0.59),('2000-10-05',27.11,24.67,30.06,1008.1,88.49,0.32),('2000-10-06',28,24.67,30.06,1008,84.92,0.04),('2000-10-07',28.17,26.06,30.17,1008,85.64,0),('2000-10-08',27.5,25.67,30.06,1005.6,89.6,0.2),('2000-10-09',26.06,25.06,29.33,1005.1,92.77,0.04),('2000-10-10',27.22,25.06,29.83,1006.1,87.06,0.02),('2000-10-11',28.39,25.33,31.06,1008.7,84.25,0),('2000-10-12',27.67,25.33,30.33,1008,87.33,0),('2000-10-13',28.17,25.67,31.17,1007.3,84.86,0),('2000-10-14',27.39,25.17,31.67,1007.3,84.46,0),('2000-10-15',27.11,25.17,30.17,1008.6,89.7,0.79),('2000-10-16',26.44,25.06,27.83,1007.4,91.29,1.65),('2000-10-17',26.39,25.33,29.06,1006.7,90.45,0.63),('2000-10-18',27.5,25.06,30.83,1007.5,87.11,0),('2000-10-19',26.5,24.67,29.17,1009.5,89.91,2.13),('2000-10-20',28.67,26.06,31.17,1009.4,82.15,0),('2000-10-21',28.22,26.17,30.67,1009.4,85.22,0.04),('2000-10-22',27.94,26.17,31.17,1008.7,88.42,0.24),('2000-10-23',27.94,25.67,30.83,1007.9,86.36,0.45),('2000-10-24',28.44,25.67,30.33,1008.6,81.49,0.03),('2000-10-25',28.5,26.83,31.56,1008.9,85.05,0.37),('2000-10-26',27.28,26.67,27.83,1009.1,89.24,0),('2000-10-27',27.39,26.83,28.33,1008.2,88.53,0.06),('2000-10-28',23.78,23.17,24.33,1002.8,97.23,4.33),('2000-10-29',24.78,23.33,26.33,1005.7,95.65,3.47),('2000-10-30',24.94,23.67,26.67,1004.8,96.14,0.3),('2000-10-31',26.39,24.83,28.17,1006,90.19,0),('2000-11-01',27.72,25.06,31.83,1007.1,83.35,0),('2000-11-02',26.22,25.67,26.67,1005.7,87.75,0.24),('2000-11-03',24.17,23.33,25.06,1006.8,96.46,0.68),('2000-11-04',26.5,25.83,27.33,1008.8,91.99,0.98),('2000-11-05',25.44,24.83,26.67,1008.3,95.16,0.24),('2000-11-06',26.56,25.67,29.06,1008.1,92.77,0.16),('2000-11-07',28.39,25.67,30.83,1009.3,84.47,0),('2000-11-08',26.94,25.67,28.67,1009.3,90.84,0.07),('2000-11-09',26.22,24.83,27.67,1009.5,91.4,0),('2000-11-10',27.72,26.33,30.17,1010.5,87.64,0.02),('2000-11-11',27.5,25.83,30.06,1010.1,88.57,0.87),('2000-11-12',27.61,26.17,30.06,1008.9,87.33,0.04),('2000-11-13',27.11,25.33,28.83,1007.8,87.58,0.94),('2000-11-14',26.94,25.56,28.06,1007.6,88.04,0.02),('2000-11-15',28.33,26.33,31.06,1007.7,87.26,0.12),('2000-11-16',28.11,26.83,30.33,1007.2,89.33,0.03),('2000-11-17',26.33,25.83,27.06,1007.6,91.08,0.4),('2000-11-18',26.94,24.67,29.33,1007.7,88.52,0.42),('2000-11-19',28.33,26.67,30.67,1007.1,88.27,0.08),('2000-11-20',26.39,23.67,28.17,1008.5,86.33,0),('2000-11-21',27.28,26.33,29.06,1008.7,85.71,0.03),('2000-11-22',28,26.33,30.33,1009.4,87.27,0.11),('2000-11-23',28.17,26.67,30.17,1009.9,86.17,0),('2000-11-24',27.78,26.06,29.17,1008.7,88.51,0.39),('2000-11-25',28.17,26.17,30.17,1008.8,85.29,0),('2000-11-26',28.22,26.83,30.17,1009.6,83.69,0.2),('2000-11-27',26.67,25.67,28.06,1009.1,90.08,0.16),('2000-11-28',26.72,24.83,29.33,1008.6,87.07,0.04),('2000-11-29',27.28,25.67,29.83,1010.6,82.1,0.07),('2000-11-30',26.06,25.06,27.17,1009.4,84.2,0.12),('2000-12-01',24.11,23.33,25.33,1006.9,92.13,2.02),('2000-12-02',26.89,24.67,29.17,1006.6,92.12,3.7),('2000-12-03',26.72,23.67,30.17,1007.6,87.14,1.1),('2000-12-04',25.89,23.83,27.83,1008.5,88.1,1),('2000-12-05',25.94,24.06,29.06,1008.9,86.61,0.38),('2000-12-06',25.67,24.17,26.83,1009.4,90.34,0.28),('2000-12-07',24.61,23.67,25.83,1009.1,89.85,0.47),('2000-12-08',25.17,23.06,26.67,1007,92.25,0.83),('2000-12-09',27.83,25.83,29.33,1008.1,88.14,0.51),('2000-12-10',27.78,25.67,29.67,1010.5,88.51,0.35),('2000-12-11',27.44,25.67,29.67,1011.4,87.64,0),('2000-12-12',27.56,26.33,30.06,1010.7,87.11,0.28),('2000-12-13',27.22,25.17,29.67,1010,87.89,0),('2000-12-14',27.44,25.06,29.83,1010.6,87.52,0),('2000-12-15',27.61,26.33,29.17,1011,82.05,0.32),('2000-12-16',27.06,25.67,29.67,1011.5,89.31,0.02),('2000-12-17',25.78,25.06,26.56,1011.4,93.6,1.24),('2000-12-18',27.44,25.83,30.06,1009.2,85.03,0),('2000-12-19',27.17,26.06,29.17,1009.9,87.37,0.36),('2000-12-20',26.89,25.67,30.17,1009.7,88.19,0),('2000-12-21',26.33,24.67,28.33,1008,87.95,1.07),('2000-12-22',26.61,24.17,29.67,1006.8,88.33,0.51),('2000-12-23',27.22,25.67,29.67,1005.9,86.63,0.12),('2000-12-24',26.56,25.17,29.83,1006.2,90.66,0.72),('2000-12-25',25,23.67,26.33,1008.8,88.43,1.01),('2000-12-26',25,24.67,25.33,1010.7,94.6,1.45),('2000-12-27',26.22,24.83,28.06,1011.3,93.24,4.25),('2000-12-28',26.06,24.56,29.33,1010.5,87.07,0.12),('2000-12-29',26.72,24.83,29.83,1007.6,86.89,0),('2000-12-30',27.06,23.83,30.67,1005.5,86.33,0),('2000-12-31',26.39,24.83,28.67,1005.5,89.81,0),('2001-01-01',25.72,25.17,26.56,1009.6,75.26,0.16),('2001-01-02',25,23.83,26.33,1011.9,79.47,0.24),('2001-01-03',25.22,23.33,28.67,1012.5,82.17,0),('2001-01-04',25.33,22.17,28.17,1012.5,82.75,0),('2001-01-05',26.22,24.67,28.33,1013,81.31,0.03),('2001-01-06',25.83,23.17,29.33,1012.7,86.6,0),('2001-01-07',26.72,24.83,29.67,1010.4,87.6,0.04),('2001-01-08',27.17,25.17,29.17,1008.6,88.02,0.28),('2001-01-09',27.5,25.67,29.06,1008.5,84.16,0),('2001-01-10',27.06,24.83,29.33,1008.4,84.51,0.03),('2001-01-11',26.61,23.67,30.06,1008.3,85.05,0),('2001-01-12',27.39,24.56,29.83,1010.6,86.33,0),('2001-01-13',27.94,25.06,31.83,1010.2,81.23,0.03),('2001-01-14',26.67,25.33,28.17,1010.7,81.92,0),('2001-01-15',25.11,24.56,26.17,1012.1,81.34,0.31),('2001-01-16',24.67,24.06,25.06,1012.1,81.38,0.18),('2001-01-17',24.67,24.06,25.33,1012,82.98,0),('2001-01-18',25.11,24.67,25.67,1013.8,87.89,0.04),('2001-01-19',25.56,24.33,27.17,1014.5,89.2,0.04),('2001-01-20',25.78,23.83,27.83,1013.4,88.07,0.11),('2001-01-21',26.06,23.06,29.06,1012.2,85,0),('2001-01-22',26.06,23.17,28.67,1011.1,82.03,0.04),('2001-01-23',25.72,24.17,27.06,1011.5,87.11,0.08),('2001-01-24',25.5,23.06,26.67,1011.6,91.35,0.15),('2001-01-25',26.72,25.33,29.56,1010.1,89.95,0.12),('2001-01-26',27.5,24.17,30.17,1010,85.54,0),('2001-01-27',27.33,24.83,29.83,1010.6,86.35,1.34),('2001-01-28',27.5,25.06,29.33,1010.4,82.05,0),('2001-01-29',26.78,25.17,28.17,1010.6,87.99,0.02),('2001-01-30',26.67,25.17,28.33,1010.3,85.39,0.03),('2001-01-31',27.44,25.06,29.17,1009.1,86.95,0.03),('2001-02-01',28.5,24.67,31.56,1007.7,84.51,0.03),('2001-02-02',27.61,25.67,30.06,1009.3,84.64,0),('2001-02-03',24.11,15.33,28.33,1009.8,90.83,1.22),('2001-02-04',27.06,25.06,29.17,1009.7,86.97,0.02),('2001-02-05',27.22,25.83,29.33,1010.6,80.44,0),('2001-02-06',26.5,25.06,28.06,1009.6,82.08,0),('2001-02-07',27,25.06,29.67,1009.6,83.49,0.02),('2001-02-08',26.72,24.67,29.17,1009.5,81.61,0.1),('2001-02-09',26.06,25.33,27.33,1009.8,84.63,0),('2001-02-10',25.28,23.67,26.67,1009.7,90.39,1.3),('2001-02-11',26,25.17,27.33,1008.9,92.07,0.78),('2001-02-12',26.39,24.83,28.06,1009.4,87.15,0.26),('2001-02-13',26.78,24.17,28.67,1008.9,85.54,0.02),('2001-02-14',26.78,24.83,29.17,1010.9,81.64,0.32),('2001-02-15',24.72,23.67,26.17,1011.9,86.48,0.2),('2001-02-16',24.78,22.67,26.06,1013.6,79.13,0.12),('2001-02-17',26,24.67,28.33,1013.3,78.17,0),('2001-02-18',25,24.06,26.17,1011.3,89.79,0.6),('2001-02-19',25,23.67,26.33,1006.9,93.79,2.5),('2001-02-20',25.44,23.67,26.67,1006.3,91.65,1.1),('2001-02-21',26,24.06,27.83,1005.8,87.77,1.09),('2001-02-22',26.11,25.06,28.06,1006.3,92.67,0.28),('2001-02-23',26.56,24.67,29.67,1006.6,89.95,0),('2001-02-24',26.94,23.06,30.67,1008,82.38,0),('2001-02-25',28,23.67,30.56,1008.4,78.93,0),('2001-02-26',27.17,25.06,29.33,1008.6,86.54,0.51),('2001-02-27',27.5,25.33,30.33,1011,83.47,0),('2001-02-28',27.83,25.33,30.17,1013.1,80.63,0),('2001-03-01',28.83,26.67,30.83,1012.8,79.88,0),('2001-03-02',27,25.33,29.33,1013.5,86.88,0.2),('2001-03-03',27.06,25.33,28.83,1012.6,85.24,0),('2001-03-04',27,25.83,29.17,1013.1,79,0),('2001-03-05',24.83,23.06,26.17,1013.5,86.79,0.59),('2001-03-06',25.83,23.06,28.33,1013.3,89.09,0.49),('2001-03-07',26.78,24.56,29.83,1013.2,87.81,0.33),('2001-03-08',27.22,25.33,30.06,1012.9,86.47,0.08),('2001-03-09',27.56,26.06,30.17,1013,81.17,0),('2001-03-10',26.5,25.56,27.67,1012.7,85.79,0.36),('2001-03-11',26.72,25.33,28.33,1013.5,80.94,0.16),('2001-03-12',27,25.06,29.33,1013,78.28,0),('2001-03-13',27.39,25.17,29.67,1013.1,79.4,0.04),('2001-03-14',26.61,25.67,28.17,1014.3,82.04,0),('2001-03-15',26.22,24.67,28.17,1012.8,87.04,0.08),('2001-03-16',27.39,25.67,30.17,1012.3,86.55,0.08),('2001-03-17',27.94,26.33,30.17,1012.9,83.53,0),('2001-03-18',27.56,26.83,28.17,1013.4,85.81,0),('2001-03-19',27.72,26.33,30.67,1012.8,81.51,0),('2001-03-20',28,27.06,29.33,1012.1,83.62,0),('2001-03-21',28.11,26.56,30.83,1010.2,82.54,0),('2001-03-22',27.5,25.06,30.33,1010.1,79.09,0.03),('2001-03-23',27.83,26.17,30.56,1010.2,83.36,0),('2001-03-24',27.11,25.67,29.06,1009.8,88.61,1.1),('2001-03-25',26.78,25.06,28.83,1009.2,88.61,0),('2001-03-26',26.83,25.33,30.17,1008.3,89.56,0.08),('2001-03-27',27.56,24.83,29.83,1007.9,86.45,0.08),('2001-03-28',27.94,25.33,31.56,1008.8,85.53,0),('2001-03-29',28.11,25.06,32.33,1008.5,85.36,0),('2001-03-30',27.39,26.06,30.06,1010.2,85.28,0.03),('2001-03-31',27.17,26.17,28.83,1012.5,86.45,0.04),('2001-04-01',27.78,26.17,30.67,1013.2,83.56,0.08),('2001-04-02',28.28,26.33,30.06,1012.7,82.33,0.08),('2001-04-03',28.11,25.67,30.33,1012.5,82.32,0.89),('2001-04-04',28,26.33,30.06,1012.6,86.58,0.33),('2001-04-05',26.94,20.67,31.06,1011.9,85.85,0),('2001-04-06',28.39,26.06,31.83,1012,81.62,0),('2001-04-07',28.5,26.67,31.83,1012.3,82.99,0),('2001-04-08',27.94,25.06,31.17,1010.7,81.04,0),('2001-04-09',29.44,28.06,31.67,1012.1,75.02,0),('2001-04-10',29.67,25.06,32.06,1012.2,74.08,0),('2001-04-11',28.28,25.17,31.17,1011.6,81.2,0),('2001-04-12',28.56,26.56,31.17,1010.8,82.04,0.03),('2001-04-13',29,26.67,31.83,1012.6,75.94,0),('2001-04-14',28.72,27.33,31.17,1013,78.76,0),('2001-04-15',29.39,28.06,31.67,1012.4,75.71,0),('2001-04-16',28.17,26.06,31.17,1012.3,82.97,0.24),('2001-04-17',28.72,27.06,31.33,1011,80.86,0.12),('2001-04-18',29.5,27.17,32.67,1009,76.01,0),('2001-04-19',28.33,25.67,31.67,1009.2,84.2,0.87),('2001-04-20',28,25.67,31.17,1008.6,86.15,1.22),('2001-04-21',28.28,25.83,31.17,1008.3,82.65,0),('2001-04-22',28.17,24.83,32.17,1008.3,80.08,0),('2001-04-23',29.56,27.06,31.67,1008.5,79.01,0.2),('2001-04-24',27.67,26.67,30.06,1008.5,86.95,0.08),('2001-04-25',28.33,25.17,31.33,1009.3,82.21,0.2),('2001-04-26',28.83,26.56,32.67,1009.5,82.28,0.59),('2001-04-27',29,27.06,31.06,1010.2,77.62,0),('2001-04-28',29.56,27.67,31.67,1010.2,77.54,0),('2001-04-29',30.89,29.56,31.67,1010.5,75.21,0),('2001-04-30',29.06,25.33,32.33,1011.6,80.12,0),('2001-05-01',29.39,28.06,32.06,1010.7,80.7,0),('2001-05-02',28.94,26.33,32.06,1009.4,82.26,1.03),('2001-05-03',28.89,25.67,32.06,1010,80.48,0.31),('2001-05-04',29.78,27.83,32.06,1011.1,79.68,0),('2001-05-05',29.44,26.17,31.83,1011,82.12,0.35),('2001-05-06',29.28,27.67,32.17,1010.9,79.65,0),('2001-05-07',29.5,26.83,32.56,1009.8,77.97,0),('2001-05-08',28.67,28.06,29.67,1006.9,84.62,0),('2001-05-09',26.28,25.67,27.83,1009,92.9,10.15),('2001-05-10',27,25.17,30.06,1008,91.12,0.32),('2001-05-11',27.67,24.83,30.83,1008.2,86.57,0.77),('2001-05-12',28.56,25.67,30.33,1007.9,82.18,0),('2001-05-13',28.28,26.67,30.83,1007.8,86.17,0.2),('2001-05-14',27.78,26.06,31.17,1009.6,85.09,0),('2001-05-15',29,26.83,31.67,1010.5,85.2,0),('2001-05-16',28.83,26.33,32.06,1011.8,84.92,0),('2001-05-17',30.56,27.67,32.17,1011.5,72.84,0),('2001-05-18',29.39,26.33,31.83,1010.7,79.97,0),('2001-05-19',29.11,26.06,32.17,1009.7,81.99,0),('2001-05-20',29.17,27.17,32.67,1009.5,80.05,0),('2001-05-21',27.61,26.17,30.67,1009.2,84.77,0.03),('2001-05-22',29.33,25.56,32.67,1008.4,81.35,0),('2001-05-23',29.39,28.17,31.17,1007.8,76.35,0),('2001-05-24',27.06,26.06,28.56,1008.3,86.31,0.08),('2001-05-25',29.72,25.67,32.33,1008.1,77.4,0),('2001-05-26',29,26.67,32.56,1008.8,83.51,0.08),('2001-05-27',27.83,25.83,31.33,1009,84.79,0.24),('2001-05-28',28.11,26.06,30.67,1009.3,86.03,0),('2001-05-29',28.94,26.06,32.83,1009.4,82.4,0),('2001-05-30',29.22,26.67,32.17,1009.4,80.37,0),('2001-05-31',29.5,25.17,33.17,1009.3,81.49,0),('2001-06-01',28.17,24.67,32.67,1010.4,84.1,1.13),('2001-06-02',28.06,25.06,30.17,1011.7,85.86,0.56),('2001-06-03',28.89,25.17,32.17,1011.6,83.85,1.14),('2001-06-04',28.22,25.06,31.06,1010.3,85.07,1.46),('2001-06-05',29,26.67,31.67,1009.3,80.68,0),('2001-06-06',28.89,25.33,32.67,1009.1,80.99,0),('2001-06-07',27.72,26.06,32.06,1009,87,0.16),('2001-06-08',27.89,25.67,31.83,1008.6,85.92,0),('2001-06-09',28.33,26.06,31.17,1008.3,83.81,0.03),('2001-06-10',28.11,25.33,31.17,1008.6,86.18,0.11),('2001-06-11',28.78,25.67,31.06,1009.1,83.7,0),('2001-06-12',29.5,27.67,32.17,1009.1,79.94,0.03),('2001-06-13',29.28,27.17,32.56,1009.6,81.84,0),('2001-06-14',28.28,25.33,32.33,1009.6,83.64,0),('2001-06-15',29.22,25.06,33.83,1009.5,78.6,0),('2001-06-16',27.94,25.33,31.83,1008.9,84.56,0.79),('2001-06-17',26.28,25.17,26.83,1006.2,90.69,0.32),('2001-06-18',27.33,25.17,29.06,1006.4,89.34,0.15),('2001-06-19',28.06,26.17,30.06,1007.1,85.38,0.03),('2001-06-20',28.56,26.33,31.33,1006.1,85.52,0.08),('2001-06-21',28.39,25.67,31.33,1004.4,86.23,0),('2001-06-22',26.5,25.33,27.06,1004.8,91.85,1.31),('2001-06-23',27.56,25.06,29.56,1005.4,90.51,0.04),('2001-06-24',28,24.83,31.33,1005.5,85.45,0),('2001-06-25',28.22,25.33,32.06,1007.1,84.21,0),('2001-06-26',27.94,25.33,31.33,1007.8,85.91,1.44),('2001-06-27',27.67,24.17,30.83,1008.5,84.69,1.82),('2001-06-28',27,25.06,29.33,1008.5,89.4,2.12),('2001-06-29',27.17,25.33,29.56,1008.1,90.52,0.47),('2001-06-30',28.61,25.83,30.83,1008.7,81.88,0.51),('2001-07-01',27.78,25.67,31.17,1009.7,85.51,0.43),('2001-07-02',28.61,25.83,30.67,1009.6,80.81,0),('2001-07-03',28.28,26.67,29.83,1005,81.21,0),('2001-07-04',26.11,24.67,27.67,999.4,90.95,1.06),('2001-07-05',25.28,24.06,26.17,1001.6,96.06,2.32),('2001-07-06',26.94,25.06,28.83,1006.3,88.11,0),('2001-07-07',29,25.67,31.83,1008.5,82.6,0),('2001-07-08',29.39,28.06,31.17,1009.6,83.41,0.03),('2001-07-09',28.28,26.17,31.67,1010.1,84.73,0.03),('2001-07-10',28.44,25.83,31.33,1009.1,82.8,0),('2001-07-11',28.61,26.06,31.83,1008.2,82.16,0),('2001-07-12',29.44,27.06,32.17,1007.8,82.61,0.01),('2001-07-13',28.39,26.67,31.17,1008.2,84.24,0),('2001-07-14',27.22,25.06,31.83,1009.7,86.43,0.04),('2001-07-15',29.22,25.67,32.17,1011.5,81.08,0),('2001-07-16',29,26.06,32.33,1011.2,81.47,0),('2001-07-17',29,25.67,31.83,1010.3,83.56,0),('2001-07-18',28.5,26.67,33.83,1009.1,84.32,0.02),('2001-07-19',27.67,24.33,31.06,1008.4,84.85,0.66),('2001-07-20',27.5,24.06,30.17,1008,84.18,0),('2001-07-21',29.17,26.33,33.17,1008.7,80.91,0),('2001-07-22',28.94,26.17,32.17,1008.1,84.48,0),('2001-07-23',28.67,25.67,31.06,1006.8,81.55,0),('2001-07-24',28.17,24.17,31.83,1006.9,82.96,0),('2001-07-25',28.17,26.17,31.83,1007.6,85.27,0),('2001-07-26',29.39,25.17,33.06,1007.8,81.54,0),('2001-07-27',28.67,27.56,30.33,1007.5,82.29,0),('2001-07-28',28.67,26.06,30.67,1007.5,79.64,0),('2001-07-29',28.39,26.17,30.83,1009,83.28,0),('2001-07-30',28.67,26.06,32.67,1010.3,82.45,0),('2001-07-31',28.72,25.83,31.17,1009.7,84.24,0),('2001-08-01',28.5,26.17,31.83,1008,83.99,0),('2001-08-02',29.11,25.33,33.83,1005.9,81.83,0.24),('2001-08-03',28.5,25.06,31.17,1006.7,85.65,0),('2001-08-04',27.44,25.33,29.06,1008.8,88.97,0.73),('2001-08-05',26.22,25.17,28.06,1010.3,94.36,1.36),('2001-08-06',27.83,24.67,32.06,1009.8,85.63,0),('2001-08-07',26.83,25.33,29.06,1007.9,88.03,0.03),('2001-08-08',28.44,26.83,32.17,1007.9,83.64,0.02),('2001-08-09',28.72,26.67,32.67,1009.4,85.14,0),('2001-08-10',28.22,26.06,30.33,1010.2,86.18,0),('2001-08-11',27.06,27.06,27.06,1009.4,85.2,0),('2001-08-12',28.33,26.06,30.67,1008.2,81.82,0),('2001-08-13',28.33,26.33,31.67,1007.9,86.26,0.47),('2001-08-14',27.83,25.83,32.06,1008.2,88.67,0),('2001-08-15',26.83,26.83,26.83,1008.7,88.83,0),('2001-08-16',27.5,25.83,29.33,1007.2,86.33,0.07),('2001-08-17',26.11,25.33,27.67,1006,94.31,1.46),('2001-08-18',24.83,24.67,25.06,1005.2,97.93,0.99),('2001-08-19',28.67,27.67,29.67,1004.6,86.85,0.03),('2001-08-20',28.28,25.67,30.17,1006.6,82.2,0),('2001-08-21',30.06,30.06,30.06,1007,83.03,0.02),('2001-08-22',29.28,27.67,31.06,1007.5,86.34,0),('2001-08-23',28.72,27.83,29.67,1006.4,80.22,0),('2001-08-24',25.89,25.56,26.33,1005.9,91.1,0.01),('2001-08-25',24.17,23.83,24.67,1005.6,98.22,4.49),('2001-08-26',25.5,23.83,27.06,1005.6,95.24,1.88),('2001-08-27',25,23.83,25.67,1005.2,97.21,2.53),('2001-08-28',25.72,24.83,26.67,1005.3,94.98,0.59),('2001-08-29',27.39,25.33,30.17,1006.4,90.31,0.12),('2001-08-30',28,26.33,31.33,1008.2,85.15,0),('2001-08-31',28.11,26.06,31.67,1008.8,87.95,0),('2001-09-01',27.89,26.06,31.67,1008.5,87.22,0.04),('2001-09-02',28.06,26.33,31.17,1007.8,88.3,0),('2001-09-03',27,24.56,30.17,1008.6,91.14,3.82),('2001-09-04',26.17,23.83,30.67,1009.3,89.3,0.04),('2001-09-05',29.5,27.67,32.06,1008.3,79.69,0),('2001-09-06',26.06,26.06,26.06,1010,89.3,0),('2001-09-07',27.61,25.06,30.17,1010.5,83.6,0),('2001-09-08',25.06,25.06,25.06,1010.2,93.07,0),('2001-09-09',27.89,25.17,32.06,1009.9,83.01,0),('2001-09-10',26.06,26.06,26.06,1010.5,87.18,0),('2001-09-11',28.22,26.06,32.67,1009.4,83.32,0),('2001-09-12',31,29.17,33.17,1007.8,74.34,0),('2001-09-13',28.72,26.17,33.33,1007.7,81.86,0),('2001-09-14',27.94,26.33,31.33,1008.9,84.15,0),('2001-09-15',28.39,25.06,33.33,1008.8,82.51,0),('2001-09-16',28.44,26.17,32.33,1009,81.84,0),('2001-09-17',28.89,26.67,31.17,1008.9,85.54,0),('2001-09-18',27.72,26.67,29.17,1008.8,86.07,0),('2001-09-19',30,27.17,32.83,1007.9,77,0),('2001-09-21',27.72,26.33,29.06,1008.2,85.9,0),('2001-09-22',28.56,25.33,33.06,1007.3,82.51,0),('2001-09-23',26.06,26.06,26.06,1007.3,94.8,0.08),('2001-09-24',27.89,25.67,29.83,1006.5,85.8,0.26),('2001-09-25',27.06,25.83,28.67,1005.1,85.2,0.14),('2001-09-26',26.83,25.83,27.83,1005.1,89.63,0),('2001-09-27',29.39,27.06,32.17,1007.6,84.18,0.12),('2001-09-28',27.83,25.67,32.56,1008.4,86.03,0),('2001-09-29',29,25.33,32.67,1008.4,79.25,0),('2001-09-30',29.67,27.56,31.17,1009.2,80.3,0),('2001-10-01',28,25.67,31.67,1011,85.79,0),('2001-10-02',28.89,26.67,32.33,1010.1,82.89,0.42),('2001-10-03',27.89,24.33,31.17,1010.6,86.24,0.52),('2001-10-04',28.5,24.83,31.33,1009.8,82.29,0),('2001-10-05',29.5,26.33,32.33,1009.1,78.27,0.03),('2001-10-06',29.22,25.67,33.06,1009,80.13,0.03),('2001-10-07',28.83,26.17,31.33,1008.8,82.58,0),('2001-10-08',28.56,26.67,32.67,1009.4,83.23,0),('2001-10-09',28.44,26.06,32.06,1009.2,81.54,0.08),('2001-10-10',27.33,25.33,31.17,1010.3,87.69,0.2),('2001-10-11',27.67,26.06,29.56,1010.2,85.93,0.05),('2001-10-12',27.61,25.06,31.67,1009.1,85.06,0.24),('2001-10-13',26.44,25.06,29.06,1008.1,91.04,0.17),('2001-10-14',26.67,24.33,30.33,1006.5,89.4,0),('2001-10-15',27.22,25.06,29.06,1006.5,90.15,4.93),('2001-10-16',28.5,25.67,32.06,1007.5,84.19,0),('2001-10-17',27.89,21.67,32.17,1008.4,83.39,0.04),('2001-10-18',28.56,24.67,32.67,1009.7,81.81,0),('2001-10-19',27.72,24.33,31.67,1010.9,87.2,0.59),('2001-10-20',25.33,23.83,26.17,1009.4,94.44,1.89),('2001-10-21',28,24.83,31.33,1009.7,86.42,0.43),('2001-10-22',28.72,26.56,31.56,1011.1,84.63,0.15),('2001-10-23',27.78,25.67,31.06,1010.7,87.07,1.1),('2001-10-24',27.17,26.06,28.17,1009.8,91.02,0.2),('2001-10-25',27.11,25.33,28.33,1009.9,89.93,0.08),('2001-10-26',28.28,26.06,30.67,1010.2,82.28,0.04),('2001-10-27',27.5,25.83,29.67,1010,88.21,0.44),('2001-10-28',27.56,25.17,29.67,1011,86.03,0.2),('2001-10-29',27.61,26.17,29.83,1011.7,86.88,0),('2001-10-30',28.33,25.67,30.83,1013,82.35,0),('2001-10-31',28.22,26.83,31.06,1013.5,85.14,0),('2001-11-01',27.72,26.06,31.17,1013.5,84.84,0.16),('2001-11-02',27.28,25.06,30.17,1012.4,87.77,0.47),('2001-11-03',28.06,25.06,31.17,1011.5,83.86,0.87),('2001-11-04',28.44,26.83,30.83,1010.5,83.7,0),('2001-11-05',28.5,26.83,31.06,1011.4,82.14,0.02),('2001-11-06',26.22,24.17,29.33,1009.9,90.91,1.65),('2001-11-07',24.83,24.17,25.56,1005.8,94.74,1.33),('2001-11-08',25.44,24.67,26.56,1001.5,96.07,5.24),('2001-11-09',27.67,25.83,29.33,1003.7,84.26,0.67),('2001-11-10',27.17,26.06,28.33,1007.5,90.24,0),('2001-11-11',27.67,24.83,30.17,1009.3,88.04,0),('2001-11-12',27.72,25.33,31.83,1010.7,87.77,0),('2001-11-13',25.28,24.56,26.06,1011.9,95.43,1.34),('2001-11-14',25.11,24.06,25.83,1010.9,92.02,3.23),('2001-11-15',25.89,23.67,27.33,1010.4,89.51,0.11),('2001-11-16',26.83,24.83,29.33,1011,88.5,0.03),('2001-11-17',27.28,25.67,29.33,1011,88.58,0.3),('2001-11-18',27,25.06,29.33,1011.1,81.91,0.16),('2001-11-19',26.11,25.56,27.06,1011.5,79.3,0),('2001-11-20',25.89,24.17,27.06,1012.7,80.48,0),('2001-11-21',25.89,24.67,27.83,1012.6,80.93,0.24),('2001-11-22',26.39,25.06,28.17,1011.9,75.66,0),('2001-11-23',25.67,24.83,27.17,1009.6,87.68,0),('2001-11-24',25.94,23.83,28.83,1008.9,80.87,0),('2001-11-25',25.33,23.56,28.33,1010.4,75.95,0),('2001-11-26',26.11,25.06,27.17,1013.8,74.57,0),('2001-11-27',25.06,23.06,26.17,1014.9,83.72,0.16),('2001-11-28',26.83,24.56,29.17,1012.2,79.85,0),('2001-11-29',27.28,25.83,29.83,1012.5,83.79,0),('2001-11-30',27.56,26.06,30.06,1012.1,82.04,0),('2001-12-01',26.89,24.83,29.17,1011.7,85.22,0.12),('2001-12-02',26.39,23.17,28.83,1011.7,88.79,0.08),('2001-12-03',27.39,25.33,30.06,1011.9,85.59,0),('2001-12-04',27.33,25.67,29.06,1010.6,87.86,0.03),('2001-12-05',25.44,22.83,28.06,1009.7,90.91,1.2),('2001-12-06',24.39,23.83,25.33,1007,94.48,2.51),('2001-12-07',26.11,25.06,28.17,1007.9,93.98,3.43),('2001-12-08',26.61,24.83,28.67,1010.6,88.8,0.58),('2001-12-09',26.94,25.67,28.67,1011.9,87.1,0.36),('2001-12-10',26.56,25.06,29.06,1012,88.4,0.5),('2001-12-11',25.78,24.56,27.06,1012.5,91.16,0.33),('2001-12-12',26.11,24.83,26.83,1013.7,90.42,1.14),('2001-12-13',26.22,25.06,28.06,1014.6,88.77,0),('2001-12-14',26.89,25.06,29.33,1015.7,84.56,0),('2001-12-15',26.78,25.33,29.56,1015.9,85.86,0.28),('2001-12-16',26.44,25.06,29.06,1015.7,86.92,0.11),('2001-12-17',26.28,24.83,29.06,1015.4,87.53,0.16),('2001-12-18',25.83,24.83,27.06,1015.3,88.91,0.3),('2001-12-19',25.67,23.83,28.33,1015.2,91.64,0.39),('2001-12-20',26.61,25.17,29.06,1015,85.08,0),('2001-12-21',25.39,24.06,27.06,1014.1,90.45,0.32),('2001-12-22',26.22,24.67,28.67,1014.8,85.22,0.14),('2001-12-23',26.06,23.83,28.67,1014.7,84.46,0),('2001-12-24',24.78,24.06,25.67,1015.2,87.61,0.23),('2001-12-25',23.94,23.06,25.56,1016.3,83.58,0.44),('2001-12-26',24.22,23.56,24.83,1019.7,76.81,0),('2001-12-27',23.5,23.33,23.67,1018,87.22,0.2),('2001-12-29',24.94,23.33,27.83,1016.1,81.04,0),('2001-12-30',26.39,25.17,27.67,1014.4,78.86,0),('2001-12-31',26.17,23.67,29.06,1014.1,82.11,0),('2002-01-01',26.39,25.06,29.06,1014.2,86.43,0),('2002-01-02',25.17,24.17,27.17,1015.1,85.98,0.37),('2002-01-03',24.78,24.17,25.83,1017.1,76.66,0.56),('2002-01-04',24.39,22.33,25.33,1017.1,71.71,0.14),('2002-01-05',24.72,22.67,27.17,1016.3,78.29,0),('2002-01-06',25.5,24.17,27.83,1015.4,79.94,0),('2002-01-07',25,23.67,26.33,1016.7,80.11,0),('2002-01-08',26.5,24.33,28.06,1015.3,74.39,0),('2002-01-09',25.17,23.33,28.06,1018,72.76,0),('2002-01-10',24.78,23.17,26.83,1016.8,80.09,0),('2002-01-11',25,22.67,27.67,1014.6,76.54,0),('2002-01-12',25.06,23.67,26.17,1013.6,81.98,0),('2002-01-13',25.83,23.83,28.33,1011.1,82.59,0),('2002-01-14',26.61,24.17,28.83,1012,80.17,0),('2002-01-15',26.83,24.83,30.06,1012.3,86.76,0),('2002-01-16',26.89,25.83,29.17,1011.7,87.12,0),('2002-01-17',27,25.33,29.33,1011,87.31,0),('2002-01-18',26.67,25.67,29.17,1009.2,87.39,0.01),('2002-01-19',26.94,24.83,29.83,1011.6,83.48,0),('2002-01-20',26.28,24.33,29.06,1012.6,84.07,0),('2002-01-21',26.22,24.06,29.17,1012.7,81.6,0),('2002-01-22',25.72,23.83,27.83,1013,82.02,0.03),('2002-01-23',25.78,24.33,27.33,1014.6,82.22,0),('2002-01-24',24.94,23.83,26.17,1013.4,89.12,0.24),('2002-01-25',26.39,24.17,28.83,1013,82.75,0.04),('2002-01-26',25.39,24.17,28.67,1012.9,90.75,0.08),('2002-01-27',26.67,23.17,29.67,1013.4,81.03,0),('2002-01-28',26.61,24.67,29.17,1014.2,81.34,0),('2002-01-29',26.44,24.06,28.83,1014.7,80.63,0),('2002-01-30',26.22,23.67,30.83,1015.7,79.57,0.08),('2002-01-31',25.33,23.67,28.67,1015.3,87.27,0.27),('2002-02-01',25.11,21.17,28.06,1014.9,83.92,1),('2002-02-02',25.11,22.83,28.06,1014.8,77.39,0),('2002-02-03',24.56,21.83,28.17,1014.6,82.69,0),('2002-02-04',25.22,23.06,28.67,1014.3,76.45,0),('2002-02-05',25.56,22.33,28.17,1013.5,81.06,0),('2002-02-06',26.28,24.17,29.33,1013.8,80.01,0),('2002-02-07',26.22,24.33,28.17,1013.8,82.39,0),('2002-02-08',26.33,24.33,28.67,1012.7,88.65,1.54),('2002-02-09',26.33,24.67,28.33,1012.1,89.04,0),('2002-02-10',26.39,24.17,28.56,1012.9,83.64,0.38),('2002-02-11',25.83,24.06,27.67,1014.8,82.03,0),('2002-02-12',24.78,23.06,30.67,1015.2,87.63,0.83),('2002-02-13',24.22,23.33,26.17,1015,89.68,0.03),('2002-02-14',25.83,23.67,28.17,1015.5,76.99,0),('2002-02-15',25.39,23.33,28.17,1015.3,75.38,0),('2002-02-16',25.61,24.06,27.33,1016,74.87,0.12),('2002-02-17',25.56,24.17,27.83,1015.9,74.33,0),('2002-02-18',25.56,23.83,27.33,1016.8,76.96,0),('2002-02-19',25.11,23.33,26.33,1016.7,80.31,0.08),('2002-02-20',24.83,23.83,26.67,1018.1,77.82,0.06),('2002-02-21',25.11,24.06,26.17,1018.5,77.57,0),('2002-02-22',25.61,24.06,28.33,1017.5,84.05,0),('2002-02-23',26.11,24.06,28.83,1015.8,85.81,0.08),('2002-02-24',26.5,24.67,29.33,1014.1,86.56,0),('2002-02-25',27,25.67,28.67,1014.4,80.83,0),('2002-02-26',26.94,25.33,29.06,1013.7,79.9,0),('2002-02-27',26.56,25.17,28.83,1011.9,79.92,0),('2002-02-28',26.44,24.67,28.83,1011.7,77.51,0),('2002-03-01',26.06,24.33,28.83,1012.6,71.93,0.03),('2002-03-02',25.11,23.33,27.33,1012,83.57,0.05),('2002-03-03',24.78,23.33,26.56,1011.6,83.04,0.23),('2002-03-04',24.61,22.83,28.06,1012.3,81.96,0.47),('2002-03-05',25.89,23.67,28.17,1010.3,81.71,0.02),('2002-03-06',26.33,22.56,31.56,1010.3,84.75,0),('2002-03-07',25.56,24.06,27.06,1012.7,80.32,0),('2002-03-08',25.56,24.67,28.17,1016.3,71.3,0),('2002-03-09',25.39,24.06,27.83,1016.6,74.08,0.03),('2002-03-10',25.89,24.17,29.06,1014.8,75.93,0),('2002-03-11',25.22,23.83,26.83,1014.3,85.82,0.24),('2002-03-12',26.28,24.67,29.17,1013.5,88.7,0.15),('2002-03-13',26.72,25.17,29.67,1013.2,88.25,0),('2002-03-14',26.83,25.06,29.83,1012.6,85.41,0),('2002-03-15',26.06,23.83,29.83,1012.7,87.44,0),('2002-03-16',26.78,24.67,29.83,1012.3,78.97,0),('2002-03-17',28.06,26.06,31.17,1014.1,78.87,0),('2002-03-18',27.33,25.67,30.56,1015.1,78.43,0),('2002-03-19',26.39,25.67,27.33,1014.8,81.09,0),('2002-03-20',26.33,24.83,28.83,1013.4,84.98,0.12),('2002-03-21',27,24.17,30.06,1011.2,83.34,0),('2002-03-22',26.67,25.67,29.83,1009.1,86.51,0.94),('2002-03-23',27.5,25.67,31.33,1009.2,86.33,0),('2002-03-24',28.11,25.83,30.83,1009,82.81,0.24),('2002-03-25',27.28,24.67,29.33,1010.5,81.83,2.52),('2002-03-26',27.67,24.67,30.06,1010.7,81.36,0),('2002-03-27',27.83,26.56,30.83,1011.4,77.39,0),('2002-03-28',27.17,24.33,30.33,1012.4,81.03,0),('2002-03-29',27.67,24.06,30.67,1012.5,79.03,0),('2002-03-30',26.94,23.83,30.67,1012.8,78.71,0.43),('2002-03-31',27.83,25.06,31.67,1013.1,81.03,0),('2002-04-01',28.61,27.06,31.06,1013.5,76.66,0),('2002-04-02',27.61,25.56,30.17,1012.9,78.74,0),('2002-04-03',26.67,23.33,30.56,1010.5,84.59,0),('2002-04-04',27.67,24.56,31.67,1009.4,80.78,0.04),('2002-04-05',28.5,26.33,32.17,1010.7,85.68,0),('2002-04-06',28,25.06,31.67,1012.2,79.47,0),('2002-04-07',28.33,25.06,32.33,1012,78.3,0),('2002-04-08',28.44,25.67,31.67,1011,81.05,0),('2002-04-09',29.39,28.06,31.33,1012,72.66,0),('2002-04-10',28.61,25.67,31.83,1011.3,77.04,0),('2002-04-11',27.11,26.06,28.06,1012.7,80.68,0),('2002-04-12',28.61,26.67,31.56,1012.9,77.43,0),('2002-04-13',27.72,25.67,31.83,1012.5,79.32,0),('2002-04-14',27.94,25.83,31.83,1012.1,83.84,0.03),('2002-04-15',28.61,25.06,32.56,1012.4,78.07,1.23),('2002-04-16',28.89,26.83,31.67,1013.5,79.61,0.03),('2002-04-17',27.89,26.67,30.56,1011.7,86.25,0.02),('2002-04-18',29.39,26.83,31.83,1011.6,77.79,0),('2002-04-19',28.11,26.06,31.17,1013,82.55,0.04),('2002-04-20',29,26.83,31.83,1012.1,78.37,0.08),('2002-04-21',28.22,26.83,31.33,1010.6,82.33,0.02),('2002-04-22',28.89,26.67,32.06,1010,80.16,0.02),('2002-04-23',28.67,25.83,32.06,1010.5,81.09,0.11),('2002-04-24',28.61,27.06,31.33,1010.1,82.6,0),('2002-04-25',28.5,27.06,31.56,1010.5,80.85,0.08),('2002-04-26',28.33,26.56,31.17,1011.3,77.84,0),('2002-04-27',28.06,26.56,31.67,1010.8,82.54,0),('2002-04-28',28.06,26.06,31.67,1010.6,83.86,0.12),('2002-04-29',28.94,25.83,31.67,1009.7,77.9,0),('2002-04-30',28.83,26.83,31.83,1008.8,78.79,0),('2002-05-01',29.44,26.83,32.06,1009.1,76.71,0),('2002-05-02',29.61,27.17,32.56,1010.3,78.39,0),('2002-05-03',29.11,27.17,32.06,1010.4,77.79,0.08),('2002-05-04',29.72,27.67,34.06,1009.2,78.18,0),('2002-05-05',28.56,25.83,32.06,1008.5,81.41,0.08),('2002-05-06',29.22,26.06,32.06,1007.8,76.76,0),('2002-05-07',29.28,26.83,32.17,1007.8,78.71,0),('2002-05-08',29.06,26.17,32.67,1009,78,0),('2002-05-09',29.17,27.56,32.56,1010.1,78.93,0.04),('2002-05-10',29.78,27.56,32.83,1009.1,78.41,0),('2002-05-11',29.78,27.67,32.56,1009.2,79.86,0),('2002-05-12',30,27.17,32.56,1010.1,81.34,0),('2002-05-13',30.11,27.33,33.17,1010.9,77.31,0),('2002-05-14',29.72,26.83,32.83,1011.2,78.02,0.07),('2002-05-15',29.11,26.56,32.33,1011.5,83.68,0),('2002-05-16',28.78,26.83,32.67,1010.3,80.15,0),('2002-05-17',29.06,27.83,31.17,1010.6,81.26,0),('2002-05-18',30,25.06,35.06,1009.4,79.17,0),('2002-05-19',30.39,26.83,35.06,1008.8,75.76,0),('2002-05-20',29.44,26.06,34.06,1008.7,80.16,0),('2002-05-21',29,26.06,33.83,1009.7,83.55,0.1),('2002-05-22',28.22,25.67,32.06,1010.8,85.31,0.1),('2002-05-23',28.78,26.06,33.67,1010.8,81.07,0.02),('2002-05-24',30.78,28.06,33.33,1010.6,77.39,0),('2002-05-25',30.72,28.56,33.67,1010.7,78.33,0),('2002-05-26',29.44,27.06,32.06,1010.6,83.03,0.08),('2002-05-27',29,27.17,33.06,1010.4,83.65,0.12),('2002-05-28',27.78,25.67,33.06,1010.5,85.92,0.03),('2002-05-29',27.39,25.06,32.06,1011.1,87.53,0),('2002-05-30',28.83,26.06,33.83,1010.3,80.02,0),('2002-05-31',28.83,26.56,34.06,1009.3,82.26,0),('2002-06-01',29.89,27.67,34.06,1009.1,80.32,0),('2002-06-02',30.11,27.56,34.06,1007.9,77.99,0),('2002-06-03',29.67,26.17,34.67,1007.5,75.59,0),('2002-06-04',29.39,24.56,34.06,1007.4,76.86,0),('2002-06-05',30.39,27.56,33.83,1008.6,79.35,0),('2002-06-06',29.17,26.06,33.06,1008.5,80.55,0),('2002-06-07',30.61,27.06,33.83,1007.7,75.12,0),('2002-06-08',30.06,27.67,32.83,1007.8,79.73,0.03),('2002-06-09',28.72,26.56,32.33,1008.7,84.63,0.31),('2002-06-10',28.89,24.17,34.06,1009.2,80.47,0),('2002-06-11',30.06,26.67,33.17,1009.3,79.21,0),('2002-06-12',29.83,27.06,33.67,1009.2,82.67,0.03),('2002-06-13',29.56,26.56,32.67,1008.6,80.59,0.04),('2002-06-14',30.33,25.06,33.06,1008.1,79.93,0),('2002-06-15',29.39,26.17,31.83,1008.4,78.49,2.59),('2002-06-16',29.78,28.06,31.83,1009,81.99,0.95),('2002-06-17',29.33,26.67,31.83,1009.1,82.08,0),('2002-06-18',29.78,26.83,32.33,1009.4,80.38,0),('2002-06-19',28.89,26.06,31.83,1008.4,82.85,0.28),('2002-06-20',27.44,25.06,29.17,1007.7,87.24,0.83),('2002-06-21',27.39,26.06,29.56,1007.5,86.71,0),('2002-06-22',27.72,25.67,31.56,1009.7,89.05,0.55),('2002-06-23',28.61,25.67,32.06,1011.2,87.34,0),('2002-06-24',28.83,24.83,32.67,1010.6,83.64,1.42),('2002-06-25',29.06,25.67,33.06,1010.3,83.98,0),('2002-06-26',28.11,26.06,32.56,1010.9,87.32,0),('2002-06-27',28.5,26.06,30.67,1010.1,84.22,0.12),('2002-06-28',28.78,25.06,31.67,1009.6,84.83,0),('2002-06-29',27.89,24.83,31.06,1008.1,89.64,1.18),('2002-06-30',28.94,25.67,31.83,1006.7,85.23,0.04),('2002-07-01',29.22,26.06,32.83,1004.6,85.51,0),('2002-07-02',28.72,26.06,31.67,1005,81.87,0),('2002-07-03',25.89,24.33,27.33,1007,93.64,0.94),('2002-07-04',27.06,23.56,31.17,1005.7,87.13,1.35),('2002-07-05',27.11,25.67,29.17,1005.6,89.24,0.16),('2002-07-06',26.22,25.06,28.67,1005.3,92.72,0.98),('2002-07-07',26.94,25.17,29.83,1004.8,87.89,0.36),('2002-07-08',27.89,25.06,31.33,1003.5,82.11,0.5),('2002-07-09',28.89,25.67,31.83,1003.6,78.37,0.4),('2002-07-10',28.83,26.83,31.67,1004.4,80.2,0),('2002-07-11',29.56,27.83,31.33,1005.6,80.4,0),('2002-07-12',28.94,27.06,31.17,1005.5,82,0),('2002-07-13',27.11,25.67,28.56,1004.9,85.55,0.08),('2002-07-14',25.56,25.06,26.06,1005.9,95.82,0.38),('2002-07-15',27.5,24.83,30.17,1008,90.1,0.12),('2002-07-16',29.39,26.17,31.83,1007.9,83.14,0),('2002-07-17',29.17,26.67,32.33,1009.2,85.05,0),('2002-07-18',30.06,27.67,33.56,1009.2,78.82,0),('2002-07-19',28.06,25.33,31.33,1008.9,87.18,0.15),('2002-07-20',24.28,22.67,25.83,1007,95.1,3.14),('2002-07-21',25.22,22.33,27.33,1006.3,89.32,1.2),('2002-07-22',28.28,25.17,31.33,1005.4,79.01,0),('2002-07-23',27.44,26.17,29.67,1006.9,81.88,0.05),('2002-07-24',27.22,25.06,29.67,1006.9,85.62,0.21),('2002-07-25',27.61,25.17,30.83,1006.2,86.25,0.17),('2002-07-26',25.5,24.17,28.83,1005.8,92.68,2.57),('2002-07-27',26.44,24.06,29.56,1006.3,90.59,0.28),('2002-07-28',28.22,25.83,30.17,1008,80.73,0),('2002-07-29',28.94,26.67,31.56,1007.8,77.88,0),('2002-07-30',28.56,26.17,31.56,1007.5,83.26,0),('2002-07-31',27.44,25.67,29.83,1005.2,89.05,0.87),('2002-08-01',28.22,25.67,31.17,1004.8,80.57,0),('2002-08-02',26.78,25.33,30.06,1005.6,86.89,0.12),('2002-08-03',27.39,24.83,30.06,1006,89.32,0),('2002-08-04',27.72,25.83,30.06,1006.6,89.81,0.12),('2002-08-05',28.44,25.83,31.06,1007.7,81.83,0),('2002-08-06',29.22,27.06,31.33,1008.5,80.76,0),('2002-08-07',28.5,26.17,32.33,1008.5,82.43,0),('2002-08-08',28.56,26.06,31.33,1007.2,83.57,0),('2002-08-09',28.56,25.33,32.56,1007.3,82.81,0),('2002-08-10',28.78,26.06,32.83,1007.4,83.31,0),('2002-08-11',28,25.83,31.56,1007.3,87.03,0),('2002-08-12',26,23.67,27.67,1006,91.21,0.95),('2002-08-13',25.78,24.56,27.67,1004.2,95.47,0.52),('2002-08-14',26.83,25.06,29.17,1002.1,90.08,0.04),('2002-08-15',27.5,25.06,29.83,1002.5,88.62,0.02),('2002-08-16',25.22,24.67,26.17,1002.5,93.96,1.27),('2002-08-17',25.78,24.83,27.67,1003.7,91.97,0.62),('2002-08-18',27.83,24.83,31.56,1005,88.17,0),('2002-08-19',29.06,26.83,32.06,1008.2,79.06,0),('2002-08-20',29.11,26.67,32.83,1009.5,80.94,0),('2002-08-21',28.17,26.33,30.83,1009.6,82.39,0),('2002-08-22',29.11,26.17,32.17,1009.4,82.17,0),('2002-08-23',29.17,26.67,32.33,1010.1,81.35,0),('2002-08-24',28.78,25.33,33.06,1010.7,83.52,0),('2002-08-25',29.06,26.06,33.67,1008.6,84.35,0),('2002-08-26',29.61,27.56,32.33,1007.2,79.37,0),('2002-08-27',28.28,25.67,33.67,1006.4,85.04,0.51),('2002-08-28',30,27.83,32.56,1007,82.27,0),('2002-08-29',29.22,27.56,33.33,1006.5,82.31,0),('2002-08-30',28.06,25.67,30.83,1006.9,84.39,0),('2002-08-31',29.17,25.67,33.33,1007.6,83.98,0),('2002-09-01',28.06,24.67,33.06,1009.2,83.56,0),('2002-09-02',29.83,27.06,33.83,1010.6,78.91,0),('2002-09-03',29.17,25.83,33.17,1009,81.99,0),('2002-09-04',29.44,25.17,33.33,1008.3,80.57,0),('2002-09-05',28.94,26.83,32.06,1007.6,82.06,0),('2002-09-06',27.33,25.67,29.67,1006.9,85.97,0.16),('2002-09-07',24.94,24.17,25.83,1005.8,93.32,1.35),('2002-09-08',25.5,23.67,27.83,1006.3,93.12,0.91),('2002-09-09',27.33,24.56,29.83,1005.6,88.41,0.04),('2002-09-10',26.22,24.67,28.33,1007.4,91.12,0.57),('2002-09-11',25.89,23.83,27.83,1009.9,89.4,0.59),('2002-09-12',26.94,23.83,31.17,1012,89.29,0.24),('2002-09-13',27.44,23.67,31.56,1012,86.81,0.02),('2002-09-14',26.94,24.17,30.83,1011,89.42,0.67),('2002-09-15',27.17,23.33,31.06,1010.2,88.92,0.02),('2002-09-16',27.72,24.83,31.56,1009,82.74,0),('2002-09-17',28.06,25.67,31.83,1007.9,79.8,0),('2002-09-18',27.39,25.17,30.83,1008.9,88.71,0.28),('2002-09-19',27.72,24.67,31.06,1009.3,86.09,0),('2002-09-20',27.06,25.06,30.06,1008.6,89.28,0),('2002-09-21',26.5,24.06,31.17,1008.5,90.66,0.04),('2002-09-22',26.61,23.83,30.17,1008.9,90.7,0.2),('2002-09-23',28.39,26.06,31.56,1010.7,86.64,0.08),('2002-09-24',28.06,24.67,31.06,1011.2,83.65,0),('2002-09-25',28.22,25.56,32.06,1012,86.55,0.27),('2002-09-26',28.17,25.17,30.83,1011,83.6,0),('2002-09-27',29.28,26.67,32.33,1010.3,82.47,0),('2002-09-28',28.06,25.33,31.67,1008.8,86.78,0.81),('2002-09-29',28.61,25.67,31.83,1009.3,86.15,0),('2002-09-30',28.22,25.83,30.83,1009.2,82.4,0.59),('2002-10-01',28.44,26.67,31.56,1009.4,83.15,0.01),('2002-10-02',28.83,26.56,31.33,1009.2,81,0),('2002-10-03',27.61,26.06,30.17,1009.4,87.81,1.88),('2002-10-04',28.11,27.06,31.33,1008.5,84.73,0),('2002-10-05',28.06,26.06,31.56,1007.8,85.18,0),('2002-10-06',28.28,25.67,31.83,1007.9,86.55,0),('2002-10-07',28.39,25.33,32.06,1007.8,86.17,0.02),('2002-10-08',27.44,24.33,31.06,1007.9,89.63,2.09),('2002-10-09',28.17,25.17,30.83,1008.2,83.26,2.24),('2002-10-10',29.17,26.67,32.06,1008.4,81,0),('2002-10-11',27.67,25.56,32.17,1007.5,87.18,0.24),('2002-10-12',27.72,26.06,31.33,1007.9,88.96,0.02),('2002-10-13',27.89,25.67,31.06,1007.4,85.68,0),('2002-10-14',27.44,25.17,31.83,1008,86.7,0.08),('2002-10-15',27.44,25.67,30.33,1009.7,90.74,0.32),('2002-10-16',26.94,25.06,30.17,1010.2,88.76,0.19),('2002-10-17',27,24.06,30.33,1009.7,89.92,1.54),('2002-10-18',27.67,24.67,31.56,1007.6,89,0),('2002-10-19',27.44,25.06,30.56,1007.5,90.69,1.21),('2002-10-20',27.39,25.17,31.33,1008.5,88.34,0.03),('2002-10-21',25.5,24.83,26.17,1007.7,92.76,0.91),('2002-10-22',28.33,24.33,31.67,1008.7,81.68,0),('2002-10-23',29.06,26.56,32.06,1008.5,82.4,0.23),('2002-10-24',29.17,27.33,32.17,1010.1,81.34,0),('2002-10-25',28.39,25.06,31.56,1010.9,81.58,0),('2002-10-26',27.22,26.83,27.56,1009.8,91.57,0),('2002-10-27',27.44,25.83,29.56,1009.1,87.02,0.02),('2002-10-28',26.11,25.83,26.67,1009.8,90.94,0.63),('2002-10-29',26.67,23.56,29.06,1009.8,85.99,2.16),('2002-10-30',27.72,25.06,30.67,1009.9,85.08,0.43),('2002-10-31',28.39,26.06,31.83,1009.8,83.45,0.17),('2002-11-01',28.56,25.17,32.83,1009.9,82.11,0),('2002-11-02',28.67,27.06,31.06,1010.2,83.78,0),('2002-11-03',28.61,27.06,31.56,1010.5,89.68,0),('2002-11-04',26.33,25.67,27.33,1010.8,89.36,0.17),('2002-11-05',25.94,24.67,27.17,1009.9,88.02,0.34),('2002-11-06',26.72,25.56,28.67,1010.9,87.02,0.51),('2002-11-07',27.33,25.67,29.17,1010.5,85.36,0),('2002-11-08',28.61,26.33,31.17,1009.9,82.8,0),('2002-11-09',27.44,26.06,30.83,1009.9,90.33,0.01),('2002-11-10',27.22,25.67,29.67,1010.9,88.54,0.08),('2002-11-11',27.83,26.06,30.06,1011.1,86.03,0.51),('2002-11-12',28.44,26.06,30.83,1010.7,85.57,0),('2002-11-13',28.5,25.67,31.06,1009.3,86.21,0),('2002-11-14',28.72,27.06,31.17,1008.1,83.57,0),('2002-11-15',28.83,26.33,32.06,1009.4,82.66,0),('2002-11-16',28.72,26.83,31.56,1009.7,86.74,0),('2002-11-17',28.22,26.06,31.56,1010.6,89.02,0),('2002-11-18',26.11,25.06,27.67,1009.9,91.37,0.75),('2002-11-19',26.44,25.33,29.17,1009.1,82.01,3.64),('2002-11-20',27.17,25.17,31.67,1009.4,87.85,0.02),('2002-11-21',28.5,26.33,30.83,1008.3,84.67,0),('2002-11-22',26.61,25.06,28.67,1009,89.85,0.02),('2002-11-23',26.94,24.06,29.17,1008.5,86.61,0),('2002-11-24',26.39,24.06,29.67,1009.7,88.66,0.28),('2002-11-25',24.5,23.56,26.06,1010.7,91.98,0.76),('2002-11-26',26.39,25.06,28.83,1012.7,86.05,0.19),('2002-11-27',24.89,23.83,25.33,1013.7,92.17,0.6),('2002-11-28',26.5,23.83,28.83,1014.2,84.95,0.64),('2002-11-29',26.94,25.17,29.56,1013.3,83.51,0.02),('2002-11-30',26.67,24.67,29.83,1011.4,87.45,0),('2002-12-01',26.28,24.06,29.67,1011,87.46,0),('2002-12-02',27.06,23.83,29.17,1010.9,86.31,0.04),('2002-12-03',27.11,25.83,28.17,1011.8,87.51,0.08),('2002-12-04',27.5,25.67,30.17,1012.4,87.92,0.15),('2002-12-05',27.11,25.83,28.83,1012.1,89.42,0.02),('2002-12-06',27.56,25.83,30.33,1012.2,86.71,0),('2002-12-07',27.22,25.33,30.06,1012.3,86.4,0),('2002-12-08',26.06,25.17,28.17,1012,89.89,0.2),('2002-12-09',25.89,24.83,28.06,1012.1,87.71,0.16),('2002-12-10',24.67,23.67,26.33,1013.4,92.11,0.63),('2002-12-11',26,24.06,29.17,1015.4,86.3,0.02),('2002-12-12',26.06,24.56,29.17,1017,85.5,0),('2002-12-13',25.94,23.56,29.06,1016.8,88.1,0.29),('2002-12-14',24.61,24.06,25.17,1015.9,92.21,0.84),('2002-12-15',26.11,24.06,29.56,1013.6,88.87,0.25),('2002-12-16',25.94,24.67,27.06,1013.5,91.79,0.58),('2002-12-17',26,24.67,28.17,1012.4,88.98,0.16),('2002-12-18',26.44,24.67,29.56,1012.4,88.33,0.56),('2002-12-19',27.17,25.17,30.33,1010.9,86.7,0),('2002-12-20',27,24.83,30.67,1008.8,85.57,0.03),('2002-12-21',26.5,24.33,30.56,1008.7,86.54,0),('2002-12-22',27.06,25.06,29.83,1009.1,87.8,0.43),('2002-12-23',26.28,24.83,29.17,1009.8,89.4,0.08),('2002-12-24',26,23.83,29.33,1009.6,91.01,0.53),('2002-12-25',26.5,23.33,29.56,1009.6,86.79,0),('2002-12-26',27.11,26.17,29.33,1009.7,84.74,0.01),('2002-12-27',27,25.17,29.06,1009.6,86.06,0),('2002-12-28',26.89,24.06,31.33,1009.7,88.56,0.04),('2002-12-29',27,24.06,29.33,1010.8,89.25,0),('2002-12-30',27.39,25.56,30.06,1011.1,86.63,0.02),('2002-12-31',26.83,24.06,30.06,1011.7,84.32,0),('2003-01-01',26.39,24.17,28.33,1013.3,83.76,0),('2003-01-02',25.72,24.06,27.56,1015.1,82.5,0.2),('2003-01-03',25.83,23.67,28.83,1014.7,81.23,0),('2003-01-04',25.83,25.06,27.56,1014.4,84.99,0),('2003-01-05',25.39,23.56,27.06,1015.1,90.62,0.35),('2003-01-06',24.67,23.56,25.17,1014.9,89.17,0.15),('2003-01-07',25.61,23.33,28.33,1013.6,87.14,0.25),('2003-01-08',26.11,24.17,29.06,1012.7,88.88,0.09),('2003-01-09',26.83,24.17,30.83,1012.1,85.39,0),('2003-01-10',27.06,24.67,30.67,1011.3,86.03,0),('2003-01-11',26.61,25.06,30.67,1012,84.96,0),('2003-01-12',25.28,24.33,27.33,1012.2,92.58,0.49),('2003-01-13',24.11,24.06,24.17,1012.1,96.46,0.04),('2003-01-14',27,24.83,28.67,1013.4,82.74,0.68),('2003-01-15',26.67,24.17,29.17,1013.5,86.15,0.04),('2003-01-16',26.83,25.06,30.17,1014.5,85.02,0),('2003-01-17',26.39,24.06,30.67,1015.1,81.29,0),('2003-01-18',25.28,23.56,27.33,1016.1,85.45,0),('2003-01-19',24.94,23.17,28.06,1012.7,86.03,0),('2003-01-20',24.89,23.83,26.67,1012.6,84.63,0.31),('2003-01-21',25.11,22.33,28.06,1012.7,77.36,0),('2003-01-22',26.22,23.06,29.33,1010.8,84.1,0),('2003-01-23',26.28,24.06,29.06,1010.4,82.45,0),('2003-01-24',25.83,23.56,28.17,1011.3,82.22,0),('2003-01-25',26.28,24.83,28.33,1012.6,86.05,0),('2003-01-26',25.89,23.33,29.17,1012.8,84.52,0),('2003-01-27',25.61,21.33,29.17,1012.8,80.62,0),('2003-01-28',25.61,24.83,27.06,1013.6,81.37,0.2),('2003-01-29',26.28,24.17,29.83,1015.2,81.59,0),('2003-01-30',24.83,23.56,26.67,1016.1,84.29,0.09),('2003-01-31',25.39,24.67,26.83,1016,80.76,0),('2003-02-01',26.33,23.67,29.83,1013.7,84.38,0),('2003-02-02',26.33,24.56,29.67,1013.6,81.3,0),('2003-02-03',25.28,23.67,27.83,1014.3,82.93,0.08),('2003-02-04',25.06,23.17,27.06,1014,86.37,0),('2003-02-05',24.22,22.56,26.06,1014.3,84.2,0.12),('2003-02-06',25.83,22.56,29.83,1014,80.86,0.01),('2003-02-07',25.44,23.17,28.83,1012,83.8,0),('2003-02-08',26.5,24.67,29.83,1013.1,83.84,0),('2003-02-09',26.89,24.06,29.67,1013.2,85.37,0),('2003-02-10',27.11,24.67,30.06,1013.5,82.32,0),('2003-02-11',26.78,24.56,30.06,1012.9,84.29,0),('2003-02-12',26.78,25.06,29.67,1014.1,88.03,0.2),('2003-02-13',26.89,24.67,29.83,1015.1,83.38,0),('2003-02-14',27.22,25.17,29.67,1015.9,82.49,0),('2003-02-15',27.22,23.06,30.33,1015.1,83.63,0),('2003-02-16',26.89,24.67,30.06,1013.6,84.47,0),('2003-02-17',27,24.83,29.17,1014.6,80.05,0),('2003-02-18',26.83,24.83,29.83,1014.1,79.6,0),('2003-02-19',26.67,24.33,30.83,1013.5,84.52,0),('2003-02-20',26.06,22.67,31.06,1014.5,84.05,0),('2003-02-21',26.78,24.06,30.83,1014.8,83.1,0),('2003-02-22',25.94,24.33,28.17,1014.5,85.13,0.04),('2003-02-23',26.44,24.06,29.33,1013.5,81.79,0),('2003-02-24',26.72,24.67,29.83,1012.7,75.88,0),('2003-02-25',25.39,23.56,29.67,1013.9,77.95,0),('2003-02-26',26.22,24.17,30.17,1013.8,79.06,0),('2003-02-27',27.17,25.06,30.83,1014.4,80,0),('2003-02-28',28.33,25.67,31.06,1013.8,77.98,0),('2003-03-01',25.67,25.67,25.67,1012.9,87.14,0),('2003-03-02',26.56,24.06,30.33,1011.8,84.08,0),('2003-03-03',27.28,24.67,30.33,1010.7,81.44,0),('2003-03-04',27.17,24.67,30.17,1010.5,86.23,0),('2003-03-05',27.94,25.67,31.06,1010.9,84.76,0.04),('2003-03-06',28.11,26.06,31.17,1011.7,82.89,0),('2003-03-07',27.94,25.06,31.33,1011.7,82.31,0),('2003-03-08',27.39,25.56,31.56,1012.7,85.19,0),('2003-03-09',26.5,25.17,29.83,1014.7,82.95,0.02),('2003-03-10',26.5,24.33,29.33,1015.8,76.67,0),('2003-03-11',26,24.33,28.67,1015.9,77.2,0),('2003-03-12',26.22,24.06,29.67,1016.8,79.45,0),('2003-03-13',26.39,24.06,29.83,1017.1,81.18,0.08),('2003-03-14',27,24.67,30.17,1016.4,79.13,0),('2003-03-15',26.78,24.17,29.83,1014.4,81.5,0.02),('2003-03-16',27.28,24.83,30.06,1015.3,85.93,0.04),('2003-03-17',27.61,25.67,30.67,1013.6,77.58,0),('2003-03-18',24.67,23.67,25.67,1015.6,93.36,0),('2003-03-19',27.89,26.06,30.83,1012.4,80.95,0),('2003-03-20',27.44,25.67,30.17,1012.7,85.12,0),('2003-03-21',28.72,25.67,31.17,1013.4,80.61,0),('2003-03-22',27.33,25.17,30.67,1014.4,86.86,0),('2003-03-23',29.11,27.06,31.17,1014.1,77.94,0),('2003-03-24',28.61,26.67,31.56,1014.1,76.82,0),('2003-03-25',27.61,26.17,30.17,1013.8,80.83,0),('2003-03-26',27.22,25.83,29.17,1014.5,82.55,0.08),('2003-03-27',28.22,26.06,31.17,1013.1,81.05,0),('2003-03-28',28.06,25.83,31.33,1011.1,80.83,0),('2003-03-29',27.5,25.56,31.67,1010.9,83.71,0),('2003-03-30',28.33,25.17,30.83,1011.8,84.13,0),('2003-03-31',28.06,25.17,32.06,1011.4,80.42,0),('2003-04-01',27.89,25.67,30.56,1010,79.45,0),('2003-04-02',27.83,24.83,32.06,1009.4,83.7,0),('2003-04-03',28.06,24.83,31.56,1009.6,78.25,0),('2003-04-04',28.89,25.56,32.33,1009.8,77.16,0),('2003-04-05',29,26.06,33.17,1010,83.95,0),('2003-04-06',28.83,26.83,31.67,1011.2,86.23,0),('2003-04-07',28.28,27.06,31.17,1012.6,82.7,0.01),('2003-04-08',27.78,26.06,31.06,1012.5,80.04,0.12),('2003-04-09',27.89,24.06,31.83,1013.4,81.99,0.01),('2003-04-10',29.11,27.06,32.33,1014.5,78.77,0),('2003-04-11',28.94,27.06,32.17,1014.4,80.23,0),('2003-04-12',28.06,25.67,32.56,1013,84.36,0),('2003-04-13',28.72,26.06,32.67,1012.4,82.79,0),('2003-04-14',29.11,26.56,32.17,1012.4,77.01,0),('2003-04-15',29.28,26.67,33.06,1013,77.55,0),('2003-04-16',29.56,26.33,32.83,1014.4,84.06,0),('2003-04-17',29.11,26.56,32.33,1013.1,78.15,0),('2003-04-18',29.06,26.06,31.83,1011.5,80.67,0),('2003-04-19',28.78,25.06,32.67,1008.7,82.57,0),('2003-04-20',28.94,26.06,33.33,1008.9,82.97,0),('2003-04-21',30,26.83,33.33,1009.8,78.33,0),('2003-04-22',30.06,26.83,33.06,1009.8,79.39,0),('2003-04-23',29.78,26.17,33.06,1009.5,80.66,0),('2003-04-24',28.78,24.56,31.83,1009.7,79.82,1.02),('2003-04-25',28.94,26.06,31.56,1009.9,82.2,0.05),('2003-04-26',29.44,27.56,32.33,1009.8,79.17,0),('2003-04-27',28.83,26.67,32.17,1009.5,81.56,0),('2003-04-28',29.22,26.67,31.83,1010.5,74.53,0),('2003-04-29',29.39,26.67,32.56,1011,75.67,0),('2003-04-30',29.5,27.06,33.33,1009.3,78.07,0),('2003-05-01',28.33,25.56,31.33,1009.4,79.15,0),('2003-05-02',29.39,26.06,33.17,1009,79.27,0),('2003-05-03',29.61,28.06,32.67,1008.9,82.18,0.01),('2003-05-04',28.89,27.17,31.33,1010.4,86.01,0),('2003-05-05',29.5,26.67,33.17,1008.3,75.29,0),('2003-05-06',30.06,26.56,33.06,1008.8,74.71,0),('2003-05-07',29.78,27.56,32.67,1009,78.68,0),('2003-05-08',30.39,28.33,33.67,1009.6,74.55,0),('2003-05-09',29.33,27.67,32.33,1009.5,80.58,0.52),('2003-05-10',29.22,27.67,32.06,1010,83.03,0),('2003-05-11',29,26.83,32.56,1009.9,83.38,0),('2003-05-12',29.89,27.17,32.06,1010,79.11,0.01),('2003-05-13',29.78,27.06,32.17,1009.6,79.16,0.02),('2003-05-14',30.06,27.17,33.33,1008.8,79.23,0),('2003-05-15',29,25.67,32.17,1009,80.12,0.16),('2003-05-16',29.61,25.67,33.06,1009.2,77.59,0.12),('2003-05-17',29.39,25.83,34.06,1008.2,77.6,0),('2003-05-18',29.72,26.83,33.33,1007.6,79.24,0),('2003-05-19',30.06,26.83,33.33,1009.1,77.19,0),('2003-05-20',29.5,27.06,32.67,1010.7,75.19,0),('2003-05-21',28.89,26.83,32.67,1010.7,80.89,0),('2003-05-22',29.67,26.56,33.06,1009.8,75.46,0),('2003-05-23',26.94,23.33,32.56,1008.8,86.35,2.25),('2003-05-24',28.06,25.06,30.83,1007.9,88.67,0.02),('2003-05-25',26.83,25.17,29.83,1006.9,93.74,0.22),('2003-05-26',26.56,25.17,29.06,1005.6,90.26,0.12),('2003-05-27',25.5,24.83,26.33,1003.1,95.19,1.35),('2003-05-28',24.94,23.83,26.67,1003.2,95.6,0.86),('2003-05-29',25.67,24.06,28.67,1006,93.07,1.4),('2003-05-30',26.83,25.06,28.83,1005.7,89.77,0.33),('2003-05-31',26.61,25.17,29.06,1006.4,92.42,0.5),('2003-06-01',26.17,24.67,27.83,1006.8,93.37,0.32),('2003-06-02',27,24.83,29.67,1007.7,87.95,0.16),('2003-06-03',28.28,24.83,31.17,1009.3,84.25,0),('2003-06-04',28.5,25.67,31.83,1011.2,83.17,0),('2003-06-05',28.39,24.83,31.67,1010.8,81.12,0),('2003-06-06',28.39,25.17,31.33,1009.5,84.14,0),('2003-06-07',28.67,24.67,33.56,1009.4,83.29,0),('2003-06-08',29.17,25.06,32.83,1009.7,81.65,0),('2003-06-09',28.61,25.33,32.17,1009.4,81.28,0),('2003-06-10',29,25.83,33.06,1009.3,79.95,0),('2003-06-11',28.89,25.83,33.06,1009.5,81.79,0),('2003-06-12',28.06,24.06,32.83,1009.1,78.55,0),('2003-06-13',28.39,24.56,31.83,1009.5,78.8,0),('2003-06-14',29.17,26.17,32.83,1007.3,84.05,0.02),('2003-06-15',27.17,26.06,28.56,1004.1,89.78,0.06),('2003-06-16',27,24.83,28.17,1005.2,85.63,0.95),('2003-06-17',26.72,25.06,29.06,1008.3,91.78,0.04),('2003-06-18',26.78,24.83,31.06,1009.7,86.14,0.45),('2003-06-19',27.33,25.17,30.33,1009.4,87.32,0.12),('2003-06-20',27.83,24.83,31.06,1009.4,82.33,0),('2003-06-21',28.39,24.56,31.67,1009.4,84.04,0),('2003-06-22',28.17,25.83,30.67,1009.7,86.76,0.01),('2003-06-23',26.67,25.06,28.06,1009.7,88.53,1.93),('2003-06-24',27.06,25.06,29.67,1010.4,89.15,0),('2003-06-25',27.67,26.06,30.83,1008.9,84.09,0),('2003-06-26',28.17,25.17,30.83,1009.2,81.71,0),('2003-06-27',26.89,23.56,30.33,1010.5,86.2,0.98),('2003-06-28',27.61,25.33,30.06,1010.8,89.6,0.01),('2003-06-29',27.72,25.33,31.33,1010.5,87.96,0.12),('2003-06-30',27.11,25.56,28.83,1010.2,89.61,0.35),('2003-07-01',27.89,25.17,31.06,1011.2,86.67,0),('2003-07-02',28.61,26.67,31.56,1011.3,83.76,0),('2003-07-03',27.89,25.33,30.67,1010.8,88.07,0.54),('2003-07-04',26.83,24.06,30.33,1010.1,87.67,3.11),('2003-07-05',28,25.06,31.33,1010.6,87.64,0),('2003-07-06',28.72,25.83,31.67,1010.3,84.71,0),('2003-07-07',28.5,26.67,31.06,1008.4,82.58,0),('2003-07-08',26.89,25.83,28.67,1008.5,89.01,4.13),('2003-07-09',25.94,24.83,28.83,1009.2,91.5,1.1),('2003-07-10',27.11,23.67,30.83,1008.8,85.9,0),('2003-07-11',28.39,24.83,31.17,1009.2,83.04,0),('2003-07-12',28.72,26.06,32.67,1009.6,87.61,0.28),('2003-07-13',28.56,26.06,31.56,1009.3,87.96,0.03),('2003-07-14',29,26.06,32.83,1008.9,83.89,0),('2003-07-15',29.39,26.17,32.83,1009.5,84.71,0.04),('2003-07-16',29.44,26.06,33.17,1009.9,78.11,0),('2003-07-17',28,25.06,31.56,1008.6,85.91,0.36),('2003-07-18',27.28,26.06,29.56,1005.5,85.78,0.47),('2003-07-19',28,25.06,31.06,1007.1,86.71,0.02),('2003-07-20',27.94,25.33,31.17,1007.8,83.8,0),('2003-07-21',28.78,25.83,32.06,1005.6,80.72,0.01),('2003-07-22',25.39,24.33,27.83,1002.2,92.74,2.87),('2003-07-23',26.11,23.83,27.56,1007.8,87.47,0.39),('2003-07-24',28.33,25.06,31.56,1011.1,84.66,0),('2003-07-25',28.11,24.67,31.56,1011.5,83.25,0.12),('2003-07-26',27.39,24.83,30.06,1010.8,87.27,0.71),('2003-07-27',27.61,25.83,29.67,1011.4,89.79,0.71),('2003-07-28',28.89,26.33,31.67,1011.9,83.14,0),('2003-07-29',28.78,25.17,32.06,1011.5,81.37,0),('2003-07-30',29.06,26.67,31.83,1009.7,80.95,0),('2003-07-31',29,25.06,32.06,1008.5,80.72,0),('2003-08-01',28.11,25.06,32.06,1007,82.86,0),('2003-08-02',27.5,25.33,32.17,1005.7,87.61,1.3),('2003-08-03',27.17,25.06,30.06,1006.6,86.09,0.28),('2003-08-04',27.44,25.06,30.33,1007.8,83.49,0.02),('2003-08-05',28.06,25.67,30.06,1006.3,82.29,0.02),('2003-08-06',28.39,26.67,30.17,1006.3,81.83,0.04),('2003-08-07',27.94,25.17,30.33,1008.1,86,0.5),('2003-08-08',28.22,26.83,30.67,1008.9,85.53,0),('2003-08-09',28.89,25.67,32.17,1007.5,80.73,0),('2003-08-10',28.72,25.83,32.17,1007.6,82.08,0),('2003-08-11',29,26.06,32.17,1008.9,80.32,0),('2003-08-12',29.5,27.17,32.06,1010.6,80.51,0),('2003-08-13',29.39,26.33,33.33,1010.1,80.75,0),('2003-08-14',28.67,26.67,33.06,1008.2,81.53,0),('2003-08-15',28.17,26.06,33.06,1006.9,83.47,0.04),('2003-08-16',27.78,25.06,31.83,1007.7,84.02,0.2),('2003-08-17',27.83,25.17,32.83,1008,83.44,0.24),('2003-08-18',26.89,25.06,28.17,1007.1,88.79,0.2),('2003-08-19',25.44,24.33,26.83,1006.9,94.36,1.12),('2003-08-20',27.33,23.67,30.67,1007.8,86.15,0.14),('2003-08-21',28.61,25.17,32.56,1008.4,82.17,0),('2003-08-22',27.83,25.67,30.17,1008.3,86.41,0.08),('2003-08-23',25.94,24.83,27.33,1008.4,92.06,0.22),('2003-08-24',27.06,24.83,31.33,1007.2,86.06,0),('2003-08-25',28.61,26.83,31.67,1010.8,81.79,0),('2003-08-26',27.78,26.17,29.67,1011.7,85.87,0),('2003-08-27',27.94,26.56,30.06,1009.7,84.55,0.01),('2003-08-28',27.22,25.06,31.33,1009.1,85.65,1.19),('2003-08-29',26.33,25.06,28.33,1010.8,91.22,0),('2003-08-30',28.61,26.67,31.83,1009.8,83.05,0),('2003-08-31',28.72,27.33,30.17,1008,80.27,0),('2003-09-01',25.33,23.67,27.06,1005.7,93.14,0.75),('2003-09-02',24.11,23.67,24.67,1007.8,97.54,1.93),('2003-09-03',25.22,23.17,29.67,1010.6,91.98,1.7),('2003-09-04',26.06,23.17,30.33,1011.6,90.92,0.72),('2003-09-05',28.22,24.67,30.83,1010.7,82.63,0.01),('2003-09-06',27.78,25.56,30.06,1010,85.6,0.01),('2003-09-07',28.17,26.06,31.83,1009.3,82.94,0),('2003-09-08',27.61,25.56,30.83,1010,84.18,0.02),('2003-09-09',27.89,24.67,32.06,1010.3,83.15,0),('2003-09-10',28.33,26.06,31.83,1009.5,83.59,0),('2003-09-11',27.44,24.67,31.83,1009.4,89.31,0.51),('2003-09-12',27.39,24.56,30.67,1009.8,85.9,0.12),('2003-09-13',26.94,25.06,30.56,1010.7,91.61,0.39),('2003-09-14',27.33,25.17,30.83,1011.3,87.58,0),('2003-09-15',28.28,25.56,31.56,1010.7,81.6,0.16),('2003-09-16',28.06,26.33,30.06,1009.7,85.25,0),('2003-09-17',27.72,25.83,29.67,1008.2,84.67,0),('2003-09-18',27.28,25.06,30.06,1007.3,85.87,0.39),('2003-09-19',27.06,24.17,30.67,1008.8,84.02,0.02),('2003-09-20',28,24.67,31.17,1010.6,84.05,0),('2003-09-21',27.83,25.56,32.06,1010.5,84.3,0),('2003-09-22',28.11,25.56,32.67,1009.6,82.35,0),('2003-09-23',25.72,25.33,26.17,1008.9,88.74,0),('2003-09-24',29.28,27.06,31.67,1009,80.39,0),('2003-09-25',28.44,25.33,32.06,1008.5,83.83,0),('2003-09-26',28.5,25.17,32.06,1007.9,84.34,0),('2003-09-27',28.61,26.06,32.56,1007.1,84.11,0.04),('2003-09-28',28.22,25.83,30.67,1006.5,81.49,0),('2003-09-29',28.22,25.06,30.83,1007.4,82.3,0),('2003-09-30',27,24.56,30.56,1008.1,85.1,0.77),('2003-10-01',27.28,24.67,30.17,1008.6,82.78,0),('2003-10-02',27.28,24.83,29.06,1009.3,85.04,0.08),('2003-10-03',27.44,24.67,31.83,1009.8,84.11,0.91),('2003-10-04',27.5,23.67,31.06,1008.8,86.14,1.1),('2003-10-05',27.72,24.83,31.06,1008.6,83.82,0),('2003-10-06',27.56,25.06,31.67,1009.1,85.82,0),('2003-10-07',28.33,24.83,31.67,1010,82.07,0.24),('2003-10-08',28.44,25.67,31.17,1010.2,80.79,0),('2003-10-09',28,25.17,31.06,1010,85.5,0.75),('2003-10-10',28.28,25.67,32.33,1009.4,84.85,1.25),('2003-10-11',27.33,24.83,30.83,1008.9,87.2,0.13),('2003-10-12',27.78,24.06,31.17,1009.2,83.61,0),('2003-10-13',27.61,25.06,31.67,1010.6,86.25,0.28),('2003-10-14',28.72,26.06,32.06,1010.4,79.61,0),('2003-10-15',27.56,25.56,30.06,1010.6,86.13,0.81),('2003-10-16',26.94,24.83,29.33,1010,87.1,0.54),('2003-10-17',26.72,24.33,30.06,1009,89.85,0.23),('2003-10-18',27.61,25.06,31.06,1009.5,85.21,0.08),('2003-10-19',27,23.33,31.67,1009.4,83.47,0),('2003-10-20',28.39,24.06,31.83,1008.6,79.22,0),('2003-10-21',26.33,24.67,29.06,1008.9,87.36,0.04),('2003-10-22',26.11,24.06,29.06,1009.7,86.84,0.02),('2003-10-23',24.17,23.67,24.67,1010.5,93.93,1.03),('2003-10-24',25.61,23.33,28.56,1009.7,88.66,0.33),('2003-10-25',24.22,22.83,26.83,1010.6,93.58,2.24),('2003-10-26',25.89,22.17,29.67,1012.3,88.42,0.42),('2003-10-27',26.78,24.06,29.67,1013.2,83.57,0.01),('2003-10-28',26.44,24.67,29.06,1014.2,84.67,0),('2003-10-29',25.72,23.56,27.83,1011.8,87.84,0.63),('2003-10-30',27.17,23.33,29.83,1009,81.37,0.04),('2003-10-31',28.06,25.17,31.67,1007.4,83.79,0),('2003-11-01',28,24.33,32.06,1007.4,84.18,0),('2003-11-02',27.83,23.56,32.06,1010.5,82.97,0),('2003-11-03',28.17,24.56,32.06,1010.7,80.75,0),('2003-11-04',27.94,24.83,31.17,1010.3,83.61,0),('2003-11-05',28.17,25.67,31.33,1011,80.4,0),('2003-11-06',26.89,24.06,29.83,1009.8,88.96,1.65),('2003-11-07',27.44,24.56,30.56,1010,85.85,2.48),('2003-11-08',27.61,24.67,31.17,1010.9,85.74,0.12),('2003-11-09',27.33,25.06,31.33,1010.1,88.3,0.24),('2003-11-10',27.17,24.67,30.67,1010.3,87.45,0.16),('2003-11-11',27.11,25.33,28.67,1011.5,86.22,0.2),('2003-11-12',26.22,24.83,27.33,1011.9,88.79,0.16),('2003-11-13',27.39,25.67,29.67,1011.9,84.28,0.16),('2003-11-14',24.5,23.56,26.06,1007.6,97.33,2.91),('2003-11-15',26.78,25.67,29.33,1007.2,88.84,4.35),('2003-11-16',26.61,25.06,29.83,1009.9,92.27,0.32),('2003-11-17',28.33,24.83,31.67,1011.6,85.56,0),('2003-11-18',27.11,25.67,30.06,1011.4,85.92,0.12),('2003-11-19',27.5,24.67,29.67,1010.3,80.89,0),('2003-11-20',27.22,24.06,29.56,1009.9,86.3,0.13),('2003-11-21',28.17,26.06,30.83,1009.9,87.39,0.02),('2003-11-22',27.56,25.17,31.06,1012.4,87.01,0),('2003-11-23',27.72,25.83,30.67,1013.7,84.3,0),('2003-11-24',27.22,25.33,29.56,1012.5,89.18,0.22),('2003-11-25',26.72,25.33,28.06,1011.6,89.46,0.28),('2003-11-26',26.89,25.06,29.67,1010.6,87.1,0.73),('2003-11-27',26.33,25.06,28.06,1008.9,87.48,0.12),('2003-11-28',26.94,25.06,30.17,1009.8,85.65,0),('2003-11-29',26.33,23.17,30.67,1009.8,87.58,0),('2003-11-30',26,22.67,29.67,1011.4,83.95,0),('2003-12-01',25.44,23.67,28.06,1012.4,83.3,0.1),('2003-12-02',25.22,24.06,27.67,1012.5,81.95,0.03),('2003-12-03',24.28,22.17,26.06,1012,84.04,0.22),('2003-12-04',25.78,23.83,27.33,1012.1,81.77,0),('2003-12-05',26.83,25.17,29.83,1012,82.43,0),('2003-12-06',26.17,24.33,29.06,1011.8,87.4,0.2),('2003-12-07',25.89,23.06,28.33,1012.9,84.28,0),('2003-12-08',25.61,24.33,27.17,1013.2,88.49,0.19),('2003-12-09',26.17,24.06,28.06,1011.9,87.8,0.06),('2003-12-10',25.83,24.33,27.06,1010.8,88.91,0.08),('2003-12-11',26.56,25.06,29.33,1010.2,88.45,0.04),('2003-12-12',26.11,25.06,27.67,1009.6,92.12,0.38),('2003-12-13',25.94,24.83,27.56,1009,92.57,0.55),('2003-12-14',26,24.17,29.06,1009.3,89.28,0.05),('2003-12-15',24.06,22.83,25.06,1010.9,90.84,0.1),('2003-12-16',24,22.56,25.17,1011.1,87.46,0.08),('2003-12-17',24.5,22.56,25.67,1012.6,87.83,0.02),('2003-12-18',24.5,23.33,26.06,1012.9,88.63,0.31),('2003-12-20',23.83,23.06,24.67,1015.5,85.99,0.04),('2003-12-21',24.56,23.67,26.33,1016.6,83.29,0),('2003-12-22',23.33,22.56,24.67,1015.7,89.39,0.18),('2003-12-23',23.94,22.17,26.67,1013.5,87.73,0.02),('2003-12-24',23.67,22.06,25.56,1013.3,88.2,0.32),('2003-12-25',23.78,22.06,26.33,1012.3,88.44,0.22),('2003-12-26',24.28,22.17,26.67,1011.7,84.38,0),('2003-12-27',23.28,22.06,25.06,1015.2,83.04,0.08),('2003-12-28',22.83,21.06,23.83,1016,84.66,0.08),('2003-12-29',24,20.83,26.56,1016.5,84.6,0.24),('2003-12-30',24.17,23.06,25.17,1015.4,92.02,0.24),('2003-12-31',25.22,23.56,27.56,1013.8,90.12,0),('2004-01-01',24.56,23.33,25.67,1013.4,89.61,0.13),('2004-01-02',24.89,23.06,27.56,1012.7,88.34,0.11),('2004-01-03',24.94,24.06,26.56,1012.9,90.39,0.2),('2004-01-04',25.11,22.83,27.56,1014,90.06,0.32),('2004-01-05',25.06,22.83,27.06,1013.9,89.51,0),('2004-01-06',26,23.17,29.17,1013.1,89.14,0.14),('2004-01-07',24.78,23.33,27.67,1014.8,89.73,0.06),('2004-01-08',25.11,23.06,28.06,1016.8,89.77,0.04),('2004-01-09',25.56,23.17,28.56,1017,85.12,0),('2004-01-10',25.78,23.83,29.67,1015.6,85.39,0.02),('2004-01-11',25.5,23.06,28.17,1014.5,88.25,0),('2004-01-12',25.11,23.06,27.06,1014.3,86.98,0.27),('2004-01-13',26.11,24.17,28.33,1012.8,81.69,0.59),('2004-01-14',25.89,23.67,28.67,1013.1,80.73,0),('2004-01-15',25.61,24.17,28.06,1013.6,83.18,0),('2004-01-16',26.06,21.67,29.17,1013.2,84.64,0),('2004-01-17',26.33,24.56,29.83,1012.7,86.68,0),('2004-01-18',26.56,24.67,29.67,1012.8,85.88,0),('2004-01-19',26.94,24.83,30.17,1012.2,83.78,0),('2004-01-20',26.39,24.33,28.67,1012,83.7,0.2),('2004-01-21',26.11,24.17,28.56,1012.6,87.05,0.83),('2004-01-22',24.89,21.17,27.83,1013.1,87.75,0),('2004-01-23',26.56,24.56,28.67,1012.7,85.22,0),('2004-01-24',26.11,24.06,29.83,1011.9,88.2,0),('2004-01-25',24.89,24.06,26.17,1013.5,85.64,0),('2004-01-26',23.39,22.83,23.83,1014.2,92.15,0.34),('2004-01-27',24.56,22.33,27.17,1012.6,87.46,0.08),('2004-01-28',25.22,23.17,27.56,1011.5,86.05,0.02),('2004-01-29',25.94,24.06,28.67,1011.6,83.53,0),('2004-01-30',26.11,23.17,29.17,1011.4,87.79,0),('2004-01-31',25.94,23.83,28.67,1012.2,88.09,0.28),('2004-02-01',26.78,24.67,29.67,1011.2,86.46,0),('2004-02-02',26.11,24.17,28.33,1010.3,85.17,0),('2004-02-03',26.5,24.06,29.33,1010.7,80.17,0),('2004-02-04',25.83,23.06,29.06,1012.4,84.16,0),('2004-02-05',25.56,21.56,29.17,1013.4,81.1,0),('2004-02-06',26.17,24.06,29.06,1014.1,82.79,0),('2004-02-07',25.33,23.67,27.56,1015.2,90.06,0.79),('2004-02-08',26.67,24.67,29.67,1013.9,86.96,0.48),('2004-02-09',27,25.06,29.33,1013.8,81.83,0),('2004-02-10',25.67,24.33,27.33,1014.6,86.8,0.06),('2004-02-11',24.61,23.56,25.56,1014.4,92.05,0.24),('2004-02-12',24.72,23.17,27.56,1014.5,89.59,0.08),('2004-02-13',25.83,23.06,29.06,1012.3,86.85,0),('2004-02-14',25.33,23.06,28.56,1010.7,82.69,0),('2004-02-15',25.78,22.83,29.33,1012.2,82.98,0),('2004-02-16',24.83,23.67,26.67,1014.1,81.72,0.08),('2004-02-17',25.39,23.06,27.67,1011.9,73.01,0),('2004-02-18',25.17,23.06,28.06,1011.3,79.86,0),('2004-02-19',25.39,22.83,28.06,1012.3,84.81,0.09),('2004-02-20',25.61,23.33,28.33,1013.3,87.02,0),('2004-02-21',25.5,24.17,27.83,1011.1,91.4,0.21),('2004-02-22',26.56,24.06,29.17,1010.5,86.8,0),('2004-02-23',26.5,24.17,29.17,1011.2,87.93,0),('2004-02-24',27.11,25.06,29.67,1011,84.29,0),('2004-02-25',27.94,25.17,31.06,1010.5,83.43,0.04),('2004-02-26',27.33,25.83,30.17,1011.1,83.1,0),('2004-02-27',26.33,24.17,29.17,1013.1,83.8,0),('2004-02-28',26.61,24.67,29.56,1012.9,83.28,0),('2004-02-29',25.67,23.56,28.06,1012.8,87.84,0.03),('2004-03-01',27.39,23.56,30.17,1009.8,86.26,0),('2004-03-02',27.89,25.17,31.83,1009,83.78,0),('2004-03-03',28.17,24.83,32.06,1009.2,80.35,0),('2004-03-04',27.61,25.67,30.56,1010.8,83.94,0),('2004-03-05',27.61,24.67,31.17,1011.9,82.65,0),('2004-03-06',27.67,25.33,30.17,1012.9,87.41,0),('2004-03-07',25.72,24.33,27.83,1014.7,85.61,0.04),('2004-03-08',25.33,23.67,27.17,1017.3,83.97,0),('2004-03-09',25.67,24.83,28.17,1015.1,84.4,0),('2004-03-10',25.67,24.06,28.17,1013.4,87.03,0),('2004-03-11',27.39,25.06,30.06,1012.8,80.42,0),('2004-03-12',27.72,24.17,30.33,1013.3,83.02,0),('2004-03-13',27.06,24.56,30.33,1013.7,83.41,0),('2004-03-14',26.28,23.67,29.17,1013.5,84.82,0.01),('2004-03-15',26.94,24.56,30.17,1012.5,82.2,0.04),('2004-03-16',25.83,24.67,27.06,1012,88.06,0.2),('2004-03-17',27.28,23.83,31.06,1011.8,79.56,0),('2004-03-18',27.28,24.67,30.56,1011.1,81.38,0),('2004-03-19',26.94,25.06,29.67,1009.5,83,0),('2004-03-20',26.89,24.67,29.17,1006.9,83.62,0),('2004-03-21',27.11,25.17,29.56,1006.6,87.55,0),('2004-03-22',27.61,24.17,31.67,1007.3,81.67,0),('2004-03-23',28.33,25.67,32.06,1008.4,79.25,0),('2004-03-24',27.78,25.06,32.17,1009,81.18,0),('2004-03-25',28.44,25.67,32.06,1010.2,79.29,0),('2004-03-26',27.61,23.06,31.83,1010.7,81.41,0),('2004-03-27',28,23.67,32.56,1012.3,81.57,0),('2004-03-28',28.28,25.06,32.17,1012.3,80.11,0),('2004-03-29',28.11,24.67,32.06,1011.7,77.51,0),('2004-03-30',27.78,25.06,32.06,1011.9,79.13,0),('2004-03-31',28.56,25.67,32.06,1013.4,78.76,0),('2004-04-01',28.06,24.06,31.33,1013.1,77.91,0),('2004-04-02',27.22,23.17,31.17,1012.6,80.28,0),('2004-04-03',29.11,26.67,32.56,1012.3,80.33,0),('2004-04-04',28.89,25.67,33.67,1011.6,80.74,0),('2004-04-05',28.5,26.67,31.67,1010.8,80.54,0),('2004-04-06',28.28,25.67,32.06,1010.6,78.21,0),('2004-04-07',28.67,25.33,32.06,1011.5,78.49,0),('2004-04-08',29,26.56,32.17,1011.2,77.43,0),('2004-04-09',29,26.67,32.67,1011.2,78.45,0),('2004-04-10',29.06,25.67,32.83,1011.1,78.47,0),('2004-04-11',28.83,26.33,32.33,1009.8,81.58,0.02),('2004-04-12',29.17,26.67,33.17,1008.8,80.67,0),('2004-04-13',29.5,26.67,33.33,1008,76.24,0),('2004-04-14',29.56,26.67,33.67,1009.2,78.43,0),('2004-04-15',29.33,27.06,32.83,1009.3,79.38,0),('2004-04-16',29.33,26.17,32.67,1009.5,77.79,0),('2004-04-17',29.28,26.06,33.06,1008.8,79.14,0),('2004-04-18',29.17,25.67,33.17,1009.4,78.64,0),('2004-04-19',28.83,25.67,33.06,1011.1,79.78,0.12),('2004-04-20',29.56,26.33,33.17,1011.9,73.65,0),('2004-04-21',29.39,26.67,32.56,1011,74.59,0),('2004-04-22',29.22,26.33,32.67,1009.4,76.76,0),('2004-04-23',28.83,24.83,33.17,1009.3,80.2,0),('2004-04-24',28.67,25.06,32.83,1010.4,79.66,0),('2004-04-25',29.28,26.67,33.06,1011,77.7,0),('2004-04-26',29.17,25.56,33.06,1010.5,75.86,0),('2004-04-27',29.28,25.17,33.06,1009.9,77.78,0.09),('2004-04-28',28.94,26.67,32.56,1010,80.35,0.12),('2004-04-29',29.44,27.33,31.67,1009.3,75.55,0.08),('2004-04-30',29.61,27.06,33.56,1007.9,77.26,0),('2004-05-01',28.72,25.06,33.06,1008.4,82.21,0.87),('2004-05-02',27.67,23.67,33.06,1009.5,86.01,1.58),('2004-05-03',29.33,26.67,32.67,1008.8,77.1,0),('2004-05-04',28.78,25.56,32.06,1008.7,78.93,0.35),('2004-05-05',29.83,26.33,32.33,1008.8,77.23,0),('2004-05-06',29.83,28.06,32.06,1009.7,77.65,0),('2004-05-07',29.61,28.06,32.17,1008.6,79.14,0),('2004-05-08',27.33,25.06,30.06,1008.4,87.2,3.62),('2004-05-09',27.5,24.83,32.67,1008.6,85.33,0.04),('2004-05-10',27.61,24.56,31.06,1008.2,85.66,0),('2004-05-11',26.61,24.67,34.67,1008.1,87.98,4.18),('2004-05-12',28.11,24.06,32.33,1006.7,81.82,0),('2004-05-13',28.5,25.06,32.06,1007.5,84.18,0.34),('2004-05-14',28.17,24.06,32.06,1009.4,84.26,4),('2004-05-15',28.56,26.67,31.06,1009.2,83.33,0.21),('2004-05-16',28.5,26.67,32.06,1008.6,82.6,0),('2004-05-17',26.89,24.83,28.17,1005.8,86.08,0.75),('2004-05-18',27.89,24.17,32.06,1005.6,82.06,0.04),('2004-05-19',28.06,26.06,29.83,1007.2,83.07,0.02),('2004-05-20',28.06,25.33,30.33,1007.9,84.24,0),('2004-05-21',27.06,25.33,29.67,1008.5,87.34,0.16),('2004-05-22',27.89,25.06,30.83,1008.4,82.83,0),('2004-05-23',28.5,26.67,32.06,1009.6,82.03,0),('2004-05-24',28.39,25.56,31.17,1010.3,83.17,0),('2004-05-25',29.06,26.33,32.17,1012,82.33,0),('2004-05-26',28.83,25.17,32.67,1012.7,81.81,0),('2004-05-27',29,25.17,32.67,1012.2,78.97,0),('2004-05-28',29,26.67,31.67,1010.7,77.56,0),('2004-05-29',28.94,25.67,31.67,1009.6,76.56,0),('2004-05-30',28.39,25.17,30.83,1008.4,82.65,0),('2004-05-31',27.72,24.67,30.67,1009,85.85,1.46),('2004-06-01',26.22,23.83,29.67,1009.7,88.36,0.78),('2004-06-02',25.06,23.67,29.06,1009.6,93.98,1.22),('2004-06-03',26.61,24.06,30.33,1008.6,88.67,0),('2004-06-04',25.89,25.06,27.67,1008.7,94.4,0.32),('2004-06-05',25.5,24.06,27.56,1007.6,95.23,1.21),('2004-06-06',25.06,24.17,26.06,1007.4,96.05,0.21),('2004-06-07',24.94,24.06,25.67,1008.8,96.6,0.8),('2004-06-08',27.72,23.83,32.06,1009.5,85.09,0),('2004-06-09',28.61,26.33,31.06,1008.7,83.81,0),('2004-06-10',27.78,25.67,31.33,1008,85.83,1.04),('2004-06-11',28.22,25.06,31.06,1010.2,85.6,0),('2004-06-12',28.17,25.06,31.83,1011.7,85.75,0.2),('2004-06-13',27.56,24.33,31.06,1011.4,87.45,1.14),('2004-06-14',27.72,25.06,31.33,1010.5,88.34,0.24),('2004-06-15',28,25.83,31.06,1010.6,85.14,0.32),('2004-06-16',28.22,25.56,31.56,1009.8,82.21,0.12),('2004-06-17',28.72,26.67,31.67,1008.4,81.86,0),('2004-06-18',28.22,25.83,31.17,1006.5,84.44,0.08),('2004-06-19',27.78,25.67,29.67,1006.4,83.67,0),('2004-06-20',28.39,25.17,32.67,1007.7,79.82,0),('2004-06-21',29.39,26.33,33.17,1007.9,81.22,0),('2004-06-22',28.17,27.33,29.33,1008.3,85.43,0.24),('2004-06-23',28.11,26.06,31.06,1007.7,80.72,0),('2004-06-24',28.17,26.17,31.56,1007.7,80.93,0),('2004-06-25',27.17,24.83,29.06,1006.9,87.11,0.12),('2004-06-26',27.06,25.17,29.06,1005.9,88.02,0),('2004-06-27',27.33,24.56,29.67,1004.1,86.75,0),('2004-06-28',27.56,26.33,29.06,1001.6,85.35,0.1),('2004-06-29',26.89,26.06,29.17,999.1,87.31,0.59),('2004-06-30',26.61,24.67,29.83,1001.6,88.3,0.55),('2004-07-01',27.56,25.33,30.33,1005.6,85.76,0.5),('2004-07-02',27.5,24.83,30.06,1007.6,87.93,0),('2004-07-03',28.33,26.06,31.06,1008.4,84.75,0),('2004-07-04',28.83,25.56,31.67,1009,82.87,0),('2004-07-05',28.89,25.83,32.67,1009.5,85.2,0),('2004-07-06',28.78,26.06,32.67,1009.7,83.39,0),('2004-07-07',28.5,26.06,31.17,1010.8,81.17,0),('2004-07-08',28.67,25.67,31.83,1010.8,80.06,0),('2004-07-09',28.28,25.17,30.83,1010.6,84.53,0),('2004-07-10',28.5,25.17,32.06,1010.2,84.63,0.08),('2004-07-11',28.56,26.06,32.33,1009.8,84.41,0),('2004-07-12',27.28,23.33,31.17,1010.3,87.68,1.42),('2004-07-13',27.67,25.33,30.33,1010.3,86.92,2.06),('2004-07-14',27.33,25.17,30.56,1008.3,85.62,0),('2004-07-15',27.67,24.67,30.67,1009.3,84.76,0.16),('2004-07-16',27,24.67,29.67,1009.3,87.4,1.92),('2004-07-17',26.78,24.67,30.67,1009.2,87.97,0),('2004-07-18',26.22,23.83,29.67,1008.5,87.25,0),('2004-07-19',26.78,24.67,29.17,1008.6,87.37,0.08),('2004-07-20',27.17,25.67,30.06,1008.5,86.78,0.08),('2004-07-21',25.72,24.06,27.56,1009.7,91.01,0.24),('2004-07-22',26.11,24.06,30.67,1009.7,90.08,0.47),('2004-07-23',26.39,23.67,29.83,1009.6,88.99,0.39),('2004-07-24',25.56,24.06,28.33,1008.3,92.6,0.67),('2004-07-25',26.11,23.83,29.06,1006.5,89.51,0.16),('2004-07-26',26.22,24.06,29.67,1006.9,92.01,0.15),('2004-07-27',28.61,25.83,31.17,1008.8,83.42,0.12),('2004-07-28',28.33,26.06,31.33,1008.6,81.27,0),('2004-07-29',27.22,25.67,30.06,1009.7,88.09,0.02),('2004-07-30',25.17,25.17,25.17,1008.4,91.41,0),('2004-07-31',26.56,24.67,30.33,1009.1,90.4,0.04),('2004-08-01',26.33,25.06,27.67,1008.2,91.7,0),('2004-08-02',27.28,26.56,28.06,1007.5,88.21,0),('2004-08-03',28.22,26.17,30.17,1007.1,81.81,0.04),('2004-08-04',28.61,24.67,31.33,1005.4,80.15,0),('2004-08-05',26.72,23.67,30.06,1006,86.26,0.23),('2004-08-06',27.22,25.67,29.33,1006.1,84.38,0.04),('2004-08-07',26.17,25.17,27.67,1004.8,87.27,0.04),('2004-08-08',25.83,24.33,27.67,1004.6,92.59,0.28),('2004-08-09',27.28,23.67,31.83,1004.5,85.41,0.35),('2004-08-10',26.39,24.17,29.17,1004.8,89.31,0.28),('2004-08-11',24.33,23.67,25.67,1004.3,97.34,0.69),('2004-08-12',25.5,24.06,29.33,1006.1,93.57,0.57),('2004-08-13',26.06,24.67,29.17,1006.7,93.16,0.82),('2004-08-14',26.39,24.06,29.33,1006.1,90.17,1.22),('2004-08-15',26.56,24.17,30.17,1003.9,88.05,0),('2004-08-16',27.44,25.06,29.83,1003.5,85.94,0),('2004-08-17',27.56,25.33,30.67,1005.1,86.29,0.04),('2004-08-18',27.61,25.56,30.17,1007,85.38,0.04),('2004-08-19',27.83,26.06,30.06,1007.4,86.11,0),('2004-08-20',28.06,25.67,30.33,1007.3,85.2,0),('2004-08-21',27.28,25.06,30.33,1007.8,87.68,0),('2004-08-22',27.5,25.33,30.06,1008.3,86.35,0.01),('2004-08-23',28.39,25.06,32.83,1007,80.39,0),('2004-08-24',28.5,25.17,32.06,1006,82.22,0),('2004-08-25',28.11,25.67,31.67,1004.8,81.41,0.08),('2004-08-26',26.67,24.33,31.17,1003.9,90.62,1.64),('2004-08-27',28.11,25.67,31.67,1005,83.98,0.15),('2004-08-28',28.83,26.67,32.83,1007,80.24,0),('2004-08-29',28.89,25.83,33.06,1008,79.7,0),('2004-08-30',28.56,25.06,32.67,1009.4,81.06,0),('2004-08-31',26.67,25.06,29.67,1008,89.64,0.24),('2004-09-01',26.72,25.06,29.17,1007.5,87.31,0),('2004-09-02',28,24.67,31.06,1009.3,80.62,0),('2004-09-03',27.83,24.17,31.67,1009.6,81.41,0),('2004-09-04',28.61,26.83,31.33,1007.5,82.28,0),('2004-09-05',28.72,26.33,31.33,1007,82.76,0),('2004-09-06',27.67,24.56,30.67,1007.8,81.02,0),('2004-09-07',28.17,25.17,32.06,1009.2,77.98,0),('2004-09-08',28,25.83,31.83,1010.5,81.15,0),('2004-09-09',27.28,24.06,31.67,1010.5,82.01,0),('2004-09-10',27.56,24.06,32.17,1010.4,84.47,0),('2004-09-11',27.33,24.67,32.06,1010.1,84.92,0),('2004-09-12',26.67,23.83,31.06,1011.1,87.18,0.35),('2004-09-13',27.06,23.67,31.33,1011.7,84.43,0.24),('2004-09-14',26.72,24.17,31.06,1011.1,84.46,0.02),('2004-09-15',28,24.83,31.56,1009.8,81.62,0),('2004-09-16',26.72,25.33,28.67,1010.3,87.03,0.08),('2004-09-17',26.5,24.83,28.33,1010.3,88.3,0.35),('2004-09-18',27.5,25.17,30.83,1010.5,85.34,1.58),('2004-09-19',27.78,25.06,31.17,1010,84.9,0),('2004-09-20',28.56,25.56,32.33,1009.9,79.87,0),('2004-09-21',28.61,26.06,31.67,1009.6,81.58,0),('2004-09-22',28.61,26.06,31.33,1009,80.09,0),('2004-09-23',28.89,26.67,31.56,1008.9,81.72,0),('2004-09-24',28.67,25.83,32.06,1008.9,82.99,0),('2004-09-25',27.89,24.83,31.83,1008.8,83.49,0),('2004-09-26',27.89,24.06,31.17,1009.3,82.96,0),('2004-09-27',27.78,24.33,32.17,1009.3,82.31,0),('2004-09-28',28.33,25.17,32.83,1008.4,78.04,0),('2004-09-29',29.06,26.06,31.67,1010.1,79.68,0),('2004-09-30',26.83,24.83,30.17,1010.9,88.58,0.49),('2004-10-01',27.11,25.06,30.17,1009.9,87.75,0.16),('2004-10-02',26.61,24.67,29.17,1008.6,88.98,0.27),('2004-10-03',24.56,22.33,27.06,1008.6,93.24,2.05),('2004-10-04',26.28,22.83,32.67,1008.6,87.35,1.38),('2004-10-05',26.5,22.67,32.06,1008.7,86.23,0.12),('2004-10-06',25.78,24.67,27.17,1009,87.96,0.04),('2004-10-07',24.5,23.67,25.67,1007.5,96.78,1.47),('2004-10-08',26.06,24.06,27.83,1008.5,90.4,0.3),('2004-10-09',26.72,23.83,30.67,1010,86.99,0),('2004-10-10',26.56,23.33,32.33,1010.7,84.24,0),('2004-10-11',25.33,23.83,29.67,1010.6,89.7,1.08),('2004-10-12',25.5,23.67,28.67,1010.9,88.51,0.75),('2004-10-13',24.56,22.67,28.56,1012.6,89.67,0.47),('2004-10-14',26.72,23.17,29.17,1011.9,84.64,0),('2004-10-15',27.56,24.06,30.06,1010.7,79.73,0),('2004-10-16',26.61,24.67,30.06,1009,84.44,0),('2004-10-17',26.39,23.33,30.33,1007.2,88.18,0),('2004-10-18',26.72,23.06,32.33,1006.6,85.07,0),('2004-10-19',27.5,24.17,30.67,1008.2,82.06,0),('2004-10-20',27.78,24.56,31.83,1009.6,80.03,0),('2004-10-21',27.89,24.17,31.56,1011.1,81.33,0),('2004-10-22',25.33,24.17,26.67,1013.1,91.06,0.72),('2004-10-23',25.44,23.06,29.83,1012.2,87.19,0.14),('2004-10-24',26.06,21.67,30.67,1011.9,82.59,0),('2004-10-25',26.72,22.06,32.06,1012.8,81.58,0),('2004-10-26',28.17,25.06,32.06,1012.3,77.38,0),('2004-10-27',26.11,24.56,27.56,1011.7,88.55,1.06),('2004-10-28',25.83,24.17,29.17,1011.5,91.72,2.17),('2004-10-29',26.44,24.17,29.33,1012.1,89.52,0.94),('2004-10-30',26.61,24.67,29.83,1011.1,88.28,0.13),('2004-10-31',27.06,24.83,29.67,1010.1,87.04,0.02),('2004-11-01',25.83,23.83,28.67,1010.2,88.87,0),('2004-11-02',26,24.06,29.67,1010.8,88.4,0.71),('2004-11-03',26.67,23.83,30.06,1011.9,87.54,0),('2004-11-04',26.44,25.17,29.33,1011.3,90.72,0.16),('2004-11-05',26.94,25.06,29.83,1011,88.73,0),('2004-11-06',27.39,25.06,29.83,1010.6,87.65,0),('2004-11-07',27.39,25.33,30.17,1010.8,86.53,0),('2004-11-08',26.61,24.67,28.83,1011,87.02,0),('2004-11-09',27.17,25.17,30.17,1010.4,84.48,0),('2004-11-10',27.22,25.06,30.33,1011.6,83.44,0),('2004-11-11',26.56,25.33,28.67,1011.7,90.91,0.2),('2004-11-12',27.56,25.67,30.06,1012.8,88.34,0),('2004-11-13',27.39,25.17,30.06,1013.1,85.56,0),('2004-11-14',25.39,23.83,29.06,1011.5,86.83,0),('2004-11-15',26.39,23.83,29.67,1008.8,81.52,0.01),('2004-11-16',26.22,25.17,27.56,1006.3,78.55,0.04),('2004-11-17',27.06,25.06,28.83,1005,85.81,0.04),('2004-11-18',28.11,25.06,31.06,1007.2,81.45,0),('2004-11-19',27.78,25.83,30.56,1008.5,86.38,0),('2004-11-20',25,23.33,26.06,1007.9,95.93,1.61),('2004-11-21',25.83,25.06,27.33,1009.6,92.6,0.06),('2004-11-22',26.17,24.06,28.06,1009.5,91.2,0.79),('2004-11-23',27.22,24.67,30.06,1011.1,85.52,0),('2004-11-24',26.56,25.06,29.06,1012.1,90.26,0.67),('2004-11-25',26.72,25.06,29.83,1012.1,89.87,0.04),('2004-11-26',26.72,25.06,29.67,1012,90.1,0),('2004-11-27',26.83,25.06,29.83,1012.4,84.55,0),('2004-11-28',25.33,24.06,26.56,1010.9,90.1,0.06),('2004-11-29',24.5,23.67,25.67,1007.6,95.11,0.85),('2004-11-30',25.28,22.67,28.67,1008.3,90.51,0.55),('2004-12-01',25.44,25.06,26.06,1008.9,92.64,0.42),('2004-12-02',24.94,24.17,26.06,1003.3,91.7,0.44),('2004-12-03',25.67,23.17,30.67,1006.1,90.76,0.31),('2004-12-04',27.06,24.67,32.67,1010.1,89.66,0),('2004-12-05',26.94,24.56,30.17,1011.9,88.44,0),('2004-12-06',25.89,24.06,28.67,1014.4,88.99,0.15),('2004-12-07',25.22,24.17,27.67,1014.3,87.83,0.16),('2004-12-08',25.39,23.83,27.67,1014.4,84.95,0.12),('2004-12-09',24.39,22.83,27.06,1013.4,86.33,0.08),('2004-12-10',24.89,23.06,27.83,1013.8,86.81,0),('2004-12-11',25.78,24.33,28.06,1014.2,87.68,0.32),('2004-12-12',26,23.83,28.67,1013.6,86.87,0),('2004-12-13',24.89,23.67,27.67,1011.9,92.75,0.45),('2004-12-14',25.72,24.06,27.67,1011,85.39,0.01),('2004-12-15',25.78,24.17,28.06,1010.4,87.96,0),('2004-12-16',26.5,24.67,29.33,1010.9,87.77,0),('2004-12-17',26.11,24.83,28.17,1011.3,87,0),('2004-12-18',26.94,25.06,29.56,1010.5,82.09,0),('2004-12-19',25.56,24.17,28.67,1009,88.16,0),('2004-12-20',25.06,23.06,29.17,1009.8,87.76,0),('2004-12-21',25.89,25.17,28.33,1011.1,84.94,0),('2004-12-22',25.67,24.17,28.33,1011.2,82.09,0.01),('2004-12-23',25.89,23.06,29.33,1011.3,79.55,0),('2004-12-24',26.39,24.06,30.33,1012.4,83.42,0),('2004-12-25',25.72,24.06,27.67,1013,84.68,0),('2004-12-26',25.17,23.06,27.67,1011.7,87.99,0.08),('2004-12-27',25.94,23.06,29.17,1011,82.05,0),('2004-12-28',25.78,24.17,28.67,1011.3,87.6,0.01),('2004-12-29',24.89,24.17,25.33,1012.6,88.5,0.24),('2004-12-30',24.78,24.06,26.67,1013.5,90.5,0),('2004-12-31',24.78,24.17,26.06,1013.9,94.49,0.67),('2005-01-01',24.22,22.67,25.67,1013.8,91.7,0.44),('2005-01-02',24,22.33,25.67,1013.5,90.75,0.31),('2005-01-03',24.33,22.56,29.06,1012.5,91.5,0.44),('2005-01-04',24.67,23.06,26.06,1012,95.33,0.2),('2005-01-05',24.56,23.33,27.06,1012.4,93.34,0.9),('2005-01-06',25.33,23.67,28.06,1012.5,89.87,0.28),('2005-01-07',25.39,24.06,27.06,1012.7,89.58,0.12),('2005-01-08',24.94,23.67,27.33,1012.6,90.51,0.04),('2005-01-09',25.44,22.83,28.56,1012.4,84.87,0.02),('2005-01-10',25.5,23.17,28.17,1012.6,85.33,0),('2005-01-11',25.67,23.67,28.67,1013.1,85.09,0.02),('2005-01-12',25.83,24.06,28.56,1012.5,86.51,0),('2005-01-13',25.61,23.67,28.56,1010.7,87.18,0),('2005-01-14',25.56,23.33,29.06,1009.7,87.72,0),('2005-01-15',25.22,22.67,29.06,1010.8,84.98,0),('2005-01-16',24.78,21.83,28.06,1012,82.52,0),('2005-01-17',24,22.67,25.33,1013.5,87.87,0.01),('2005-01-18',23.67,21.67,25.67,1014.3,89.2,1.29),('2005-01-19',24.11,22.33,27.33,1014.8,89.39,0.04),('2005-01-20',25.17,23.06,27.67,1016.4,88.97,0),('2005-01-21',25.39,23.33,27.83,1016.7,85.32,0.02),('2005-01-22',24.89,22.83,27.33,1016.7,84.92,0),('2005-01-23',25,22.33,28.33,1015,86.62,0.01),('2005-01-24',24.78,21.67,28.06,1013.9,87.89,0),('2005-01-25',24.78,22.83,27.33,1011,86.73,0),('2005-01-26',25.28,23.06,28.17,1010.3,83.38,0),('2005-01-27',25.33,23.06,28.67,1010.1,85.47,0.02),('2005-01-28',25.44,23.67,28.06,1009.6,84.33,0.02),('2005-01-29',25.67,22.67,28.33,1010.6,83.08,0),('2005-01-30',24.56,21.17,27.67,1011.2,83.89,0),('2005-01-31',25.78,23.06,28.06,1011.6,79.08,0),('2005-02-01',25.89,22.67,28.83,1011.7,78.48,0),('2005-02-02',25.61,23.67,28.06,1013.8,79.75,0),('2005-02-03',25.78,23.56,28.33,1015.8,81.45,0),('2005-02-04',26.67,25.17,29.06,1014,85.57,0),('2005-02-05',25.5,23.83,28.83,1014.2,86.23,0),('2005-02-06',26.56,23.83,29.33,1015.2,83.78,0.28),('2005-02-07',25.89,24.06,28.06,1015.3,82.64,0),('2005-02-08',26.22,23.83,29.06,1015.1,82.38,0.02),('2005-02-09',25,23.67,27.56,1015.1,86.79,0.1),('2005-02-10',25.5,22.83,28.06,1015.4,85.38,0.24),('2005-02-11',25.89,24.33,27.83,1015.2,86.84,0.08),('2005-02-12',26.11,24.67,28.67,1015.3,85.93,0),('2005-02-13',26.11,24.56,28.67,1014.3,84.22,0),('2005-02-14',26.61,24.67,29.33,1014.1,79.33,0),('2005-02-15',26.22,23.83,28.06,1013.9,84.73,0),('2005-02-16',26.28,23.06,29.06,1012.5,80.73,0.01),('2005-02-17',26.83,24.06,29.56,1011.7,82.73,0),('2005-02-18',26.61,24.06,29.56,1011.7,86.72,0),('2005-02-19',26.22,24.67,29.33,1011.9,87.41,0),('2005-02-20',25.33,23.33,27.56,1012.9,90.23,0.33),('2005-02-21',26.39,24.67,30.06,1013.5,84.02,0),('2005-02-22',26.11,23.67,28.83,1012.5,85.76,0.4),('2005-02-23',26.17,23.67,29.17,1011,82.83,0),('2005-02-24',26.06,23.67,29.83,1009.4,90.09,0),('2005-02-25',25.78,23.06,29.33,1010.3,89.64,0),('2005-02-26',26.33,23.67,30.06,1011.2,85.98,0),('2005-02-27',26.17,22.17,30.17,1011.3,83.17,0),('2005-02-28',25.11,22.06,29.17,1011.4,82.62,0),('2005-03-01',26.22,23.33,29.06,1014.1,79.86,0),('2005-03-02',26.78,24.06,29.56,1014.7,78.62,0),('2005-03-03',26.89,22.06,30.67,1014.9,74.41,0),('2005-03-04',26,22.67,30.67,1014,83.62,0),('2005-03-05',26.56,24.06,29.83,1015.3,81.8,0),('2005-03-06',25.28,24.17,27.06,1017.6,83.61,0),('2005-03-07',24.89,22.06,27.67,1018.2,86.9,0.05),('2005-03-08',26.33,23.67,29.33,1016.2,80.18,0),('2005-03-09',26.72,24.06,30.06,1015.1,80.02,0),('2005-03-10',27,25.06,30.06,1014.1,79.19,0),('2005-03-11',27,24.06,29.83,1013,82.86,0),('2005-03-12',27,24.67,30.06,1012.6,84.82,0),('2005-03-13',26.56,23.56,30.33,1013.4,84.62,0),('2005-03-14',26.5,24.56,30.06,1014,81.42,0.04),('2005-03-15',26.67,24.67,30.67,1014.3,80.04,0),('2005-03-16',27,24.17,30.56,1014.7,78.83,0),('2005-03-17',25.5,24.83,26.06,1010.9,86.63,0.08),('2005-03-18',27.11,25.06,30.06,1010.3,88.5,0.24),('2005-03-19',26.28,24.67,27.67,1012.8,87.51,0.02),('2005-03-20',26.67,24.06,30.56,1013.5,86.04,0.24),('2005-03-21',28.06,26.06,30.83,1013.3,81.13,0),('2005-03-22',28.06,25.17,31.67,1011.4,78.4,0),('2005-03-23',27.72,25.33,31.33,1011,80.27,0),('2005-03-24',27.67,25.06,31.06,1012.6,79.83,0),('2005-03-25',27,25.17,29.83,1013.3,84.37,0),('2005-03-26',25.78,24.67,28.83,1013.9,88.92,0.24),('2005-03-27',27.22,24.33,30.33,1012.8,85.01,0.2),('2005-03-28',28.06,25.67,30.83,1012,81.46,0),('2005-03-29',28.33,25.33,31.83,1010.5,80.35,0.02),('2005-03-30',28.39,25.06,32.06,1009.7,78.9,0),('2005-03-31',28.44,26.17,31.83,1009.3,79.55,0),('2005-04-01',28.56,25.56,31.67,1010.1,81.78,0),('2005-04-02',28.39,26.06,32.17,1010.3,84.31,0),('2005-04-03',28.39,24.17,32.33,1010.8,81.65,0),('2005-04-04',27,25.17,30.06,1013.2,85.77,0.16),('2005-04-05',27.06,24.17,31.83,1014.8,78.79,0.04),('2005-04-06',27.28,25.06,30.06,1013.2,80.36,0),('2005-04-07',27.72,25.06,31.33,1012,82.45,0),('2005-04-08',28.11,26.06,31.33,1012,79.76,0),('2005-04-09',26.89,25.06,29.56,1012.6,83.06,0.02),('2005-04-10',28.89,26.33,32.56,1012.2,78.72,0),('2005-04-11',28.22,26.17,30.67,1012.5,78.4,0),('2005-04-12',28.06,25.17,32.06,1012.2,80.82,0),('2005-04-13',28,25.06,31.33,1013.1,78.98,0),('2005-04-14',28.28,26.83,30.17,1013.7,77.24,0),('2005-04-15',28.28,26.06,31.06,1013.2,77.14,0),('2005-04-16',26.72,25.67,28.06,1012.5,84.51,0.88),('2005-04-17',27.56,24.67,30.67,1012.4,80.51,0),('2005-04-18',27.94,25.33,31.83,1012.8,80.71,0),('2005-04-19',28.56,26.06,31.83,1013.5,76.24,0),('2005-04-20',28.11,25.33,30.67,1012.9,77.19,0),('2005-04-21',27.22,23.06,30.33,1011,79.03,0),('2005-04-22',27.94,24.67,30.17,1010.8,79.84,0),('2005-04-23',28.11,24.67,32.06,1010.4,81.47,0),('2005-04-24',28.28,25.56,32.17,1009.5,78.92,0),('2005-04-25',28.78,25.33,31.67,1009,79.36,0),('2005-04-26',28.89,26.17,31.83,1009.3,80.24,0),('2005-04-27',28.5,26.17,31.17,1009.9,82.21,0),('2005-04-28',29.06,25.67,32.33,1009.9,79.62,0),('2005-04-29',29.44,26.83,32.56,1010,79.27,0),('2005-04-30',29.33,27.06,32.06,1009.5,75.7,0),('2005-05-01',28.67,24.06,32.67,1007.9,76.82,0),('2005-05-02',29.67,27.67,32.06,1008.5,77.15,0),('2005-05-03',28.78,26.06,32.06,1009,80.77,0.12),('2005-05-04',28.56,25.67,31.56,1008.5,77.3,0.08),('2005-05-05',28.44,25.67,32.06,1008.2,79.09,0),('2005-05-06',28.5,25.06,32.56,1007.5,79.32,0),('2005-05-07',28.61,25.67,32.56,1008,80.35,0),('2005-05-08',29.78,27.06,32.67,1008.6,76.77,0),('2005-05-09',29.28,26.06,32.67,1007.4,76.48,0),('2005-05-10',29.11,25.67,32.56,1007.6,77.18,0),('2005-05-11',30.39,26.33,33.83,1008.1,74.4,0),('2005-05-12',28.67,27.17,30.56,1009,82.34,0.21),('2005-05-13',29.06,25.67,32.56,1008.3,79.7,0),('2005-05-14',29.83,27.17,32.56,1008.4,77.76,0),('2005-05-15',29.22,26.56,32.06,1009.6,79.05,0),('2005-05-16',29.39,26.33,32.67,1009.8,77.14,0.06),('2005-05-17',30.11,26.06,32.83,1010.2,74.27,0),('2005-05-18',29.67,27.06,34.06,1008.5,75.94,0),('2005-05-19',29.67,26.67,32.83,1008.4,78.35,0.15),('2005-05-20',29.72,27.06,32.06,1008.3,80.77,0.09),('2005-05-21',29.56,26.33,32.83,1008.2,80.55,0.12),('2005-05-22',28.33,25.33,31.56,1008.9,81.48,0),('2005-05-23',29.22,25.83,33.06,1009.6,78.54,0),('2005-05-24',29.06,25.67,33.17,1009.9,78.31,0),('2005-05-25',29.56,26.06,33.67,1008.6,76.4,0),('2005-05-26',30,26.06,38.17,1008.4,75.88,0),('2005-05-27',28.61,25.83,33.06,1007.8,80.32,0),('2005-05-28',29.06,25.67,32.33,1007.4,78.69,0),('2005-05-29',29.39,26.56,32.06,1008.2,79.48,0),('2005-05-30',28.11,25.83,33.56,1007.6,84.23,0),('2005-05-31',29,25.83,32.67,1007.5,79.67,0.01),('2005-06-01',27.5,26.17,31.56,1007.6,83.84,0.55),('2005-06-02',28.94,25.17,33.67,1007.3,82.65,0),('2005-06-03',28.22,26.17,29.83,1007.5,85.82,2.48),('2005-06-04',29.22,26.06,32.33,1006,82.78,0.04),('2005-06-05',29.22,27.06,32.06,1005.3,80.65,0),('2005-06-06',29.17,27.06,32.83,1005.1,79.55,0),('2005-06-07',28.72,26.33,31.33,1005.4,81.44,0),('2005-06-08',27.61,26.06,30.06,1006.9,86.43,0.59),('2005-06-09',27.89,25.67,30.33,1007.5,85.43,0),('2005-06-10',29.5,26.33,31.67,1006.4,80.5,0),('2005-06-11',29.5,26.17,32.06,1006.9,79.87,0),('2005-06-12',28.11,17.33,32.67,1006.7,77.9,0),('2005-06-13',28.5,26.06,32.06,1007.4,82.82,0),('2005-06-14',28.83,25.56,32.67,1007.2,77.57,0),('2005-06-15',27.61,25.33,31.56,1006.8,83.09,0.08),('2005-06-16',28.56,24.83,31.56,1008.1,81.17,0),('2005-06-17',27.89,25.56,30.83,1009,84.75,0.34),('2005-06-18',28.17,24.67,31.17,1008.5,83.69,0.16),('2005-06-19',28.56,25.56,31.67,1008,81.11,0.04),('2005-06-20',29.11,25.06,32.67,1008.1,80.19,0),('2005-06-21',28.83,25.56,32.06,1009.1,79.85,0.12),('2005-06-22',28.78,25.67,32.33,1009.7,80,0),('2005-06-23',29.06,25.67,32.33,1009.6,77.96,0),('2005-06-24',28.83,26.06,32.83,1010.1,82.02,1.85),('2005-06-25',27.61,24.17,32.06,1009.2,83.42,0.03),('2005-06-26',27.5,24.83,31.67,1008.6,84.66,0.12),('2005-06-27',27,25.33,29.17,1008,90.33,0.53),('2005-06-28',27.5,25.33,31.33,1008.2,85.49,0.67),('2005-06-29',27.11,25.17,30.06,1009.3,86.74,0.08),('2005-06-30',26.5,24.67,30.17,1010.1,88.38,1.82),('2005-07-01',28.11,24.33,32.17,1009.5,84.24,4.92),('2005-07-02',27,25.06,31.33,1009.1,89.55,0.04),('2005-07-03',28.5,26.33,30.83,1008.7,83.61,0),('2005-07-04',27.39,23.83,32.17,1007.5,85.28,0.29),('2005-07-05',26,23.83,27.67,1006.6,89.1,2.15),('2005-07-06',27.17,25.33,29.06,1008.2,86.08,0),('2005-07-07',27.89,25.17,30.67,1009.7,83.95,0),('2005-07-08',28.39,25.06,31.83,1009.9,83.41,0),('2005-07-09',27.61,24.67,31.33,1009.3,86.63,0.22),('2005-07-10',27.28,24.06,30.33,1010.2,87.22,0.97),('2005-07-11',28.5,25.17,31.67,1010.6,81.28,0),('2005-07-12',28.83,26.06,31.67,1010.1,82.04,0.26),('2005-07-13',27.89,25.06,30.83,1010.4,85,2.83),('2005-07-14',28.44,25.17,31.06,1010,82.48,0),('2005-07-15',28.89,26.67,32.06,1008.4,82.94,0),('2005-07-16',28.72,26.06,31.83,1005.7,81.3,0),('2005-07-17',28.78,25.67,32.56,1004.2,81.71,0),('2005-07-18',28.94,26.06,32.67,1005.4,83.33,0),('2005-07-19',28.44,26.17,31.06,1006,83.44,0),('2005-07-20',28.5,26.33,31.33,1006.5,82.27,0.12),('2005-07-21',28.39,25.67,30.33,1005.5,80.66,0),('2005-07-22',27.39,25.17,30.17,1005.3,88.58,0.33),('2005-07-23',27.11,24.67,30.33,1004.1,87.36,0.04),('2005-07-24',27.5,23.83,30.83,1003.8,85.35,0),('2005-07-25',28.67,24.83,32.67,1003.9,77,0),('2005-07-26',27.94,25.06,31.17,1004.2,86.24,0),('2005-07-27',26.94,25.83,29.06,1004.8,87.59,0.07),('2005-07-28',27.44,25.83,29.67,1005.5,86.06,0.12),('2005-07-29',27.78,25.06,29.67,1006.9,85.47,0),('2005-07-30',28.06,26.17,30.33,1007.9,83.7,0.31),('2005-07-31',27.61,24.83,30.56,1007.8,85.47,0),('2005-08-01',28.5,27.06,30.06,1007.1,84.19,0.08),('2005-08-02',28.39,26.83,30.33,1004.8,84.81,0),('2005-08-03',28,25.83,30.83,1004.4,84.88,0),('2005-08-04',26.67,25.33,30.17,1004.8,89.78,0.58),('2005-08-05',26.28,24.83,29.17,1004.5,90.91,1.38),('2005-08-06',25.44,24.17,27.33,1004.2,94.67,1.7),('2005-08-07',25.06,23.67,27.33,1005.3,94.35,2.54),('2005-08-08',25.89,24.06,28.33,1006,93.48,0.71),('2005-08-09',26.72,24.67,28.17,1006.5,89,0.02),('2005-08-10',26.39,25.06,28.06,1006,91.53,0.13),('2005-08-11',25.17,24.06,27.06,1003.5,93.83,1.83),('2005-08-12',25.83,24.06,28.17,1004.5,91.86,0.71),('2005-08-13',27,25.06,29.33,1008.9,87.08,0),('2005-08-14',27.33,24.56,29.83,1011,87.7,0),('2005-08-15',27.17,24.56,30.67,1008.3,83.95,0),('2005-08-16',27.5,24.83,31.56,1007.9,84.07,0.16),('2005-08-17',26.94,25.06,30.33,1009.2,85.53,0.83),('2005-08-18',27.33,24.06,30.06,1010.9,89.2,0),('2005-08-19',27.94,24.83,30.33,1010.7,86.4,0),('2005-08-20',28.5,26.06,31.67,1009.3,85.1,0),('2005-08-21',27.78,25.06,30.33,1009.2,87.38,0),('2005-08-22',29.44,25.33,32.06,1008.9,81.47,0),('2005-08-23',29.17,26.33,32.17,1008.5,83.37,0),('2005-08-24',28.61,26.67,31.67,1007.7,83.05,0),('2005-08-25',27.06,25.33,28.67,1008.4,86.28,0.04),('2005-08-26',26.89,25.56,27.83,1010,88.31,0.29),('2005-08-27',26.61,24.33,28.83,1009.2,89.95,0.04),('2005-08-28',26.67,23.67,29.83,1009.2,88.61,0.35),('2005-08-29',27.28,24.56,31.67,1009.2,87.57,0),('2005-08-30',28.06,26.06,30.67,1006.8,85.15,0),('2005-08-31',27.28,25.83,30.67,1005.2,85.96,0.04),('2005-09-01',27.83,25.67,31.06,1006.1,86.9,0.43),('2005-09-02',27.22,25.06,30.67,1006.8,90.67,0.79),('2005-09-03',27.39,25.67,29.83,1006.3,86.39,0),('2005-09-04',26.94,24.83,29.06,1005.9,89.13,0.08),('2005-09-05',27.89,26.06,30.17,1006.9,87.31,0),('2005-09-06',28.22,26.17,31.67,1007.6,85.31,0),('2005-09-07',27.94,25.67,31.33,1007.9,85.17,0),('2005-09-08',28.39,26.06,32.33,1008.1,81.66,0),('2005-09-09',27.72,25.67,30.67,1008.3,87.56,0.39),('2005-09-10',27.44,25.06,29.67,1006.9,88.11,0),('2005-09-11',27.61,25.67,30.67,1006.2,87.9,0.08),('2005-09-12',27.83,25.06,32.06,1008.9,85.57,0),('2005-09-13',27.72,25.56,32.67,1011.2,83.56,0.02),('2005-09-14',26.83,25.17,30.06,1010.2,87.09,0.08),('2005-09-15',25.5,24.67,27.17,1007.4,91.59,0.16),('2005-09-16',24.61,24.06,25.56,1006.5,96.48,1.43),('2005-09-17',27.94,24.33,30.67,1010.6,85.04,0),('2005-09-18',27.39,24.83,30.67,1014.1,87.74,0.02),('2005-09-19',26.89,25.56,29.17,1012.3,84.35,0.28),('2005-09-20',26.61,25.06,27.67,1008.3,89.21,0.04),('2005-09-21',26.56,25.06,28.67,1006.9,88.68,0.28),('2005-09-22',27.72,25.06,30.67,1008,82.46,0.01),('2005-09-23',26.17,24.67,28.56,1009.4,88.89,0.67),('2005-09-24',26,24.06,29.06,1009.6,91.71,0.26),('2005-09-25',26.83,23.06,30.17,1009.6,88.88,0.56),('2005-09-26',27.33,23.56,30.67,1010.8,83.52,0),('2005-09-27',28.5,26.17,31.67,1011.9,83.58,0),('2005-09-28',27.61,25.33,30.56,1010.7,83.03,0.2),('2005-09-29',27.44,24.17,30.17,1009.7,86.78,0.55),('2005-09-30',27.83,25.83,31.67,1010.8,84.63,0),('2005-10-01',27.78,25.67,31.67,1010.2,86.36,0),('2005-10-02',27.72,24.17,31.33,1009.4,85.28,0),('2005-10-03',27.89,23.83,32.06,1009.1,84.04,0.94),('2005-10-04',27.5,25.33,32.06,1009.8,85.41,0.63),('2005-10-05',27,24.83,30.83,1009.3,84.83,0),('2005-10-06',27.11,25.06,29.67,1009.4,86.51,0),('2005-10-07',27.06,25.67,29.06,1008.8,86.91,0.03),('2005-10-08',27.33,25.33,30.67,1008.5,85.76,0.02),('2005-10-09',26.56,24.17,30.67,1009.3,88.48,0.08),('2005-10-10',27.28,24.17,30.17,1009.7,88.13,0),('2005-10-11',28.33,26.06,31.33,1009.7,84.79,1.69),('2005-10-12',26.67,25.06,29.67,1009.1,88.57,0.16),('2005-10-13',26.33,22.83,30.67,1007.9,87.29,0.16),('2005-10-14',27.11,24.06,30.06,1008.5,84.55,0),('2005-10-15',27.22,24.33,30.67,1009.4,84.53,0),('2005-10-16',27.83,24.67,31.83,1009.1,82.65,0.02),('2005-10-17',26.83,25.67,28.06,1009.8,88.2,0.4),('2005-10-18',26.83,25.06,28.67,1010.1,88.9,1.15),('2005-10-19',27.11,25.06,29.33,1009.3,83.59,0),('2005-10-20',28.17,26.17,30.56,1008.9,85.69,0),('2005-10-21',28.28,25.06,32.06,1009.3,85.29,0.02),('2005-10-22',27.89,25.67,31.06,1010.4,84.98,0),('2005-10-23',26.89,24.33,30.17,1011.3,87.2,0.14),('2005-10-24',27.17,24.83,30.06,1011.4,86.52,0),('2005-10-25',28.28,25.56,30.33,1010.8,83.29,0),('2005-10-26',27.28,26.06,28.67,1010.8,86.25,0.16),('2005-10-27',25.44,24.56,27.33,1009.2,93.46,4.24),('2005-10-28',25.06,24.17,25.67,1009.7,97.32,2.49),('2005-10-29',25.72,24.06,27.83,1009.3,92.83,10.17),('2005-10-30',26.56,24.06,29.56,1008.9,90.46,0.12),('2005-10-31',26.56,24.06,28.17,1009.3,91.02,0.04),('2005-11-01',27.28,25.17,31.06,1010.7,87.45,0),('2005-11-02',27.39,25.67,30.33,1010.7,88.32,0.04),('2005-11-03',27.78,26.67,29.67,1009,85.11,0),('2005-11-04',28.5,27.06,31.06,1008.9,88.39,0.2),('2005-11-05',27.78,25.83,30.06,1009.1,87.87,0.31),('2005-11-06',26.28,25.17,27.83,1008.7,89.95,0.43),('2005-11-07',28.17,24.67,33.83,1009.4,83.09,0),('2005-11-08',28.17,25.33,31.17,1010.2,82.77,0),('2005-11-09',27.61,25.56,30.17,1010.1,83.51,0.06),('2005-11-10',26.39,25.06,28.17,1007.9,88.7,0.16),('2005-11-11',26.83,24.06,29.67,1008.1,88.22,0),('2005-11-12',26.78,25.06,29.06,1009.1,86.51,0),('2005-11-13',27.28,25.06,29.83,1008.6,86.82,0),('2005-11-14',27.22,25.06,29.67,1007.4,86.49,0),('2005-11-15',26.5,25.67,28.06,1006.1,87.94,0),('2005-11-16',27.56,24.56,32.06,1008.2,81.68,0.06),('2005-11-17',26.28,25.06,29.06,1009.9,84.82,0.02),('2005-11-18',25.89,25.06,27.56,1010.3,81.07,0),('2005-11-19',24.89,24.06,26.06,1009.7,81.13,0.08),('2005-11-20',26.33,23.33,28.56,1010,83.83,0),('2005-11-21',27.72,26.06,30.67,1009.9,81.6,0.04),('2005-11-22',27.28,24.83,30.06,1011.8,86.36,0.24),('2005-11-23',27.94,26.33,30.06,1012.2,84.81,0),('2005-11-24',27.67,25.67,30.33,1011.5,86.92,0.08),('2005-11-25',26.5,26.06,27.06,1011.5,89.91,0),('2005-11-26',27.22,25.67,29.67,1011.2,87.59,0.51),('2005-11-27',26.61,25.17,28.56,1011,90.32,1.38),('2005-11-28',26.94,24.17,29.17,1011.6,88.04,2.36),('2005-11-29',27.56,25.33,30.06,1009.5,86.66,0.02),('2005-11-30',26.89,25.17,29.17,1008.7,89.8,0.26),('2005-12-01',27.44,25.67,29.17,1009.6,88.7,0.08),('2005-12-02',28.11,26.33,31.17,1010.2,86.1,0.04),('2005-12-03',26.22,25.06,28.56,1011,92.8,0.12),('2005-12-04',26.11,24.17,28.67,1009.5,88.64,0.54),('2005-12-05',26.22,24.17,28.06,1010.6,89.32,0.34),('2005-12-06',24.06,23.17,24.83,1012.2,95.86,4.45),('2005-12-07',24.39,24.17,25.06,1013,92.03,1.45),('2005-12-08',24.72,24.06,25.67,1012,94.3,4.33),('2005-12-09',26.28,24.67,28.83,1011,91.09,0.79),('2005-12-10',26.22,24.06,29.83,1010.2,90.8,0.2),('2005-12-11',25.56,23.83,27.83,1010.5,91.67,0.12),('2005-12-12',26.28,24.67,28.06,1010.4,87.48,0.32),('2005-12-13',25.5,24.83,26.06,1011.1,92.32,0.79),('2005-12-14',25.44,24.33,27.56,1011.5,92.88,0.59),('2005-12-15',25.67,24.33,28.33,1012.7,93.92,1.56),('2005-12-16',26.11,24.67,30.83,1011.9,88.89,0.19),('2005-12-17',25.06,24.33,26.33,1010.3,94.14,0.43),('2005-12-18',24.17,23.83,24.67,1011.4,91.81,0.23),('2005-12-19',24.33,23.06,25.33,1012.1,93.29,0.42),('2005-12-20',25.44,23.83,27.06,1012,93.98,1.52),('2005-12-21',25.28,23.83,27.06,1012.4,92.62,0.77),('2005-12-22',24.5,23.67,25.06,1012.4,91.88,0.22),('2005-12-23',24.22,23.83,24.83,1014.3,81.21,0),('2005-12-24',23.44,23.06,24.06,1015.1,84.62,0),('2005-12-25',24.22,22.56,26.06,1014,88.78,0.05),('2005-12-26',24,22.83,24.83,1012.2,88.28,0.36),('2005-12-27',25.33,24.33,26.17,1011.5,93.58,0.6),('2005-12-28',26.39,23.83,28.83,1012.6,86.86,0.02),('2005-12-29',26.5,25.06,28.56,1013.2,88.55,0.05),('2005-12-30',26.11,25.17,27.83,1013.1,90.35,0),('2005-12-31',25.89,25.06,27.17,1013.2,92.22,0.08),('2006-01-01',26.22,25.06,27.67,1013.3,91.53,0.07),('2006-01-02',26.5,25.17,28.06,1012.8,88.92,0.08),('2006-01-03',25.5,24.83,27.06,1012.3,89.14,0.18),('2006-01-04',25.61,24.56,27.17,1012.2,88.46,0.06),('2006-01-05',25.33,23.83,27.06,1012.7,88.42,0.06),('2006-01-06',25.06,24.06,26.67,1013.3,83.34,0),('2006-01-07',24.44,23.06,26.33,1013.9,89.05,0.04),('2006-01-08',24.89,23.33,27.17,1014,82.46,0.24),('2006-01-09',25.11,23.67,27.06,1013.1,86.17,0.02),('2006-01-10',25.11,23.67,26.67,1013.3,85.86,0),('2006-01-11',25.5,23.83,26.67,1013.2,87.44,0.01),('2006-01-12',25.72,23.67,27.83,1012.8,83.53,0),('2006-01-13',27.28,25.67,29.56,1012.1,83.38,0.02),('2006-01-14',26.72,24.83,29.17,1012.2,88.04,0.14),('2006-01-15',26.72,23.33,29.17,1012.6,84.42,0.1),('2006-01-16',26.5,24.06,28.83,1012.1,87.35,0),('2006-01-17',27.06,25.06,28.56,1013.1,82.12,0.02),('2006-01-18',26.39,24.33,28.83,1012.1,87.03,0.32),('2006-01-19',25.44,24.56,26.67,1010.7,87.79,0.06),('2006-01-20',24.94,23.67,27.67,1011.9,87.46,0),('2006-01-21',24.56,21.56,27.83,1011.1,84.63,0),('2006-01-22',25.06,21.83,27.56,1010.2,84,0.02),('2006-01-23',25.44,23.17,28.33,1009.9,84.57,0),('2006-01-24',24.83,23.67,25.83,1009.2,92.76,1.22),('2006-01-25',26.56,25.56,28.83,1010.5,92.02,0.86),('2006-01-26',26.06,24.83,27.83,1012.5,92.91,1.58),('2006-01-27',26.33,25.06,28.17,1012,91.72,0.32),('2006-01-28',25.94,25.17,26.83,1011.7,91.98,0),('2006-01-29',26.39,24.33,28.83,1012.5,86.32,0.03),('2006-01-30',25.83,24.17,28.06,1014.8,88.1,0.26),('2006-01-31',26.61,24.56,29.17,1015,86.15,0),('2006-02-01',26.44,24.83,28.56,1015.4,88.63,0.16),('2006-02-02',25.72,24.67,27.67,1015.9,90.31,0.2),('2006-02-03',25.89,24.17,27.56,1017.2,84.94,0.01),('2006-02-04',25.61,23.83,27.83,1017.6,79.5,0),('2006-02-05',25.78,24.06,28.17,1016.4,81.79,0.01),('2006-02-06',23.89,23.67,24.33,1014.5,89.57,0.47),('2006-02-07',24.67,23.33,27.33,1015,92.05,0.2),('2006-02-08',26.28,24.06,28.33,1016.7,85.92,1.94),('2006-02-09',25.44,25.06,26.33,1018.5,85.99,0.04),('2006-02-10',25.06,24.56,25.83,1016.5,79.61,0.12),('2006-02-11',25.11,22.83,26.83,1015.1,82.65,0.16),('2006-02-12',25.11,23.67,27.06,1014.9,85.67,0.39),('2006-02-13',25.28,24.56,26.33,1014,87.78,0.06),('2006-02-14',25.83,24.83,27.33,1013.4,89.36,0.04),('2006-02-15',26.56,25.33,28.67,1012.5,87.04,0.02),('2006-02-16',26.89,25.67,28.83,1013.5,84.65,0),('2006-02-17',26.67,25.83,28.67,1014,83.57,0),('2006-02-18',26.06,24.83,28.17,1013.5,85.72,0.08),('2006-02-19',26.67,25.06,29.06,1012.6,87.28,0),('2006-02-20',26.5,25.56,28.33,1012.3,84.64,0),('2006-02-21',26.94,25.67,28.67,1012.9,81.72,0),('2006-02-22',26.94,25.56,28.33,1011.4,85.06,0.05),('2006-02-23',27.22,26.06,29.06,1011.5,83.62,0),('2006-02-24',26.72,25.33,28.83,1011.8,84.88,0),('2006-02-25',26.17,24.33,29.17,1011.4,83.84,0.12),('2006-02-26',26,23.33,29.17,1011.1,85.27,0.02),('2006-02-27',26.17,24.67,28.67,1011.6,85.97,0),('2006-02-28',26.72,25.56,28.67,1011.5,78.64,0),('2006-03-01',26.33,24.33,29.33,1011.5,84.19,0),('2006-03-02',26.39,24.67,29.56,1011.1,83,0),('2006-03-03',25.72,24.33,27.33,1012.4,86.09,0.22),('2006-03-04',25.61,24.06,28.83,1013.1,86.25,0),('2006-03-05',25.56,24.06,28.06,1013.8,85.51,0.2),('2006-03-06',25.94,24.67,27.33,1013.2,87.19,0.16),('2006-03-07',27,26.06,28.83,1012.4,83.9,0),('2006-03-08',26.94,25.06,29.56,1012.9,85.51,0.02),('2006-03-09',27.06,25.67,29.67,1012.6,83.86,0),('2006-03-10',25.61,25.17,26.33,1011.9,93.34,1.34),('2006-03-11',26.39,24.67,28.67,1010.5,86.61,0.04),('2006-03-12',26.06,24.17,28.67,1010.2,90.14,3.05),('2006-03-13',26.22,23.67,29.56,1011.6,87.86,0),('2006-03-14',26.72,25.17,29.33,1013.1,88.4,0.59),('2006-03-15',26.56,24.33,29.56,1013.7,86.76,0.63),('2006-03-16',27.22,26.06,29.06,1011.6,84.67,0),('2006-03-17',28,26.06,29.83,1010.4,79.88,0),('2006-03-18',27.28,26.17,29.06,1011.2,82.11,0),('2006-03-19',28,26.17,30.06,1011.6,79.06,0),('2006-03-20',27.89,26.67,30.06,1011.9,79.82,0),('2006-03-21',27.83,26.56,30.06,1011,77.19,0),('2006-03-22',27.61,26.67,30.06,1010,79.14,2.14),('2006-03-23',26.78,24.06,30.17,1009.2,83.32,0),('2006-03-24',27.33,25.06,30.17,1009.5,79.61,0),('2006-03-25',27.5,25.17,30.33,1011.8,81.97,0),('2006-03-26',27.78,26.67,30.06,1011.5,80.37,0),('2006-03-27',26.72,25.17,30.83,1010.2,86.06,0.29),('2006-03-28',28.33,26.33,31.33,1009.9,81.55,0),('2006-03-29',28,26.83,30.33,1011.5,83.24,2.05),('2006-03-30',27.06,25.67,30.17,1012.7,86.34,0.28),('2006-03-31',25.72,23.67,29.06,1013.4,90.81,2.82),('2006-04-01',27,24.83,29.56,1013.3,85.06,0.02),('2006-04-02',28,26.67,30.06,1012.3,83.08,0),('2006-04-03',27.89,26.67,29.06,1012.2,81.78,0.02),('2006-04-04',27.22,25.67,29.33,1012,80.78,0),('2006-04-05',28.39,27.17,30.67,1010.7,82.45,0),('2006-04-06',28.39,27.06,30.56,1011.3,81.74,0),('2006-04-07',28.5,27.17,30.67,1011.6,79.44,0),('2006-04-08',28.33,27.56,30.33,1012.2,79.86,0),('2006-04-09',28.5,27.06,30.17,1012.8,78.88,0),('2006-04-10',28.72,27.06,32.33,1011.9,76.97,0),('2006-04-11',27.61,25.56,30.67,1011.9,83.04,0.04),('2006-04-12',28.06,26.06,31.06,1010.3,81.66,0.08),('2006-04-13',28.5,26.33,31.67,1010.7,79,0),('2006-04-14',28.67,27.67,30.56,1011.7,79.55,0),('2006-04-15',29.28,28.06,31.33,1010.8,76.14,10.7),('2006-04-16',29,26.56,31.83,1010.3,74.03,0),('2006-04-17',27.61,26.06,30.17,1010.9,66.33,0),('2006-04-18',28.22,27.06,30.17,1012.8,78.54,0),('2006-04-19',28.78,27.17,30.67,1013.1,77.97,0),('2006-04-20',29.06,27.83,31.17,1012.5,79.35,0),('2006-04-21',28.61,27.33,30.83,1011.2,76.58,0),('2006-04-22',27.56,25.06,30.67,1010.4,82.59,1.26),('2006-04-23',27.11,24.67,30.67,1010.5,82.43,0.04),('2006-04-24',28.72,27.67,30.67,1011.4,79.31,0),('2006-04-25',28.78,27.67,31.06,1010.7,78.12,0.08),('2006-04-26',27.61,25.33,30.06,1011,79.87,0.18),('2006-04-27',26.56,25.17,28.06,1011.3,87.83,0.55),('2006-04-28',26.94,25.56,28.67,1011.1,87.15,0),('2006-04-29',27.89,26.17,31.17,1011.5,80.26,0),('2006-04-30',27.78,24.33,31.17,1012.3,78.3,0),('2006-05-01',27.56,25.17,30.33,1011.8,82.73,0.16),('2006-05-02',28.5,26.67,30.83,1011.5,80.88,0),('2006-05-03',28.39,26.67,31.17,1011.3,78.86,0.77),('2006-05-04',28.72,27.67,30.67,1012.6,78.3,0),('2006-05-05',29.39,28.06,31.33,1012.5,78.71,0),('2006-05-06',29.5,28.06,31.67,1011.6,78.03,0),('2006-05-07',29.44,26.56,32.06,1010.6,77.97,0),('2006-05-08',30.44,28.33,32.67,1010.5,76.37,0),('2006-05-09',28.78,25.67,32.33,1009.3,78.19,0),('2006-05-10',31.28,29.17,33.06,1008.2,71.03,0),('2006-05-11',29.17,28.33,31.06,1008.3,77.54,0.2),('2006-05-12',25.67,25.06,26.67,1003.2,93.74,3.31),('2006-05-13',24.5,24.06,25.06,1002.4,94.65,0.51),('2006-05-14',25.11,24.06,26.06,1005.6,93.94,2.22),('2006-05-15',27.33,25.06,29.56,1007.6,83.15,0.36),('2006-05-16',26.5,24.17,28.56,1010.1,89.77,1.26),('2006-05-17',26.61,25.67,28.56,1011,86.51,0.04),('2006-05-18',27.61,26.06,30.17,1010.4,85.81,0),('2006-05-19',27.78,25.67,30.83,1009.9,83.31,0),('2006-05-20',28.39,26.33,31.06,1010.1,81.2,0),('2006-05-21',28.06,26.67,30.33,1010.5,84.68,0),('2006-05-22',28.17,26.33,31.17,1010.8,84.5,0.11),('2006-05-23',28.22,26.17,31.33,1010.5,79.86,0),('2006-05-24',28.44,26.67,31.33,1010,79.54,0.4),('2006-05-25',28.17,26.67,30.17,1012.4,82.72,0),('2006-05-26',28.11,26.56,29.56,1012.8,82.97,0),('2006-05-27',28.22,26.33,30.67,1012.4,82.44,0),('2006-05-28',28.11,25.56,31.83,1011.6,79.25,0),('2006-05-29',28.39,25.67,31.33,1010.6,80.66,0),('2006-05-30',28.17,25.67,31.56,1011.5,80.59,0),('2006-05-31',28.67,26.56,31.33,1012.2,79.58,0),('2006-06-01',28.39,26.67,31.06,1011.5,81.83,0.08),('2006-06-02',28.61,26.67,31.67,1010.9,78.87,0.35),('2006-06-03',28.06,26.33,31.06,1010.2,81.4,0),('2006-06-04',28.61,26.67,31.06,1010.6,79.55,0),('2006-06-05',28,24.67,31.83,1011.4,82.26,0.21),('2006-06-06',27.83,25.33,31.33,1011.1,81.72,0),('2006-06-07',28.28,25.17,31.56,1010.6,79.36,0),('2006-06-08',28.11,25.67,31.67,1009.5,81.94,0),('2006-06-09',30.72,29.06,32.33,1008.5,74.1,0),('2006-06-10',28.94,26.83,32.33,1009.2,79.07,0),('2006-06-11',29.06,26.56,32.67,1009.9,78.85,0),('2006-06-12',28.56,26.67,31.33,1009.3,81.53,0),('2006-06-13',27.44,25.67,30.06,1008.8,85.71,0.16),('2006-06-14',27.06,25.06,30.56,1008.7,87.93,4.21),('2006-06-15',28.33,26.67,31.06,1008.5,81.37,0.2),('2006-06-16',28.56,26.56,31.67,1008.3,82.68,0.02),('2006-06-17',29.5,28.06,31.06,1008.8,78.98,0.12),('2006-06-18',28.22,26.06,31.17,1008.1,85.25,1.1),('2006-06-19',27.61,25.67,30.06,1008.2,83.43,0.57),('2006-06-20',28.72,27.17,31.06,1007.6,79.92,0),('2006-06-21',27.67,27.06,28.33,1007.6,87.7,0.08),('2006-06-22',28.72,27.17,30.83,1007.7,83.55,0.43),('2006-06-23',27.83,25.56,30.83,1008.2,85.17,5.2),('2006-06-24',28.33,26.56,31.56,1009.2,83.59,0.16),('2006-06-25',26.72,25.33,29.17,1008.6,89.86,1.18),('2006-06-26',26.06,24.33,29.67,1009,91.83,2.46),('2006-06-27',27,25.17,29.56,1009.8,87.75,0),('2006-06-28',26.17,24.67,26.67,1009.9,91.91,5.67),('2006-06-29',26.67,25.06,29.56,1009.3,90.41,0),('2006-06-30',27.22,25.67,30.33,1009.5,84.5,0.02),('2006-07-01',26.78,25.67,29.06,1008.9,88.56,0),('2006-07-02',28,25.06,31.17,1009.6,83.91,0.91),('2006-07-03',28.17,25.83,31.33,1010.1,85.3,0),('2006-07-04',28.78,27.17,31.67,1009.3,81.15,0),('2006-07-05',29.28,28.06,31.67,1009.2,81.73,0),('2006-07-06',29.78,28.06,31.56,1007.1,75.26,0),('2006-07-07',27.78,27.67,28.06,1006.7,83.47,0.12),('2006-07-08',29.17,26.67,32.67,1006.3,77.96,0),('2006-07-09',28.17,26.33,29.17,1005.4,82.86,0),('2006-07-10',28.72,26.67,31.83,1005.4,77.55,0),('2006-07-11',28,27.06,29.56,1005.2,79.49,0.04),('2006-07-12',26.94,25.67,28.56,1004.1,88.39,0.24),('2006-07-13',26.72,25.67,29.33,1005.5,85.88,0.91),('2006-07-14',25.83,25.06,27.67,1006.8,91.65,1.17),('2006-07-15',28,26.06,30.56,1010.1,84.29,0),('2006-07-16',27.94,25.17,31.06,1010,84.82,0),('2006-07-17',28,26.33,30.83,1009.1,81.72,0),('2006-07-18',26,25.06,27.06,1009.5,89.64,1.06),('2006-07-19',26.67,25.17,28.33,1007.3,88.47,0),('2006-07-20',27,25.33,29.83,1006.5,86.46,0.04),('2006-07-21',27.5,26.06,30.06,1006.2,84.24,0),('2006-07-22',27.22,26.06,29.17,1007.4,85.46,0),('2006-07-23',27.06,25.56,29.06,1006.8,88.57,0.56),('2006-07-24',26.78,25.06,29.33,1006.5,87.33,0.12),('2006-07-25',27.5,26.67,29.17,1008.2,84.45,0.04),('2006-07-26',27.5,25.06,30.83,1010.3,81.48,0.02),('2006-07-27',28.17,26.56,31.06,1009.6,80.59,0),('2006-07-28',27.28,25.67,31.06,1008.2,85.24,0.31),('2006-07-29',26.5,24.06,30.56,1009,87.32,0.16),('2006-07-30',25.44,25.06,25.67,1008.2,94.51,0.63),('2006-07-31',25.33,24.33,26.83,1006.8,92.32,0.32),('2006-08-01',24.61,23.67,25.67,1007.2,94.92,0.83),('2006-08-02',27.22,25.06,30.06,1007.2,87.76,0.04),('2006-08-03',28.33,26.67,31.06,1008.5,82.77,0),('2006-08-04',27.89,26.56,29.56,1009.7,80.72,0),('2006-08-05',26.89,25.33,28.83,1009.3,85.99,0.2),('2006-08-06',28.06,26.06,30.06,1007.9,82.82,0.02),('2006-08-07',28.22,26.17,31.33,1005.3,83.81,0),('2006-08-08',27.67,26.06,29.56,1004.2,85.21,0.24),('2006-08-09',26.44,26.06,26.83,1003.3,90.14,1.33),('2006-08-10',26.56,25.83,28.06,1003.2,90.63,7.69),('2006-08-11',26.61,25.06,28.67,1003.8,89.91,0),('2006-08-12',27.39,25.83,29.67,1003.7,86.56,0.1),('2006-08-13',25.83,25.06,26.33,1004.9,94.28,1.08),('2006-08-14',25.83,24.67,27.33,1006.3,92.88,0.4),('2006-08-15',27.5,26.17,29.33,1007.2,86.56,0),('2006-08-16',28.33,26.67,31.33,1008.2,82.71,0),('2006-08-17',28.56,26.56,31.67,1008,80.32,0),('2006-08-18',28.44,26.33,31.67,1007.8,81.62,0),('2006-08-19',29,27.33,31.67,1008.6,77.96,0),('2006-08-20',25.83,25.06,27.06,1007.5,92.06,1.35),('2006-08-21',25.78,24.83,28.17,1005.3,91.91,1.56),('2006-08-22',27.89,26.17,30.33,1006.7,83.52,0),('2006-08-23',27.5,25.33,30.17,1008,87.27,0.2),('2006-08-24',28.5,26.56,31.67,1009.2,82.79,0),('2006-08-25',28.11,25.67,31.17,1009.6,84.98,0),('2006-08-26',25.67,24.56,26.67,1008.8,93.06,0.79),('2006-08-27',26.22,25.17,27.17,1008.4,87.39,0.08),('2006-08-28',27.28,25.06,30.06,1009.1,86.37,0),('2006-08-29',28.17,26.17,31.17,1010.6,82.32,0),('2006-08-30',28.94,27.06,30.67,1009.7,77.8,0),('2006-08-31',27.94,25.33,31.17,1008.8,83.55,0),('2006-09-01',27.89,25.67,31.33,1008.4,83.53,0),('2006-09-02',27.67,25.06,31.67,1008.9,78.82,0),('2006-09-03',28.44,25.56,32.06,1008.4,79.56,0),('2006-09-04',28.17,26.06,31.33,1007.6,81.26,0),('2006-09-05',27.83,26.06,31.33,1008.7,83.21,0.03),('2006-09-06',27.56,25.67,30.56,1009.1,83.9,0),('2006-09-07',27.72,25.06,31.67,1008.1,82.48,0),('2006-09-08',28.67,26.33,31.33,1008.8,81.41,0),('2006-09-09',28.22,25.67,31.33,1009,84.16,0),('2006-09-10',27.5,25.17,30.83,1008.5,87.47,0.24),('2006-09-11',27.61,24.67,30.06,1008.1,85.63,0),('2006-09-12',28.44,26.06,31.67,1009.5,84.64,0),('2006-09-13',28.33,24.83,32.33,1010.5,83.64,0),('2006-09-14',27.83,22.06,31.67,1009.5,82.68,0),('2006-09-15',27.11,24.17,32.56,1009.6,85.14,0.98),('2006-09-16',27.94,24.67,31.67,1010.5,85.53,0),('2006-09-17',27.94,25.06,31.67,1009.6,84.77,0),('2006-09-18',27.72,24.33,32.06,1009.9,83.8,0),('2006-09-19',27.89,25.06,31.67,1010.2,85.25,0),('2006-09-20',26.44,24.67,30.56,1010.4,88.47,0.43),('2006-09-21',26.22,23.83,30.56,1009,87.98,0.59),('2006-09-22',26.33,24.06,29.33,1008.3,91.16,0.53),('2006-09-23',26.56,25.17,29.33,1009.6,90.12,0.98),('2006-09-24',27.33,24.83,31.56,1009.6,87.75,0),('2006-09-25',26.72,24.56,29.06,1009.4,88.9,0.08),('2006-09-26',27.56,25.56,30.06,1007,86.54,0.08),('2006-09-27',25.89,24.67,28.67,1006.1,91.87,1.24),('2006-09-28',24.78,24.06,25.56,1003.2,95.39,4.06),('2006-09-29',26.17,23.67,28.83,1006.3,90.96,0.34),('2006-09-30',27.56,25.33,30.06,1008,89.48,0),('2006-10-01',27.61,25.56,29.17,1007.6,85.22,0),('2006-10-02',27.83,26.67,29.67,1005.9,83.77,0),('2006-10-03',28.06,26.06,29.67,1005.9,85.5,0),('2006-10-04',28,25.67,30.83,1006.5,84.61,0),('2006-10-05',27.67,25.33,29.67,1008,85.87,0),('2006-10-06',27.94,26.17,30.06,1009.1,84.05,0),('2006-10-07',27.06,24.17,30.06,1009.6,88.57,0),('2006-10-08',26.5,24.06,29.83,1010.6,86.99,0.04),('2006-10-09',26.72,23.83,30.06,1010.7,83.22,0),('2006-10-10',28.22,24.17,32.06,1012.4,79.08,0),('2006-10-11',27,24.17,31.17,1013,85.76,0.08),('2006-10-12',27.28,25.06,30.06,1013,83.96,0.01),('2006-10-13',27.61,24.17,30.83,1012.9,85.41,0),('2006-10-14',27.17,25.17,30.06,1011.8,86.87,0),('2006-10-15',27.11,24.56,30.33,1012.3,86.28,0),('2006-10-16',27.67,25.33,29.33,1013.3,80.98,0),('2006-10-17',27.28,24.33,29.17,1013.6,80.8,0),('2006-10-18',26.06,25.06,27.67,1013.4,87.5,1.11),('2006-10-19',26.56,23.67,29.67,1013.6,81.64,0),('2006-10-20',27.11,23.83,30.17,1013.7,79.46,0),('2006-10-21',27.33,24.17,30.67,1012.5,80.38,0),('2006-10-22',27.17,24.06,30.06,1012.4,83.53,0.02),('2006-10-23',27.33,24.83,29.67,1012.6,83.58,0.28),('2006-10-24',26.89,25.06,30.06,1012.4,83.55,0.22),('2006-10-25',27.61,25.06,30.83,1011.3,81.54,0),('2006-10-26',26.39,25.06,27.67,1011.2,88.47,0.2),('2006-10-27',26.67,24.17,29.67,1011,87.53,2.2),('2006-10-28',26.22,23.67,28.67,1010,86.92,0),('2006-10-29',25.89,23.06,27.67,1007.6,85.7,0),('2006-10-30',26.44,25.33,27.67,1008,88.31,0.17),('2006-10-31',27.44,24.67,30.06,1010.1,85.55,0),('2006-11-01',26.89,25.06,30.17,1009.7,86.05,0),('2006-11-02',27,24.06,30.33,1009.3,85.3,0),('2006-11-03',27.17,24.17,30.56,1010,86.22,0),('2006-11-04',27.06,24.83,30.67,1010.9,87.51,0),('2006-11-05',26.89,23.67,30.17,1010.7,87.6,0.12),('2006-11-06',27.39,25.06,30.06,1011,86.32,0),('2006-11-07',26.5,24.33,30.06,1011.8,88.36,0.84),('2006-11-08',27.22,24.67,30.06,1013.1,84.34,0),('2006-11-09',27.5,25.67,29.83,1013.8,84.26,0.01),('2006-11-10',27.67,26.17,29.33,1011.2,84.52,0),('2006-11-11',28,25.67,30.67,1008.3,83.98,0),('2006-11-12',27.44,25.17,29.67,1010.2,86.79,0.08),('2006-11-13',28,26.33,30.06,1011.3,84.54,0.08),('2006-11-14',28,25.33,30.17,1013.4,84.66,0.47),('2006-11-15',27.89,25.83,30.33,1012.9,85,0),('2006-11-16',27.39,26.67,28.83,1012.1,85.58,0.04),('2006-11-17',28,26.06,30.06,1011.8,86.31,0),('2006-11-18',27.89,26.33,30.33,1011.3,86.54,0),('2006-11-19',27.83,25.67,30.33,1011.9,86.46,0.04),('2006-11-20',28.22,26.17,30.17,1011.1,81.62,0),('2006-11-21',28.17,26.06,30.17,1010,82.85,0),('2006-11-22',27.56,26.56,30.06,1010.5,81.13,0),('2006-11-23',28.11,24.83,30.06,1011.6,80.84,0.2),('2006-11-24',28.11,26.67,30.17,1011.5,84.58,0.04),('2006-11-25',28.33,26.17,30.17,1010.7,84.83,0),('2006-11-26',27.5,25.67,30.06,1009.4,85.42,0.07),('2006-11-27',27.72,25.67,29.83,1009.4,82.19,0),('2006-11-28',27.89,25.83,30.06,1010,79.45,0),('2006-11-29',27.33,25.56,29.67,1009.8,79.1,0),('2006-11-30',26.83,25.06,28.06,1004.3,79.65,1.38),('2006-12-01',26.22,24.83,28.06,1000.3,84.16,5.08),('2006-12-02',27.28,26.06,29.33,1008.1,83.99,0),('2006-12-03',26.94,25.06,28.83,1010.2,86.54,0),('2006-12-04',27.39,25.83,29.67,1011.7,84.77,0),('2006-12-05',26.83,25.67,29.67,1012.5,85.94,0.2),('2006-12-06',27.06,24.83,29.67,1011.8,82.85,0.24),('2006-12-07',27.28,25.83,29.33,1011.3,83.82,0),('2006-12-08',27.17,25.06,30.06,1012,86.04,0.34),('2006-12-09',25.94,25.06,27.06,1010.9,91.08,0.32),('2006-12-10',24.67,23.67,25.56,1004.9,95.17,5.41),('2006-12-11',26.39,25.06,27.67,1008.2,88.59,1.71),('2006-12-12',26.39,24.56,27.83,1012.7,91.95,2.09),('2006-12-13',27.56,25.56,30.06,1013.2,88.12,0.12),('2006-12-14',27.67,25.06,30.06,1012.5,86.61,0.04),('2006-12-15',27.5,25.83,29.56,1013,85.3,0),('2006-12-16',27.56,25.83,29.67,1013.8,84.05,0),('2006-12-17',27.11,25.83,29.06,1013,83.04,0),('2006-12-18',24,15.67,26.06,1013.7,89.89,0.17),('2006-12-19',26.22,24.67,27.67,1014.3,84.76,0.04),('2006-12-20',26.67,25.06,29.17,1012.2,82,0.02),('2006-12-21',27.56,25.33,29.56,1010.3,85.46,0),('2006-12-22',25.72,24.67,27.33,1011.2,87.03,0.04),('2006-12-23',25.72,24.06,27.83,1011.4,87.41,0.59),('2006-12-24',24.22,23.33,25.06,1012,94.59,1.74),('2006-12-25',25,23.56,27.06,1011.4,92.75,0),('2006-12-26',26.33,25.06,28.33,1011.6,85.09,0),('2006-12-29',26.33,26.33,26.33,1012.3,81.11,0),('2006-12-30',25.83,25.06,26.67,1013.8,85.62,0.09),('2006-12-31',26.06,25.06,26.83,1014.5,85.09,0.01),('2007-01-01',26.33,24.56,28.06,1012.8,85.06,0.09),('2007-01-02',25.89,24.33,28.17,1012.2,90.63,0.16),('2007-01-03',26.56,24.83,28.33,1011.3,88.24,0),('2007-01-04',27.17,25.67,29.67,1011.1,86.99,1.45),('2007-01-05',26.22,23.83,28.83,1012.7,86.51,0.2),('2007-01-06',26.44,24.33,28.67,1013.5,86.35,0),('2007-01-07',24.72,23.67,26.17,1013.7,89.3,0.51),('2007-01-08',25.33,23.56,27.06,1013.7,87.4,0.02),('2007-01-09',25.33,24.83,26.06,1014.4,83.2,0.16),('2007-01-10',25.11,24.06,26.17,1014.9,83.83,0.02),('2007-01-11',25,24.06,25.56,1013.7,88.7,0.1),('2007-01-12',25.33,14.83,29.67,1012.3,86.43,0),('2007-01-13',25.72,25.06,26.67,1012.6,90.79,0.04),('2007-01-14',25.72,24.83,27.33,1014,89.41,0.12),('2007-01-15',25.56,24.33,27.33,1013.2,86.54,0.36),('2007-01-16',25.83,24.06,28.67,1015,89.75,0.28),('2007-01-17',26.44,24.56,28.83,1014.7,88.08,0),('2007-01-18',26.22,24.67,29.06,1014.7,88.08,0),('2007-01-19',26.5,25.06,29.06,1014.8,85.3,0),('2007-01-20',26.67,25.06,28.33,1014.6,84.45,0),('2007-01-21',26.89,25.06,29.06,1014.7,80.12,0),('2007-01-22',25.67,24.33,28.67,1015,85.52,0.19),('2007-01-23',25.44,23.83,28.06,1015.3,91.49,0.1),('2007-01-24',25.94,24.06,28.67,1014.8,86.96,0),('2007-01-25',25.33,23.83,27.67,1014.7,87.75,0.12),('2007-01-26',24.11,23.67,25.33,1015.4,92.48,0.43),('2007-01-27',26.17,23.17,28.56,1014.5,82.32,0),('2007-01-28',25.78,24.33,28.17,1013.6,78.41,0),('2007-01-29',23.89,22.67,25.17,1016.2,80.5,0.16),('2007-01-30',23.56,21.67,25.17,1017.1,80.21,0),('2007-01-31',24.22,23.56,25.33,1016.7,82.25,0.04),('2007-02-01',24.78,23.06,28.56,1016.4,77.72,0),('2007-02-02',24.44,23.17,26.17,1017.3,73.87,0),('2007-02-03',23.89,23.06,25.06,1017.5,72.29,0.04),('2007-02-04',24.39,21.67,26.67,1016.4,75.36,0.11),('2007-02-05',25.22,23.17,27.83,1016.1,78.88,0),('2007-02-06',24.67,23.83,25.83,1015.6,89,0.21),('2007-02-07',25.67,23.56,28.06,1015.5,89.28,0.04),('2007-02-08',25.61,24.83,26.83,1016.5,90.59,0.08),('2007-02-09',26.11,24.06,28.56,1016.1,84.71,0),('2007-02-10',25.67,23.67,30.56,1015.1,84.97,0),('2007-02-11',25.39,23.06,28.17,1015.2,82.97,0),('2007-02-12',25.89,23.83,28.06,1015,80.88,0),('2007-02-13',26.33,24.56,28.67,1015,80.96,0),('2007-02-14',26.61,24.83,29.06,1014.2,83.61,0),('2007-02-15',26.89,24.83,29.83,1013.8,85.97,0),('2007-02-16',26.39,24.06,29.67,1013.3,82.19,0),('2007-02-17',25.94,24.33,28.67,1012.4,84.4,0),('2007-02-18',26.39,24.17,29.17,1011.2,86,0.02),('2007-02-19',26.83,24.67,29.67,1011.1,84.64,0.08),('2007-02-20',27.28,24.83,29.83,1011.9,84.38,0),('2007-02-21',27.56,25.33,30.17,1012.8,85.56,0),('2007-02-22',27.5,25.83,30.06,1011.9,84.9,0),('2007-02-23',27.61,24.56,30.17,1011.1,80.78,0),('2007-02-24',27.72,25.67,29.83,1011.8,77.38,0),('2007-02-25',27.72,25.83,30.06,1010.1,78.56,0),('2007-02-26',27.11,25.17,30.06,1010.7,78.87,0),('2007-02-27',26.28,24.67,28.67,1012.4,74.26,0),('2007-02-28',26.5,23.33,29.56,1013.3,77.08,0),('2007-03-01',26.28,23.83,29.33,1013.1,80.64,0),('2007-03-02',26.61,24.67,28.83,1012.7,78,0.08),('2007-03-03',25.44,23.33,30.17,1012,81.86,0.59),('2007-03-04',26.33,22.83,29.06,1011.7,81,0.19),('2007-03-05',26.61,24.06,29.83,1012.7,79.13,0),('2007-03-06',26.39,22.67,29.83,1011.7,74.13,0),('2007-03-07',25.83,24.17,28.06,1011.5,85.44,0.28),('2007-03-08',27.33,25.17,29.67,1012.1,82.51,0),('2007-03-09',26.33,24.56,29.56,1014.4,84.68,1.02),('2007-03-10',26.56,24.17,29.33,1014.5,84.16,0.04),('2007-03-11',27.17,25.56,29.06,1014.5,79.2,0),('2007-03-12',27.06,25.33,29.83,1014.9,75.7,0),('2007-03-13',26.5,23.83,29.33,1014.2,78.55,0),('2007-03-14',26.94,25.06,29.56,1012.8,79.17,0),('2007-03-15',27.06,24.67,29.17,1011.3,82.12,0.42),('2007-03-16',27.56,25.56,29.83,1011.3,84.33,0.08),('2007-03-17',28.06,26.67,30.17,1011.4,82.35,0),('2007-03-18',26.89,25.83,28.83,1011.2,80.55,0),('2007-03-19',27.39,25.17,29.67,1011.7,77.2,0),('2007-03-20',26.72,24.67,29.56,1012.6,80.78,0.01),('2007-03-21',28,25.67,30.06,1013.2,77.51,0),('2007-03-22',26.78,24.83,30.17,1014.2,85.33,0.16),('2007-03-23',26.89,25.17,29.67,1014.2,85.21,1.66),('2007-03-24',27.28,25.33,30.06,1012.7,86.62,0.04),('2007-03-25',28.33,26.33,30.17,1011,76.45,0),('2007-03-26',27.72,25.67,30.17,1012.3,80.62,0.03),('2007-03-27',26.94,24.17,30.17,1013.2,72.28,0),('2007-03-28',27,22.83,30.06,1013.8,71.18,0),('2007-03-29',26.89,24.17,29.67,1013.3,76.09,0),('2007-03-30',27.11,23.67,29.83,1014,77.06,0),('2007-03-31',27.89,26.06,30.06,1013.3,76.06,0),('2007-04-01',28.06,25.06,31.33,1011.6,75.28,0),('2007-04-02',27.89,26.06,30.67,1011.4,75.82,0),('2007-04-03',27.44,23.33,30.83,1011.9,73.91,0),('2007-04-04',28.56,25.56,31.06,1013.5,78.76,0),('2007-04-05',28,26.67,30.83,1014.1,75.74,0),('2007-04-06',27.5,25.06,29.83,1013.8,74.36,0),('2007-04-07',27.78,25.67,30.56,1012.4,74.06,0),('2007-04-08',28.17,26.06,30.67,1012.5,80.22,0.01),('2007-04-09',28.33,26.17,30.67,1013.3,75.06,0.08),('2007-04-10',28.67,26.33,31.17,1013.2,72.69,0.08),('2007-04-11',28,25.56,31.06,1012.3,82.07,0.13),('2007-04-12',28.67,26.67,31.17,1012,78.15,0),('2007-04-13',28.61,26.83,31.33,1012.4,79.07,0),('2007-04-14',29.17,27.06,32.06,1011.6,75.73,0),('2007-04-15',29.06,26.67,31.83,1010.8,71.87,0),('2007-04-16',28.72,26.33,32.06,1010.2,76.22,0),('2007-04-17',29.11,26.83,32.06,1010.7,79.64,0),('2007-04-18',27.94,23.67,32.06,1011.4,74.45,0),('2007-04-19',29.17,24.67,32.67,1011.9,75.61,0),('2007-04-20',29.83,27.83,32.33,1012.2,76.21,0),('2007-04-21',29.56,28.06,31.56,1011.6,77.93,0),('2007-04-22',29.5,26.83,32.56,1011.4,76.55,0),('2007-04-23',28.61,22.67,32.67,1010.7,76.09,0),('2007-04-24',29.83,26.56,33.33,1010.4,76.78,0.16),('2007-04-25',29.94,28.06,32.56,1011.5,76.84,0),('2007-04-26',29.83,27.83,32.17,1012.3,75.31,0),('2007-04-27',28.39,26.06,32.56,1012.1,80.1,0.03),('2007-04-28',28.78,26.33,32.33,1010.7,76.97,0),('2007-04-29',29.17,26.17,32.33,1011,78.69,0.28),('2007-04-30',28.89,26.06,31.83,1011.8,76.35,0),('2007-05-01',28.56,26.06,32.06,1011.9,79.01,0.39),('2007-05-02',28.22,25.56,31.33,1011.6,79.26,0.08),('2007-05-03',28.89,27.33,31.33,1010.9,77.21,0),('2007-05-04',29.61,27.06,32.17,1010.5,70.58,0),('2007-05-05',27.17,24.17,30.83,1010.4,84.17,2.33),('2007-05-06',28.67,24.83,32.83,1007.7,80.91,0),('2007-05-07',28.72,26.56,32.56,1008.5,80.41,0),('2007-05-08',27.78,25.67,30.67,1010.3,86.48,1.06),('2007-05-09',26.11,23.67,29.06,1010.6,88.37,4.19),('2007-05-10',27.78,24.67,30.67,1010.5,84.04,0.12),('2007-05-11',27.89,25.83,29.83,1010.5,85.56,0.86),('2007-05-12',28.33,25.83,31.06,1010.9,85.15,0.57),('2007-05-13',28.61,25.17,31.17,1010.9,82.95,0.01),('2007-05-14',29.22,26.33,31.67,1011,76.19,0),('2007-05-15',29.83,27.17,32.06,1010.6,71.06,0),('2007-05-16',29.06,26.83,31.67,1010.7,74.26,0),('2007-05-17',29.06,25.33,32.17,1010.4,77.63,0),('2007-05-18',29.44,26.06,31.83,1009.7,80.01,0.9),('2007-05-19',29.06,27.06,32.06,1010.1,80.5,0),('2007-05-20',29,26.17,31.33,1009.8,81.19,0),('2007-05-21',29.28,26.06,33.06,1009.1,79.61,0),('2007-05-22',28.67,26.17,32.06,1009.5,81.82,0.03),('2007-05-23',28.67,26.67,32.06,1009.1,78.99,0),('2007-05-24',28.44,24.83,32.67,1008.3,79.5,0.08),('2007-05-25',27.94,26.17,30.83,1009,85.91,0),('2007-05-26',27.56,25.06,30.17,1010.4,84.91,0.16),('2007-05-27',27.5,24.06,30.67,1010.2,84.43,0),('2007-05-28',28.33,26.17,32.67,1010.1,81.92,0),('2007-05-29',29,26.06,32.33,1010.4,80.15,0),('2007-05-30',29.11,25.83,32.17,1010.6,77.43,0),('2007-05-31',28.56,27.06,31.56,1009.9,81.03,0),('2007-06-01',28.17,25.33,31.17,1008.9,87.08,0.24),('2007-06-02',28.22,25.17,30.67,1009.3,85.21,0),('2007-06-03',28.33,25.56,31.06,1010,81.86,0),('2007-06-04',29,26.06,32.06,1009.6,82,0),('2007-06-05',29.78,27.06,33.06,1008.7,81.01,0),('2007-06-06',30,27.17,33.06,1009.4,74.73,0),('2007-06-07',29.17,26.33,33.06,1009.9,77.22,0),('2007-06-08',29.61,27.56,33.33,1009.9,77.77,0),('2007-06-09',29.28,26.06,33.06,1009.1,76.64,0),('2007-06-10',29.17,25.33,33.17,1008.4,78.31,0),('2007-06-11',29.67,25.56,33.17,1007.9,73.72,0),('2007-06-12',28.22,26.17,31.06,1008.2,81.34,0.03),('2007-06-13',28.22,26.06,31.33,1008.6,81.87,0),('2007-06-14',29.39,26.06,32.56,1008.2,77.53,0),('2007-06-15',29.61,26.06,33.06,1007.1,78.82,0),('2007-06-16',28,25.17,31.06,1007.2,85.76,3.94),('2007-06-17',27.5,25.56,29.83,1006.7,87.9,4.47),('2007-06-18',28.17,25.33,31.67,1006.2,84.3,1.88),('2007-06-19',29,25.83,32.83,1006.4,80.09,0.2),('2007-06-20',29,26.83,31.06,1006.3,80.33,4.32),('2007-06-21',27.17,25.06,29.06,1007.2,86.69,0.12),('2007-06-22',26.39,24.67,28.67,1008.9,91.41,6.89),('2007-06-23',27.5,25.67,30.06,1010.7,87.98,0),('2007-06-24',27.56,25.33,30.83,1010.6,86.66,0.32),('2007-06-25',27.67,24.56,31.06,1009.7,85.92,0),('2007-06-26',27.11,25.67,29.83,1009.3,89.49,0.2),('2007-06-27',27.72,25.56,29.83,1009.9,86.66,0.03),('2007-06-28',27.11,26.06,28.33,1010.3,89.42,0.08),('2007-06-29',28.11,26.06,30.83,1009.8,88.1,0),('2007-06-30',27.83,24.67,30.33,1009.1,84.67,0.74),('2007-07-01',26.83,25.17,30.06,1009.7,90.24,0.19),('2007-07-02',27.28,24.83,30.67,1009.6,86.65,0.1),('2007-07-03',28.61,25.17,31.83,1010.6,79.43,0),('2007-07-04',29.11,27.06,32.33,1010.4,76.72,0),('2007-07-05',27.78,26.06,31.06,1010.1,82.87,0.32),('2007-07-06',27.39,26.17,29.33,1009.6,85.81,0.24),('2007-07-07',27.17,25.06,30.06,1009.1,86.91,2.21),('2007-07-08',27,24.67,30.06,1007.1,86.5,0.55),('2007-07-09',28.28,25.56,30.17,1005.9,84.76,0),('2007-07-10',28.83,25.67,32.06,1004.9,82.8,0.08),('2007-07-11',28.67,26.67,31.56,1003.3,79.31,0),('2007-07-12',28.06,26.83,30.06,1002,82.15,0.02),('2007-07-13',26.39,25.17,28.56,1003.8,92.4,0.56),('2007-07-14',26.78,25.06,28.67,1006.7,88.61,0.24),('2007-07-15',29,27.33,30.83,1009.4,81.71,0),('2007-07-16',28.5,25.56,31.56,1010.4,80.37,0),('2007-07-17',27.94,26.06,31.17,1010.3,83.51,0.02),('2007-07-18',27.94,25.83,30.17,1010.5,83.11,0.39),('2007-07-19',28.89,26.67,31.56,1010.6,81.24,0),('2007-07-20',28.11,26.17,30.67,1009.8,85.91,0),('2007-07-21',28.94,25.33,31.83,1008.8,81.17,0),('2007-07-22',28.94,26.67,31.17,1008.5,79.05,0),('2007-07-23',29.39,26.33,33.83,1009.3,78.22,0),('2007-07-24',29.22,27.06,31.67,1009.4,81.65,0),('2007-07-25',29.61,26.83,32.06,1008.7,77.16,0.07),('2007-07-26',28.83,25.67,32.06,1007.6,80.66,0.55),('2007-07-27',26.44,24.06,30.06,1008.6,88.46,0.91),('2007-07-28',27.22,25.06,30.67,1009.1,88.73,0.08),('2007-07-29',27.39,24.06,30.17,1009.2,85.42,0.04),('2007-07-30',28.17,24.67,31.56,1008.9,83.42,0.28),('2007-07-31',29,26.17,31.67,1007.7,80.24,0),('2007-08-01',28.17,26.06,30.83,1007.1,82.61,0),('2007-08-02',27.78,25.17,31.33,1006.9,82.96,0),('2007-08-03',27.67,25.06,31.17,1006.9,86.39,0.12),('2007-08-04',27.89,24.83,31.17,1006.4,83.03,0),('2007-08-05',28.22,25.33,30.33,1006.9,81.2,0.05),('2007-08-06',28.89,26.33,31.67,1007,76.69,0),('2007-08-07',27.28,25.67,30.17,1003.8,83.93,0.14),('2007-08-08',26.22,24.83,28.06,1002.8,88.12,0.44),('2007-08-09',29.17,26.67,31.56,1004.6,70.88,0),('2007-08-10',29,26.56,32.33,1006.7,76,0),('2007-08-11',28.94,26.67,31.67,1007.1,77.5,0),('2007-08-12',29.61,25.67,33.06,1007.3,73.11,0),('2007-08-13',29.94,26.56,33.83,1007.1,72.91,0),('2007-08-14',29.83,27.83,31.67,1006.4,77.1,0),('2007-08-15',28.17,26.67,30.56,1005.1,81.02,0),('2007-08-16',26.28,24.67,28.67,1004.6,86.39,0.48),('2007-08-17',24.22,23.67,25.06,1005.6,96.8,3.24),('2007-08-18',26.61,23.67,29.33,1006.7,89.65,0),('2007-08-19',28,26.06,29.83,1008.7,83.57,0),('2007-08-20',28,25.83,30.67,1010,83.21,0),('2007-08-21',28.44,25.83,31.67,1009.8,81.18,0),('2007-08-22',28.83,26.67,31.33,1009.3,82.47,0),('2007-08-23',28.5,25.67,31.06,1009.2,82.94,0),('2007-08-24',28.5,26.67,30.33,1008.3,81.71,0),('2007-08-25',27.94,26.06,30.67,1006.9,85.92,0),('2007-08-26',26.67,24.56,29.83,1007.7,88.17,0.22),('2007-08-27',25.44,24.33,27.56,1008.4,92.94,0.79),('2007-08-28',24.78,24.06,25.67,1010.2,94,0.16),('2007-08-29',27.44,26.33,29.06,1009.9,85.03,0),('2007-08-30',26.94,25.67,30.06,1009.2,87.69,0.2),('2007-08-31',26.5,24.67,28.06,1008.3,88.66,0.04),('2007-09-01',27.5,25.06,31.17,1007.5,87.04,0),('2007-09-02',27.89,25.33,30.33,1008.5,84.65,0.08),('2007-09-03',27.5,23.17,31.67,1009,84.05,0),('2007-09-04',29.28,25.83,31.83,1008.2,83.57,0),('2007-09-05',29.17,25.33,32.06,1008,78.7,0),('2007-09-06',29.5,27.67,32.56,1007.6,80.67,0),('2007-09-07',28.56,25.17,32.17,1007.2,83.56,0),('2007-09-08',28.44,25.33,32.33,1006.7,84.96,0),('2007-09-09',27.83,25.06,31.33,1007,84.4,0),('2007-09-10',28.72,26.67,32.06,1007.3,81.23,1.26),('2007-09-11',27.72,25.83,30.06,1006.6,84.7,0),('2007-09-12',27.5,25.06,30.83,1005.6,86.41,0.02),('2007-09-13',27.22,25.17,30.06,1005.9,86.82,0.02),('2007-09-14',27.72,24.67,31.06,1005.4,86.97,0.01),('2007-09-15',27.83,26.06,29.56,1004.7,83.77,0.04),('2007-09-16',27.83,26.33,29.67,1004.7,84.46,0),('2007-09-17',24.78,24.17,26.06,1005.4,93.23,1.13),('2007-09-18',25.44,23.67,27.06,1004.6,91.47,1.15),('2007-09-19',24.72,23.17,26.33,1004.5,95.21,2.5),('2007-09-20',26.56,24.06,30.06,1004.4,88.76,0),('2007-09-21',26.61,25.06,29.83,1004.8,89.57,0.56),('2007-09-22',25.5,24.17,26.83,1004.6,94.05,0.59),('2007-09-23',26.83,24.06,30.06,1004.3,88.63,0.28),('2007-09-24',26.33,23.06,29.06,1006.8,89.39,0),('2007-09-25',27.78,25.17,30.17,1009.5,84.51,0),('2007-09-26',28.11,25.33,30.33,1008.7,82.98,0),('2007-09-27',27.44,24.06,30.56,1007.6,83.85,0.39),('2007-09-28',26.5,23.83,29.06,1006.2,88.04,0.87),('2007-09-29',26.56,24.56,29.33,1003.4,90.77,1.07),('2007-09-30',25.56,24.33,26.33,1003.8,93.78,0.8),('2007-10-01',26.06,25.06,27.67,1006,91.65,0.45),('2007-10-02',26.83,25.17,30.17,1008.3,82.5,0.08),('2007-10-03',26.17,24.06,28.56,1008.9,85.46,0.29),('2007-10-04',27,26.06,29.56,1007.4,86.33,0.03),('2007-10-05',26.5,25.06,29.67,1006.6,89.63,0.4),('2007-10-06',25.56,25.06,26.56,1006.9,93.52,0.64),('2007-10-07',27.56,24.06,31.17,1009.4,86.39,0.02),('2007-10-08',27.67,24.83,30.83,1009.9,87.27,0),('2007-10-09',27.72,25.06,31.06,1009.9,85.59,0.02),('2007-10-10',27.28,25.06,29.33,1009.7,83.29,0),('2007-10-11',27.61,25.33,30.33,1011,84.21,0.67),('2007-10-12',27.56,25.06,30.56,1012,86.12,0),('2007-10-13',27.5,26.17,29.56,1011.5,85.3,0),('2007-10-14',27.61,25.06,30.56,1011.1,83.48,0),('2007-10-15',27.83,26.17,30.06,1010.9,81.78,0),('2007-10-16',27.44,24.83,30.56,1010.6,83.77,0.3),('2007-10-17',26.89,24.06,30.06,1010.1,85.98,0.35),('2007-10-18',27.56,25.67,29.33,1010,79.53,0.12),('2007-10-19',27.28,25.06,29.17,1010.4,84.15,0),('2007-10-20',26,24.83,27.06,1010.8,90.33,0.91),('2007-10-21',25.56,23.67,27.83,1010.2,91.22,0.44),('2007-10-22',25.56,24.67,27.06,1009,94.23,1.13),('2007-10-23',25.89,22.33,28.67,1007.6,89.05,0.04),('2007-10-24',26.39,25.06,28.06,1008,90.62,1.15),('2007-10-25',26.06,24.83,28.06,1008.6,91.18,0.39),('2007-10-26',27.28,24.06,29.17,1008.1,86.13,0),('2007-10-27',27.39,26.06,29.67,1007.8,83.82,0.01),('2007-10-28',24,22.83,26.06,1005.9,93.03,3.5),('2007-10-29',25.78,23.33,27.56,1007.7,90.11,0.02),('2007-10-30',27.11,24.06,29.83,1010.7,86.19,0),('2007-10-31',26.17,25.17,27.67,1011.1,88.65,0.44),('2007-11-01',26.67,24.56,30.06,1009.2,85.91,0),('2007-11-02',25.94,24.83,26.67,1008.6,89.45,0.24),('2007-11-03',26.22,24.17,29.33,1008.9,86.17,0),('2007-11-04',26.72,25.06,28.67,1007.6,88.76,0.01),('2007-11-05',27.83,26.33,30.33,1006.6,81.33,0),('2007-11-06',26.89,26.17,28.56,1007,85.42,0),('2007-11-07',27.67,26.17,30.06,1007.3,84.61,0),('2007-11-08',27.72,26.56,29.33,1007.4,80.36,0),('2007-11-09',26.89,25.06,29.33,1008.1,87.23,0.51),('2007-11-10',27.44,26.06,29.67,1009.2,82.68,0),('2007-11-11',27.28,25.83,29.06,1009.9,84.82,0.14),('2007-11-12',27,25.67,29.83,1010.1,85.38,0.31),('2007-11-13',26.78,25.06,28.06,1010.5,84.26,0.35),('2007-11-14',25.72,25.17,26.33,1010.5,85.54,0.12),('2007-11-15',26.06,24.67,28.06,1010,89.55,0.08),('2007-11-16',26.72,25.06,29.06,1009.8,88.13,0.54),('2007-11-17',27.89,26.67,29.67,1008.2,83.7,0),('2007-11-18',25.17,24.56,26.17,1009.4,91.76,0.72),('2007-11-19',25,24.56,26.06,1009.5,92.95,1.34),('2007-11-20',25.44,24.83,26.33,1008.6,91.6,1.32),('2007-11-21',26.72,25.06,29.06,1008.8,89.01,2.26),('2007-11-22',25.33,24.67,26.06,1009.2,93.02,0.45),('2007-11-23',25.33,24.06,26.56,1008,88.45,0),('2007-11-24',25.17,24.06,27.56,1007.3,88.18,0),('2007-11-25',27.67,26.67,29.06,1005.1,77.34,0),('2007-11-26',27.5,26.67,29.67,1004.7,81.41,0.01),('2007-11-27',25.11,24.33,26.56,1001.2,93.11,1.42),('2007-11-28',26,25.33,26.56,1004.5,87.46,0.08),('2007-11-29',24.33,23.06,25.17,1010.6,89.97,0.24),('2007-11-30',23.67,22.67,25.06,1011.7,85.88,0.24),('2007-12-01',24.5,24.06,25.06,1015.7,81.17,0),('2007-12-02',25,23.67,26.06,1014.4,88.12,0.06),('2007-12-03',25.28,24.67,26.33,1013.2,88.54,0.1),('2007-12-04',26,24.56,28.67,1013.5,86.64,0.3),('2007-12-05',25.5,24.56,26.67,1013.6,87.55,0),('2007-12-06',25.72,24.67,27.33,1012.7,86.8,0.02),('2007-12-07',26.06,25.06,27.67,1012.6,86.74,0),('2007-12-08',25.78,25.17,26.06,1012.7,85.95,0.02),('2007-12-09',25.83,24.67,27.83,1010.9,89.48,0.02),('2007-12-10',25.67,24.56,27.33,1010.2,90.09,0.07),('2007-12-11',26.78,25.17,29.06,1010.2,84.99,0),('2007-12-12',26.83,25.56,29.17,1009.6,85.6,0.03),('2007-12-13',26.78,25.56,29.33,1008.9,86.46,0.04),('2007-12-14',26.83,25.06,30.06,1009.3,83.48,0.02),('2007-12-15',26.61,25.67,29.06,1010.7,84.33,0.04),('2007-12-16',26.5,25.83,27.33,1012.2,89.47,0.04),('2007-12-17',26.72,25.67,28.06,1012.4,84.75,0.04),('2007-12-18',26.61,25.17,29.06,1012.1,83.76,0),('2007-12-19',25.61,24.83,26.56,1012.1,83.81,0.06),('2007-12-20',26.56,25.17,28.83,1012.4,82.59,0),('2007-12-21',26.44,24.83,28.56,1012.5,85.21,0.1),('2007-12-22',26.44,25.17,28.67,1011.3,86.06,0),('2007-12-23',26.5,25.56,28.67,1009.8,85.87,0.04),('2007-12-24',26.11,24.67,28.06,1008.2,90.43,0.02),('2007-12-25',26.72,25.33,28.56,1007.7,86.99,0.04),('2007-12-26',25.39,25.06,25.83,1007.5,93.8,0.93),('2007-12-27',26.39,25.33,28.67,1007.1,88.57,0.04),('2007-12-28',26.72,25.67,29.06,1006.7,86.77,0),('2007-12-29',26.44,25.33,28.56,1006.8,89.75,0.24),('2007-12-30',26.22,24.67,29.67,1007.7,90.1,0.2),('2007-12-31',25.5,24.17,27.56,1009.4,88.48,0.31),('2008-01-01',24.78,24.33,25.67,1012.2,83.69,0.01),('2008-01-02',24.17,23.33,25.56,1014,86.17,0.12),('2008-01-03',24.61,23.83,25.83,1014.9,86.64,0.24),('2008-01-04',24.06,22.56,26.33,1014.8,87.1,0.26),('2008-01-05',24.44,22.67,27.17,1014.3,83.69,0.04),('2008-01-06',24.61,23.33,27.06,1014.3,87.91,0.11),('2008-01-07',24.89,23.83,27.06,1014.5,90.07,0.34),('2008-01-08',25.72,23.67,28.33,1014,83.33,0),('2008-01-09',25.61,24.06,27.56,1013.2,81.52,0),('2008-01-10',25.78,24.33,28.17,1012.8,83.66,0),('2008-01-11',25.94,24.67,28.33,1011.7,83.06,0),('2008-01-12',23.67,23.06,24.33,1009.7,91.03,1.06),('2008-01-13',24.44,23.56,25.67,1008.9,94.9,7.54),('2008-01-14',25.67,24.33,28.33,1010.6,85.89,1.02),('2008-01-15',25.94,24.06,28.06,1012.4,87.09,0.33),('2008-01-16',26.17,25.33,27.56,1013.8,87.82,0.06),('2008-01-17',29.33,24.83,34.67,1013.1,72.92,0),('2008-01-18',23.94,23.56,24.33,1011.8,93.04,1.84),('2008-01-19',24.89,23.83,26.56,1010.7,90.66,1.65),('2008-01-20',25.22,23.67,27.33,1009.5,88.84,0.08),('2008-01-21',25.39,24.83,26.56,1008.8,88.22,0),('2008-01-22',26,24.67,27.56,1010.7,87.66,0.1),('2008-01-23',26.56,25.06,29.06,1012.2,85.46,0.08),('2008-01-24',26.5,25.33,29.33,1013.1,87.73,0.31),('2008-01-25',26.17,24.67,28.67,1013.3,84.85,0.24),('2008-01-26',26.61,25.67,28.83,1013.3,84.44,0),('2008-01-27',25.89,24.83,27.06,1012.3,88.26,0.1),('2008-01-28',26.06,24.33,28.06,1012,85.18,0),('2008-01-29',25.83,24.33,28.06,1012,85.99,0),('2008-01-30',26.22,24.83,28.83,1011.8,84.41,0.12),('2008-01-31',27,25.67,29.56,1011.9,83.97,0),('2008-02-01',27.5,26.33,29.06,1011.4,77.71,0),('2008-02-02',26.56,25.33,28.56,1010.6,82.88,0.01),('2008-02-03',26.61,25.33,29.33,1010.9,85.88,0.04),('2008-02-04',26.28,24.67,28.83,1011.4,85.34,0),('2008-02-05',26.83,25.56,28.83,1011.2,82.51,0.01),('2008-02-06',26.33,24.06,29.33,1010.9,82.95,0),('2008-02-07',26,24.06,29.06,1009.9,82.4,0),('2008-02-08',26.06,24.33,29.06,1010.2,82.21,0.12),('2008-02-09',25.72,24.17,27.67,1010.8,84.57,0.06),('2008-02-10',25.5,24.83,26.56,1010.8,83.08,0),('2008-02-11',25.61,24.17,28.06,1012,76.99,0),('2008-02-12',25.11,23.56,27.33,1012.3,80.51,0),('2008-02-13',25,24.17,26.67,1012.4,84.35,0),('2008-02-14',24.33,24.06,25.06,1014,86.63,0.04),('2008-02-15',22.17,21.83,22.56,1015.5,92.62,1.41),('2008-02-16',23.11,22.33,24.33,1014.8,84,0.36),('2008-02-17',23.61,22.17,25.06,1014.2,88.35,0.23),('2008-02-18',22.83,22.33,23.56,1015.2,85.31,0.28),('2008-02-19',23.11,22.33,23.67,1014.2,88.39,0.59),('2008-02-20',24.61,23.67,25.56,1013.5,90.48,0.1),('2008-02-21',24.39,24.06,25.06,1013.4,88.95,0.72),('2008-02-22',24.39,23.33,25.56,1013.4,87.58,0.22),('2008-02-23',25.83,23.33,28.56,1012,84.57,0.02),('2008-02-24',25.83,24.67,27.06,1012.4,87.87,0.08),('2008-02-25',25.28,23.33,27.67,1011.9,86.88,0.24),('2008-02-26',25.61,24.33,27.33,1012.7,89.06,0.29),('2008-02-27',25.28,24.06,27.06,1013,88.18,0.12),('2008-02-28',23.94,23.33,24.56,1012.5,89.96,0.59),('2008-02-29',24.17,22.83,26.06,1011.3,87.44,0.24),('2008-03-01',24.33,23.56,25.83,1011.7,85.94,0.08),('2008-03-02',25,23.67,27.06,1011.8,88.8,0.12),('2008-03-03',26.06,24.83,28.56,1011.2,84.23,0),('2008-03-04',24.72,23.83,25.33,1013,82.56,0.04),('2008-03-05',23.83,23.06,24.33,1015.7,79.7,0),('2008-03-06',24.28,23.67,25.56,1016.5,81.28,0.01),('2008-03-07',25.33,23.83,27.06,1015.7,85.16,0),('2008-03-08',25.33,23.67,27.33,1014.9,78.26,0),('2008-03-09',25.11,24.06,26.67,1014.1,80.49,0),('2008-03-10',25.83,23.83,28.83,1012.5,80.82,0),('2008-03-11',26.39,24.17,29.06,1012,81.45,0),('2008-03-12',26.5,25.06,28.67,1012.2,79.55,0),('2008-03-13',26.61,25.67,28.83,1011.7,82.92,0),('2008-03-14',26.67,25.56,29.33,1011.6,82.42,0),('2008-03-15',27,25.06,29.83,1011.4,80.58,0),('2008-03-16',27.11,25.67,29.33,1010.7,82.57,0),('2008-03-17',27.5,25.17,30.06,1009.6,83.05,0),('2008-03-18',27.06,25.33,29.33,1009.9,80.26,0),('2008-03-19',27.39,26.06,30.06,1009.8,80.58,0),('2008-03-20',27.56,26.06,30.06,1009.7,81.22,0.04),('2008-03-21',27.61,26.17,30.06,1010,79.94,0),('2008-03-22',27.06,26.06,29.33,1009.6,82.25,0.13),('2008-03-23',27.33,25.33,30.17,1010.2,80.94,0),('2008-03-24',27.39,25.06,30.33,1010.5,76.92,0),('2008-03-25',26.94,24.67,30.06,1010.2,83.53,0.08),('2008-03-26',27.11,24.56,30.67,1009.1,82,0.43),('2008-03-27',27.17,26.17,28.17,1009.3,82.95,0),('2008-03-28',27.44,26.06,30.33,1010.4,80.98,0),('2008-03-29',27.39,25.83,30.06,1011.3,81.1,0.16),('2008-03-30',27.28,25.33,30.83,1010,79.97,0),('2008-03-31',27.17,25.06,30.83,1010.2,79.67,0),('2008-04-01',27.61,26.17,30.17,1011.7,79.61,0),('2008-04-02',27.89,26.67,30.67,1012.3,79.85,0.04),('2008-04-03',27.61,25.33,30.33,1012.1,81.41,0.98),('2008-04-04',27.06,25.33,29.56,1011.6,84.1,0),('2008-04-05',27.89,26.56,30.06,1013.3,81.14,0),('2008-04-06',28.22,26.83,29.67,1012.8,80.62,0),('2008-04-07',28.33,27.06,29.83,1011.4,80.77,0),('2008-04-08',27.44,26.67,28.67,1009.6,84.69,0.07),('2008-04-09',28.83,26.17,31.67,1009.3,79.91,0.01),('2008-04-10',28.33,26.83,30.83,1009.4,79.35,0),('2008-04-11',28.5,27.06,31.67,1009.2,74.38,0.37),('2008-04-12',28.5,27.06,31.33,1009.7,78.05,0),('2008-04-13',28.61,26.83,30.33,1008.9,81.12,0),('2008-04-14',27,26.33,27.67,1008,85.66,0.49),('2008-04-15',25.22,24.33,25.83,1008.9,91.94,2.08),('2008-04-16',28.06,25.17,30.67,1009.3,80.18,0.12),('2008-04-17',27.83,26.06,30.56,1009.4,81.08,0.49),('2008-04-18',28.89,27.83,30.67,1009.2,78.51,0),('2008-04-19',28.22,27.33,30.67,1009.2,78.09,0),('2008-04-20',28.17,26.17,30.56,1008,80.2,0),('2008-04-21',29.33,28.33,31.06,1007.6,78.85,0),('2008-04-22',28.56,27.06,31.06,1008.7,78.26,0.2),('2008-04-23',29.22,27.67,31.33,1009.7,74.49,0),('2008-04-24',28.72,27.67,30.06,1010.6,77.4,0),('2008-04-25',28.83,27.33,31.33,1010.8,76.01,0),('2008-04-26',27.22,26.33,29.06,1010.3,84.69,0.67),('2008-04-27',26.44,24.83,29.06,1008.9,88.58,0.17),('2008-04-28',25.67,24.06,27.33,1008.5,91.49,2.98),('2008-04-29',26.06,24.67,27.67,1008.9,89.52,2.21),('2008-04-30',27.22,25.83,29.06,1008.6,85.18,0.59),('2008-05-01',27.44,25.56,29.56,1008.1,86.75,0),('2008-05-02',28,26.67,31.06,1007.1,82.17,0),('2008-05-03',28.17,26.56,30.67,1008.2,82.28,0),('2008-05-04',28,27.06,30.06,1008.8,84.74,0.17),('2008-05-05',29.06,26.67,31.67,1008.1,82.45,0),('2008-05-06',28.39,27.17,30.83,1008.7,82.94,0),('2008-05-07',28.17,26.56,31.33,1008.5,81.13,0),('2008-05-08',27.39,26.67,28.56,1007.5,82.31,0),('2008-05-09',28.72,26.83,32.17,1005.3,82.87,0),('2008-05-10',28.44,26.17,32.83,1005.3,80.28,0),('2008-05-11',28.44,26.67,32.33,1005.3,80.13,0),('2008-05-12',27.11,26.06,29.06,1005.7,85.65,0.04),('2008-05-13',25.28,25.06,25.67,1006.8,92.33,6.62),('2008-05-14',24.72,23.83,25.67,1005.6,95.18,0.74),('2008-05-15',26.22,24.67,28.83,1004.6,90.7,0.04),('2008-05-16',26.39,25.83,27.17,1005.7,88.57,0.29),('2008-05-17',28,25.56,31.56,1005.1,79.35,0),('2008-05-18',28.33,27.17,30.67,1005.8,74.68,0),('2008-05-19',27.33,26.83,28.56,1009.5,79.86,0),('2008-05-20',27.28,26.17,29.67,1010,86.43,3.87),('2008-05-21',27.56,25.83,31.17,1010.7,84.83,0),('2008-05-22',27.89,26.17,30.67,1009.8,82.04,0),('2008-05-23',28.22,26.67,30.83,1008.9,83.1,0.08),('2008-05-24',28.28,26.67,31.83,1006.6,83.13,0),('2008-05-25',27.72,26.67,30.83,1007.6,85.48,0.02),('2008-05-26',27.06,24.83,29.67,1009,85.43,0.02),('2008-05-27',27.22,25.33,29.83,1008,87.7,0.02),('2008-05-28',27.56,25.06,30.83,1007.5,83.77,0),('2008-05-29',26.78,25.17,28.33,1008.8,86.23,0),('2008-05-30',28.78,27.17,31.83,1008.9,79.76,0),('2008-05-31',28.83,27.17,32.17,1008.9,80.12,0),('2008-06-01',29.44,27.33,32.17,1008.8,79.32,0),('2008-06-02',28.5,26.67,32.06,1009.7,82.25,0.96),('2008-06-03',28,25.17,31.33,1010.7,85.58,0),('2008-06-04',28.06,25.56,31.33,1010.6,83.07,0),('2008-06-05',28.83,26.83,30.83,1009.1,84.92,0.16),('2008-06-06',29.22,28.17,31.17,1009.1,77.25,0.12),('2008-06-07',27.67,25.83,30.83,1010.6,84.78,0.79),('2008-06-08',27.83,25.67,29.17,1011.1,84.87,0.48),('2008-06-09',28.56,27.17,30.33,1010.9,81.5,0),('2008-06-10',27.61,24.83,30.33,1010.7,83.15,0.43),('2008-06-11',28.22,25.83,30.33,1010.6,81.85,0.02),('2008-06-12',28.28,26.33,29.33,1009.5,81.51,0),('2008-06-13',27.72,26.67,29.33,1008.6,83.02,0),('2008-06-14',28.67,26.83,31.33,1010.1,82.25,0),('2008-06-15',28.33,26.83,31.17,1010,80.82,0),('2008-06-16',28.06,26.67,31.33,1009.9,80.63,0),('2008-06-17',27.56,26.06,30.67,1010.4,82.72,0.02),('2008-06-18',27.28,26.17,28.33,1010.9,81.24,0),('2008-06-19',29.33,28.17,30.83,1009.4,82.26,0.44),('2008-06-20',27.67,26.83,28.67,1007.3,86.05,0.47),('2008-06-21',25.67,24.56,27.83,1001.6,91.86,10.78),('2008-06-22',24.22,23.17,25.06,1000.4,95.3,1.22),('2008-06-23',26.72,24.06,30.33,1004.7,82.88,0.21),('2008-06-24',29.28,26.83,32.17,1008,79.86,0.01),('2008-06-25',29.11,27.06,31.56,1009.8,79.19,0),('2008-06-26',28.06,26.33,31.17,1010.6,79.61,0),('2008-06-27',28.17,25.83,30.67,1010.1,81.2,0),('2008-06-28',27.61,26.17,30.17,1010.3,83.1,0),('2008-06-29',25.94,25.56,26.83,1011.3,85.13,0.24),('2008-06-30',27.11,25.06,30.33,1011.3,80.09,0),('2008-07-01',28.33,27.06,30.17,1011.7,77.7,0),('2008-07-02',26.94,25.56,29.06,1010.5,88.6,0.5),('2008-07-03',27.28,25.33,29.83,1010.1,87.13,0.08),('2008-07-04',26.28,25.06,27.83,1009.5,90.38,1.22),('2008-07-05',27.67,25.67,30.06,1009.6,84.3,0),('2008-07-06',28.11,25.67,31.33,1009.2,80.81,0.08),('2008-07-07',26.89,26.56,27.17,1009.3,86.05,0.75),('2008-07-08',27.33,25.67,30.67,1009.9,84.36,0),('2008-07-09',28.22,26.33,30.83,1011.2,83.22,0),('2008-07-10',28.61,26.83,31.83,1010.4,81.31,0),('2008-07-11',28,25.83,31.83,1009,82.11,0),('2008-07-12',28.33,27.17,30.67,1008.9,80.62,0),('2008-07-13',28.39,26.83,30.17,1009.2,81.78,0),('2008-07-14',28,26.56,30.67,1009.5,82.31,0),('2008-07-15',26.33,25.06,27.33,1007.3,88.36,0.13),('2008-07-16',26.72,26.06,28.56,1006.3,83.59,0.04),('2008-07-17',27.22,25.67,29.56,1008.1,84.85,0),('2008-07-18',28.28,26.83,30.67,1009.3,79.3,0),('2008-07-19',28.22,26.17,31.83,1010.1,80.77,0),('2008-07-20',28.83,27.06,31.56,1010,78.81,0),('2008-07-21',28.94,27.33,31.83,1008.8,83.71,0),('2008-07-22',27.83,25.83,31.33,1007.3,86.45,0.26),('2008-07-23',27.94,26.67,30.17,1008.6,84.45,0),('2008-07-24',28,25.33,32.06,1008.5,84.82,0),('2008-07-25',27.83,25.33,32.33,1008.2,84.67,0.59),('2008-07-26',28.28,26.17,32.67,1006.8,83.68,0.16),('2008-07-27',27.44,24.33,31.67,1006.6,81.8,0.31),('2008-07-28',27.39,25.56,29.67,1007.5,83.88,0.08),('2008-07-29',27.67,26.17,30.67,1008.6,82.54,0),('2008-07-30',27.39,25.83,30.56,1008.5,87.17,0),('2008-07-31',26.33,25.33,27.33,1009.4,89.76,0.08),('2008-08-01',26.94,25.83,28.67,1008.6,86.55,0),('2008-08-02',26.78,25.56,29.83,1006.3,88.68,0.21),('2008-08-03',26.94,24.67,29.83,1005.9,88.34,0.2),('2008-08-04',27.17,24.33,31.33,1007,87.78,0.28),('2008-08-05',27.61,25.33,31.06,1006.8,85.9,0),('2008-08-06',27.83,26.33,30.33,1006.9,82.54,0),('2008-08-07',28,25.67,31.33,1007.4,81.47,0),('2008-08-08',28,25.83,30.83,1007.8,86.2,0),('2008-08-09',28.67,26.83,31.83,1007.3,80.18,0),('2008-08-10',28.56,25.67,31.67,1007.9,81.31,0),('2008-08-11',28.83,27.17,31.56,1009.8,80.13,0),('2008-08-12',28.78,26.06,32.33,1010.5,81.5,0),('2008-08-13',27.22,25.33,30.83,1010.4,89,0.16),('2008-08-14',27.06,25.17,30.67,1008.8,84.66,0),('2008-08-15',26.72,25.33,29.67,1007.8,85.41,0),('2008-08-16',26.78,25.56,28.33,1008.7,85.67,0.83),('2008-08-17',26.72,24.83,28.17,1009.9,90.68,0.12),('2008-08-18',28.06,26.06,30.56,1010.5,84.17,0),('2008-08-19',27.56,26.67,29.06,1009.8,85.55,0),('2008-08-20',26.44,24.33,29.17,1009,82.97,0),('2008-08-21',28.78,26.56,30.67,1010,76.32,0),('2008-08-22',27.72,25.67,31.06,1010.6,78.99,0),('2008-08-23',29.67,27.67,32.67,1009.7,78.21,0),('2008-08-24',27.11,25.67,28.83,1009.7,86.8,0.23),('2008-08-25',27.39,26.17,30.17,1009.6,86.27,0.39),('2008-08-26',28.94,27.83,31.06,1009.3,81.55,0.01),('2008-08-27',26.72,25.56,28.17,1010.2,89.29,0),('2008-08-28',27.78,26.67,29.67,1010.6,82.48,0),('2008-08-29',28.06,25.67,31.83,1009.8,78.94,0),('2008-08-30',28.67,27.06,30.83,1009.6,79,0),('2008-08-31',28.5,26.67,32.17,1010.2,79.42,0),('2008-09-01',28.67,26.67,31.33,1010,79.67,0.09),('2008-09-02',28.22,25.83,31.17,1010.8,81.49,0),('2008-09-03',28.67,26.56,31.56,1009.2,81.11,0),('2008-09-04',27.44,23.67,31.17,1009.7,85.18,1.81),('2008-09-05',27.94,24.67,31.33,1009.5,86.74,0.35),('2008-09-06',26.89,24.83,28.33,1009.9,88.09,1.33),('2008-09-07',27.89,26.06,30.67,1009.1,84.49,0),('2008-09-08',28.44,25.83,32.17,1007.3,81.97,0.04),('2008-09-09',27.83,26.67,30.67,1006.1,82.45,0),('2008-09-10',27.67,25.83,30.67,1007,79.22,0.04),('2008-09-11',27.61,25.17,30.83,1007.3,80.55,0.04),('2008-09-12',26.94,26.83,27.17,1007.5,85.52,0.04),('2008-09-13',27.22,24.67,30.06,1008.4,84.34,0),('2008-09-14',28.11,26.06,31.67,1009.1,84.72,0.28),('2008-09-15',28.61,25.67,31.67,1008.1,82.94,0),('2008-09-16',28.39,26.83,30.33,1008.6,85.56,0),('2008-09-17',27.67,25.67,30.83,1009.5,86.08,0),('2008-09-18',27,25.06,29.83,1010.1,88.2,3.18),('2008-09-19',26.56,24.33,28.67,1010,88.42,1.93),('2008-09-20',28.28,26.83,31.33,1008,81.28,0),('2008-09-21',27.61,26.17,29.33,1004.3,82.83,0.04),('2008-09-22',26.44,26.17,26.83,1002.1,90.94,0.16),('2008-09-23',26.17,25.06,27.33,1005.1,93.42,0.79),('2008-09-24',27.44,25.33,30.67,1008.6,83.55,0.2),('2008-09-25',27.5,26.17,29.83,1008.9,85.31,0.04),('2008-09-26',27.44,26.17,29.33,1006.9,84.89,0),('2008-09-27',26.94,25.67,29.83,1006.8,87.37,0.04),('2008-09-28',28,25.06,31.33,1007.9,83.17,0.12),('2008-09-29',27.61,26.33,30.06,1009.8,84.71,0),('2008-09-30',27.39,25.17,30.67,1009.8,82.7,0),('2008-10-01',24.72,23.33,27.33,1008.9,95.15,1.93),('2008-10-02',26.61,25.17,27.83,1009.3,90.83,0.2),('2008-10-03',27.83,26.17,30.83,1011.8,85.28,0),('2008-10-04',28.39,26.83,31.67,1010.5,81.97,0.12),('2008-10-05',27.39,24.83,30.83,1010.6,86.18,0.51),('2008-10-06',26.56,25.06,29.83,1011.2,88.28,0.04),('2008-10-07',27.11,24.33,29.67,1011,85.28,0),('2008-10-08',27.89,25.33,30.67,1010.6,81.08,0),('2008-10-09',27.11,25.83,27.83,1010.6,87.96,0.36),('2008-10-10',25.39,25.17,25.83,1010.1,92.38,1.04),('2008-10-11',27.33,24.67,29.83,1010.6,88.2,0.98),('2008-10-12',27.94,25.56,30.83,1010.4,84.6,0),('2008-10-13',28.06,26.83,30.33,1010,86.87,0.08),('2008-10-14',26.78,24.83,29.67,1010.3,90.87,0.6),('2008-10-15',27.33,26.06,29.83,1010.1,86.9,0),('2008-10-16',28.06,25.67,30.17,1009.3,85.99,0.02),('2008-10-17',28.67,27.17,30.67,1009.2,83.03,0.03),('2008-10-18',28,26.67,30.17,1009.7,84.13,0.47),('2008-10-19',28.94,27.33,31.17,1009.2,82.85,0),('2008-10-20',27.39,26.17,28.83,1009.7,90.09,0.16),('2008-10-21',28.72,27.33,30.67,1009.2,82.7,0),('2008-10-22',29,28.17,30.56,1009.4,83.88,0.04),('2008-10-23',28.17,25.83,31.17,1011.1,87.03,0.06),('2008-10-24',27.39,24.67,30.67,1013,88.89,2.71),('2008-10-25',28.44,26.83,30.67,1012.4,84.52,0.09),('2008-10-26',28,27.17,30.06,1011.9,89.39,0.63),('2008-10-27',28.44,26.83,30.17,1011.6,84.53,0),('2008-10-28',28,26.83,29.67,1010.5,89.15,0.07),('2008-10-29',27.5,25.56,30.06,1011.4,89.15,0.22),('2008-10-31',26.72,25.67,28.06,1012.4,90.89,0.37),('2008-11-01',27.28,25.67,29.83,1012.1,89.67,0.41),('2008-11-02',27.89,25.83,29.67,1011.7,89.24,0.02),('2008-11-03',25.39,23.17,26.67,1013.2,93.55,8.12),('2008-11-04',27.44,24.83,30.17,1012.3,87.69,1.18),('2008-11-05',27.78,26.67,30.17,1011.5,86.88,0.12),('2008-11-06',26.67,24.83,28.33,1009.9,89.52,0.51),('2008-11-07',25.11,24.83,25.67,1008.8,94.81,7.18),('2008-11-08',26.61,23.83,29.67,1009.2,89.3,2.01),('2008-11-09',25.89,24.83,27.33,1006.7,93.69,0.3),('2008-11-10',27.17,24.83,29.17,1007.5,89.03,0),('2008-11-11',26.33,24.83,27.33,1008.4,90.22,5.29),('2008-11-12',25,24.17,26.56,1009.5,94.49,5.75),('2008-11-13',25.22,23.83,26.83,1010.9,92.48,4.6),('2008-11-14',26.94,24.67,29.33,1010,83.18,0.12),('2008-11-15',27.5,26.67,28.56,1008.9,86.42,0.02),('2008-11-16',28,27.06,29.67,1008.3,85.14,0.33),('2008-11-17',27,25.33,29.67,1009,88.58,0.24),('2008-11-18',27.39,25.56,29.83,1009.7,86.49,0.2),('2008-11-19',27.94,26.67,29.83,1011.4,84.53,0),('2008-11-20',27.78,26.33,29.83,1012.1,84.48,0),('2008-11-21',27.17,26.83,27.83,1012.8,85.57,0),('2008-11-22',27.17,25.83,29.67,1011.6,88.11,0.12),('2008-11-23',27.44,25.83,29.67,1011,87.51,0.83),('2008-11-24',27.94,26.56,30.56,1011.2,84.52,0),('2008-11-25',27.72,26.56,30.67,1011.2,87.6,0.25),('2008-11-26',27.44,25.67,29.83,1010.3,87.19,0.67),('2008-11-27',27.83,26.33,30.33,1011.1,85.48,0.01),('2008-11-28',27.83,26.56,30.06,1012.3,83.2,0),('2008-11-29',27,26.17,28.67,1013.4,85.46,0.01),('2008-11-30',24.83,24.56,25.17,1012.9,96.48,1.31),('2008-12-01',25.72,24.17,28.33,1011.8,90.38,0.03),('2008-12-02',26.61,25.83,28.06,1010.6,89.61,0),('2008-12-03',26,25.56,27.06,1009.9,90.56,0.28),('2008-12-04',26.11,25.17,27.67,1010.7,90.92,0.04),('2008-12-05',25.67,25.17,26.33,1012.4,94.52,0.4),('2008-12-06',25.61,24.67,26.67,1012.6,83.7,0.14),('2008-12-07',24.94,24.17,25.67,1013.6,85.22,0.26),('2008-12-08',25.17,24.17,26.67,1012.4,81.37,0.08),('2008-12-09',25.67,24.33,27.06,1010.5,90.52,0.08),('2008-12-10',26.17,25.33,26.83,1011.7,90.27,0.04),('2008-12-11',26.72,25.83,28.56,1010.8,89.6,0.03),('2008-12-12',26,25.17,27.06,1010.7,90.45,0.04),('2008-12-13',26.44,24.83,28.33,1011.3,86.53,0),('2008-12-14',26,24.83,27.33,1011.3,86.32,0.02),('2008-12-15',25.17,24.33,26.56,1011.4,86.79,0.08),('2008-12-16',25.28,24.17,27.56,1012.6,77.22,0),('2008-12-17',25.22,23.67,27.67,1013.4,74.5,0),('2008-12-18',25.44,24.33,26.83,1013.1,81.47,0),('2008-12-19',24.56,24.17,25.06,1013.2,86.37,0.16),('2008-12-20',24.06,23.17,24.67,1012.9,90.37,0.12),('2008-12-21',25.5,23.67,27.83,1011.6,88.42,0.02),('2008-12-22',26.5,25.06,29.06,1010.9,86.71,0),('2008-12-23',26.33,25.67,28.06,1011.6,89.26,0),('2008-12-24',26.11,25.17,27.83,1011.3,91.31,0.06),('2008-12-25',26.06,24.83,27.33,1011.8,91.4,0.71),('2008-12-26',25.72,25.06,27.33,1012.8,83.84,0),('2008-12-27',25.89,25.06,27.67,1012.9,82.92,0.08),('2008-12-28',25.28,24.67,26.67,1012.8,84.2,0.08),('2008-12-29',24.78,23.67,26.67,1011.6,91.72,0.59),('2008-12-30',25.44,24.67,27.56,1011.3,91.99,0.26),('2008-12-31',24.56,24.17,24.83,1010.5,91.38,0.28),('2009-01-01',24.78,23.67,26.83,1011.5,89.62,0.35),('2009-01-02',23.5,22.83,24.33,1014.5,84.62,0.12),('2009-01-03',23.83,22.67,26.17,1014.6,83.87,0.06),('2009-01-04',24.17,22.67,26.56,1013.2,82.84,0),('2009-01-05',25,24.06,26.56,1012.4,79.22,0),('2009-01-06',25.33,24.67,26.67,1012,85.74,0.08),('2009-01-07',25.61,24.67,27.06,1011.4,91.23,0.03),('2009-01-08',26,24.33,28.33,1011.6,90.73,0.06),('2009-01-09',24.5,23.56,25.67,1012.8,88.54,0.04),('2009-01-10',24.06,23.83,24.33,1013.4,88.1,0),('2009-01-11',23,22.56,23.67,1015.2,86.11,0.1),('2009-01-12',22.33,21.56,24.06,1017,90.54,0.49),('2009-01-13',23,21.17,24.83,1018.4,81.98,0.2),('2009-01-14',22.83,22.33,23.06,1018.8,78.96,0.03),('2009-01-15',22.56,21.83,23.33,1019,76.3,0),('2009-01-16',23.06,21.56,24.06,1017.5,79.1,0.07),('2009-01-17',23.28,22.17,24.83,1016.6,84.63,0.08),('2009-01-18',24.28,22.33,26.33,1014.1,89.38,0.28),('2009-01-19',25.22,24.17,27.33,1011.9,89.78,0.01),('2009-01-20',24.94,24.67,25.33,1012.6,93.27,0),('2009-01-21',25.33,24.83,26.67,1012.2,91.07,0.03),('2009-01-22',26.06,24.33,28.67,1010.4,90.51,0.04),('2009-01-23',26.72,24.67,29.56,1010.6,87.97,0),('2009-01-24',25.5,24.33,27.33,1012.1,87.97,0.18),('2009-01-25',24.33,23.56,26.33,1013.6,82.71,0.16),('2009-01-26',24.22,22.67,26.17,1013.6,87.22,0.02),('2009-01-27',24.83,23.56,26.83,1012,89.55,0),('2009-01-28',25.83,24.56,28.06,1011.4,87.75,0),('2009-01-29',25.72,24.83,27.83,1011.2,87.63,0.01),('2009-01-30',26.17,24.67,28.83,1010.6,85.06,0),('2009-01-31',25.94,25.17,28.17,1012.1,83.6,0),('2009-02-01',25.22,24.17,27.17,1014.1,81.45,0.16),('2009-02-02',25.06,24.06,27.56,1014.3,81.69,0),('2009-02-03',24.78,23.06,27.56,1012.9,84.53,0.04),('2009-02-04',25.17,23.83,27.33,1012.7,81.13,0.06),('2009-02-05',24.06,23.33,25.17,1012.1,86.68,0.06),('2009-02-06',23.83,23.06,25.06,1011.1,92.49,0.35),('2009-02-07',24.56,22.67,26.17,1011.7,91.78,0.37),('2009-02-08',24.5,24.06,25.06,1012.9,92.49,0.18),('2009-02-09',24.83,24.17,25.67,1013.6,89.91,0),('2009-02-10',25.56,24.17,28.33,1012.5,86.77,0.01),('2009-02-11',26.06,24.56,28.56,1011.6,81.71,0),('2009-02-12',25.67,23.83,28.33,1010.5,83.03,0),('2009-02-13',26.61,24.33,28.83,1010.3,80.28,0),('2009-02-14',25.61,24.17,28.56,1009.9,85.95,0.08),('2009-02-15',25.56,24.33,28.17,1010.6,89.44,0.16),('2009-02-16',26.28,24.83,29.67,1010.7,91.22,0.36),('2009-02-17',27.17,25.67,29.56,1011.4,87.55,0),('2009-02-18',27.39,26.17,29.56,1011.2,85.47,0),('2009-02-19',27.06,26.17,28.33,1011.5,88.16,0.04),('2009-02-20',27.11,26.06,29.17,1012.8,83.19,0),('2009-02-21',26.61,24.33,29.17,1012.1,85.9,0),('2009-02-22',27.06,25.67,29.67,1011,84.79,0),('2009-02-23',27.44,25.83,29.83,1011.2,84.76,0),('2009-02-24',27.94,25.83,30.06,1011.4,80.49,0.08),('2009-02-25',26.39,25.83,27.33,1011.1,87.56,0.01),('2009-02-26',26.44,25.67,27.33,1011,88.12,0.03),('2009-02-27',25.94,25.33,26.83,1012,90.29,0),('2009-02-28',26.89,26.06,29.17,1012.3,84.64,0.04),('2009-03-01',25.94,25.33,26.17,1012.4,88.62,0.16),('2009-03-02',25.11,23.67,28.33,1012.6,90.98,1.6),('2009-03-03',26.17,24.83,28.33,1012.2,87.35,0),('2009-03-04',27.22,25.67,29.33,1011.5,85.6,0.04),('2009-03-05',27.28,26.17,29.56,1011.6,84.64,0.03),('2009-03-06',27.11,25.83,29.33,1012.4,83.7,0),('2009-03-07',27.33,26.17,30.06,1012.4,81.59,0.01),('2009-03-08',27.83,25.67,30.56,1012.1,81.38,0),('2009-03-09',27.5,25.83,30.17,1012.4,86.11,0.34),('2009-03-10',26.39,23.06,30.33,1012,81.63,0),('2009-03-11',27.78,26.17,30.83,1012.2,81.09,0),('2009-03-12',28.28,26.33,30.67,1012.4,82.95,0),('2009-03-13',28.06,26.83,30.06,1012.4,81.82,0),('2009-03-14',28.17,27.06,30.33,1012.6,79.09,0),('2009-03-15',27.39,25.67,30.33,1012.1,78.42,0.09),('2009-03-16',26.67,25.33,28.06,1012.1,83.98,0.07),('2009-03-17',26.78,25.67,28.67,1011,87.7,0),('2009-03-18',27.72,25.83,30.17,1011.6,82.63,0.35),('2009-03-19',28.22,26.17,30.67,1011.7,79.74,0),('2009-03-20',28.11,27.17,30.06,1011.9,76.22,0),('2009-03-21',27,24.06,31.06,1011.5,80.61,0),('2009-03-22',26.72,23.67,31.06,1011.3,82.9,0),('2009-03-23',27.28,24.33,31.83,1011.5,78.35,0),('2009-03-24',27.78,25.06,31.67,1011.5,78.89,0),('2009-03-25',26.83,25.33,28.83,1012.2,85.26,0),('2009-03-26',26.72,25.06,28.67,1012.7,85.46,0.24),('2009-03-27',28.39,26.33,31.56,1012.5,80.44,0),('2009-03-28',28.5,26.83,31.33,1011.1,81,0),('2009-03-29',28.33,26.33,31.33,1010.5,82.91,0),('2009-03-30',28.17,26.06,31.33,1010.6,81.56,0),('2009-03-31',26.11,25.67,26.83,1011.4,90.94,0.54),('2009-04-01',26.94,25.83,28.33,1011.9,84.11,0.16),('2009-04-02',27.33,25.67,30.33,1012.7,83.7,0.04),('2009-04-03',26.89,26.17,28.17,1013,86.74,0.26),('2009-04-04',27.44,25.67,30.67,1012.5,85.1,0),('2009-04-05',28.17,26.33,30.67,1011.8,82.91,0.01),('2009-04-06',28.33,26.83,30.67,1010.3,81.73,0.01),('2009-04-07',28.72,26.83,31.33,1010.9,77.88,0),('2009-04-08',27.06,25.06,29.56,1011,87.3,4.88),('2009-04-09',28.22,26.33,30.56,1010.8,81.32,0.16),('2009-04-10',28.5,26.33,30.56,1010.6,81.13,0),('2009-04-11',29.17,28.17,31.06,1010.5,75.06,0),('2009-04-12',28.39,27.17,30.67,1009.6,81,0),('2009-04-13',27.83,25.06,30.83,1008.3,84.59,1.77),('2009-04-14',28.33,26.06,31.83,1008.5,80.89,0),('2009-04-15',28.83,27.17,31.33,1006.9,81.84,0),('2009-04-16',28.56,25.83,31.56,1007.8,83.57,0.04),('2009-04-17',29.28,26.83,32.83,1007.6,84.79,0.03),('2009-04-18',27.83,26.33,30.06,1009.7,85.25,0),('2009-04-19',27.56,25.33,31.17,1007.7,84.15,0),('2009-04-20',27.61,25.83,31.17,1006.9,87.46,2.14),('2009-04-21',25.78,24.33,27.56,1007.1,92.4,0.66),('2009-04-22',27.17,24.06,31.33,1008.1,88.92,0.02),('2009-04-23',27.06,25.33,30.17,1008.4,90.38,0.24),('2009-04-24',26.56,25.06,28.67,1009.9,90.22,0.12),('2009-04-25',27.28,26.17,29.17,1010.5,90.7,0.02),('2009-04-26',26.89,25.56,28.67,1010.4,89.85,0.12),('2009-04-27',26.44,25.17,28.33,1010.1,89.36,0.12),('2009-04-28',26.17,25.17,28.67,1010.6,91.35,0.12),('2009-04-29',26.5,24.83,28.06,1010.5,89.45,0.19),('2009-04-30',24.39,24.06,25.06,1009.8,96.91,3.52),('2009-05-01',26.11,24.06,28.33,1009.7,88.61,0.18),('2009-05-02',26.94,26.17,28.67,1009,83.79,0.02),('2009-05-03',27.28,25.06,30.67,1009,82.31,0),('2009-05-04',27.61,25.17,30.56,1009.3,82.61,0),('2009-05-05',26.28,24.17,28.33,1010.7,89.42,3.29),('2009-05-06',25.72,24.83,27.06,1010.2,90.99,0.32),('2009-05-07',24.89,24.17,25.33,1007.3,96.92,3.62),('2009-05-08',26.22,24.67,30.06,1007.5,93.41,1.15),('2009-05-09',26.39,25.06,28.83,1008.5,89.83,1.77),('2009-05-10',26.89,24.83,29.33,1009.2,87.74,0.63),('2009-05-11',26.83,24.67,29.17,1009.5,88.87,0.08),('2009-05-12',27,24.67,29.67,1009.3,87.66,1.5),('2009-05-13',27.83,26.83,30.06,1008.1,86.81,0.06),('2009-05-14',28.22,27.06,30.33,1008.1,85.73,0.04),('2009-05-15',28.28,26.67,30.17,1010,84.91,0),('2009-05-16',28.5,27.17,30.67,1010.8,83.46,1),('2009-05-17',27.61,25.67,29.33,1010.9,87.13,0.54),('2009-05-18',28.33,26.33,30.56,1010,84.56,0),('2009-05-19',26.89,26.33,27.56,1009.4,87.22,1.55),('2009-05-20',27.78,27.33,28.56,1009.1,88.58,0.24),('2009-05-21',27.33,25.06,30.06,1010.2,86.77,0.37),('2009-05-22',28,26.33,30.17,1010,88.94,0.41),('2009-05-23',27.78,25.83,30.56,1009.1,85.68,0.36),('2009-05-24',27.56,25.67,30.33,1009.1,82.69,0.02),('2009-05-25',27.5,24.56,30.67,1009.1,85.79,1.3),('2009-05-26',27.83,26.33,30.17,1009.1,85.74,0.04),('2009-05-27',28.17,25.67,31.17,1008.6,85.32,0),('2009-05-28',28.61,26.33,31.67,1008.6,88.3,0),('2009-05-29',28.06,26.17,31.67,1007.7,85.18,0),('2009-05-30',27.11,25.67,29.06,1007.3,88.95,0.32),('2009-05-31',26.89,25.17,29.83,1006.9,90.86,0.16),('2009-06-01',27,25.33,30.06,1006.3,89.51,0.24),('2009-06-02',26.94,26.06,28.67,1006.6,93.66,0.04),('2009-06-03',27.78,25.67,31.06,1006.8,83.89,0.02),('2009-06-04',29.11,26.83,32.33,1006.6,78.97,0.02),('2009-06-05',28.28,26.56,31.83,1005.7,82.34,0.14),('2009-06-06',25.33,25.17,25.56,1005.3,96.06,1.3),('2009-06-07',26.78,24.67,29.56,1006.3,89.95,0.08),('2009-06-08',26.5,25.56,28.33,1008.6,91.67,0.12),('2009-06-09',27,25.06,28.83,1010.3,87.07,0.04),('2009-06-10',28.94,26.17,31.67,1010.1,83.73,0),('2009-06-11',28.28,26.33,30.67,1009.6,84.3,0),('2009-06-12',29.5,26.56,32.56,1009,79.14,0),('2009-06-13',28.89,26.17,32.33,1009.4,83.06,0),('2009-06-14',29,27.06,32.17,1008,82.55,0),('2009-06-15',27.06,26.17,27.67,1006.4,88.2,0.16),('2009-06-16',27.5,25.56,31.33,1006.9,87.07,0.24),('2009-06-17',26.44,25.17,28.56,1008.6,91.89,0.43),('2009-06-18',27.94,24.67,31.17,1007.5,84.97,0.02),('2009-06-19',29.06,26.06,32.17,1007.6,83.2,0.01),('2009-06-20',29.11,27.17,31.83,1008.6,79.19,0),('2009-06-21',28.83,27.33,31.67,1009.1,81.69,0),('2009-06-22',29,27.33,32.17,1009,82.01,0),('2009-06-23',26.83,25.06,31.17,1007.6,89.96,0.71),('2009-06-24',25.06,23.83,26.06,1002.3,95.41,3.04),('2009-06-25',25.72,24.17,27.67,1007,94.6,0.12),('2009-06-26',27.56,25.67,29.83,1009.6,88.05,0),('2009-06-27',28.5,26.56,31.33,1009.6,83.07,0),('2009-06-28',28,27.06,29.67,1009.5,89.24,0.59),('2009-06-29',28.5,26.56,31.06,1009.9,82.92,0),('2009-06-30',27.67,25.56,30.83,1010.2,84.87,0),('2009-07-01',28.44,27.06,31.56,1010.4,84.49,0),('2009-07-02',27.72,25.83,31.56,1009.8,85.01,0),('2009-07-03',27.22,24.33,31.56,1009.5,84.16,0.11),('2009-07-04',27.89,25.67,31.67,1010.3,82.68,0.01),('2009-07-05',28.17,26.06,30.67,1010.4,82.18,0.04),('2009-07-06',28.72,27.17,31.67,1010,81.02,0),('2009-07-07',29.5,27.83,31.56,1008.1,78.64,0),('2009-07-08',28.89,27.56,31.33,1007,83.52,0.08),('2009-07-09',28.61,26.67,32.17,1006,81.32,0),('2009-07-10',27.28,25.67,29.33,1004.7,89.32,0.31),('2009-07-11',27.11,25.17,28.83,1004.7,88.98,0.02),('2009-07-12',27.83,26.33,29.83,1005,83.92,0),('2009-07-13',26.5,25.67,28.06,1007.3,91.95,0.64),('2009-07-14',27.06,25.06,30.06,1007.6,89.81,0.12),('2009-07-15',26.89,25.17,28.17,1007.1,91.27,0.28),('2009-07-16',26,25.17,27.17,1006.2,94.81,0.83),('2009-07-17',25.11,24.56,25.83,1005.4,95.06,0.91),('2009-07-18',27.39,24.06,31.06,1006.9,84.15,0.1),('2009-07-19',28.11,26.67,31.06,1008.5,85.13,0),('2009-07-20',26.89,25.33,29.33,1010.5,88.1,0.28),('2009-07-21',26.5,24.17,30.06,1010.8,89.45,2.17),('2009-07-22',28.17,25.83,32.17,1009.3,83.39,0),('2009-07-23',27.94,25.06,32.17,1009,84.17,0),('2009-07-24',28.56,26.56,32.06,1008.7,83.73,0),('2009-07-25',29.11,27.17,32.17,1008,79.77,0),('2009-07-26',26.94,25.83,28.83,1007.4,89.32,0.14),('2009-07-27',26.83,25.56,29.83,1006.5,88.66,0.04),('2009-07-28',27.06,25.33,29.33,1006.4,86.66,0.08),('2009-07-29',27.83,25.56,30.33,1006.8,86.35,0.02),('2009-07-30',27.89,25.83,30.83,1005.4,82.62,0),('2009-07-31',28.89,27.06,31.83,1003.2,80.82,0.02),('2009-08-01',26.28,24.83,27.33,1000.2,90.24,2.35),('2009-08-02',27,26.06,27.56,999.1,87.56,0.2),('2009-08-03',27.5,26.17,28.06,1003.4,89.07,0.3),('2009-08-04',28.11,27.06,30.56,1005,85.22,0.1),('2009-08-05',28.56,26.83,31.17,1004,83.81,0.01),('2009-08-06',28.94,27.83,31.17,1002,78.27,0),('2009-08-07',28.5,27.17,30.17,1001.9,83.97,0.24),('2009-08-08',29.72,27.06,32.83,1003.2,74.18,0),('2009-08-09',29.78,28.17,33.17,1003.4,74.11,0),('2009-08-10',29.78,27.56,32.56,1007.3,77.89,0),('2009-08-11',29.17,27.67,31.83,1009.6,80.01,0),('2009-08-12',29.22,28.17,31.67,1009.4,82.98,0),('2009-08-13',28.56,27.06,31.33,1008.9,86.44,0),('2009-08-14',29.5,27.83,31.83,1009.6,83.51,0),('2009-08-15',30,28.56,32.56,1010.1,77.61,0),('2009-08-16',29.5,28.06,32.56,1009.9,81.3,0),('2009-08-17',25.61,24.33,26.56,1010.6,91.54,0.67),('2009-08-18',27.17,24.67,29.67,1010.2,86.06,0.16),('2009-08-19',28.39,26.06,31.83,1010.5,82.24,0),('2009-08-20',28.89,26.33,31.83,1009.3,83.78,0),('2009-08-21',30.17,28.83,32.83,1008,76.94,0),('2009-08-22',29.28,27.06,33.33,1007.6,79.84,0),('2009-08-23',28.67,25.33,33.06,1007.7,80.85,0),('2009-08-24',29.11,25.83,33.17,1007.6,79.59,0),('2009-08-25',29.78,28.17,32.83,1008,79.5,0),('2009-08-26',29.5,28.06,32.33,1008.4,77.08,0),('2009-08-27',29.06,26.17,33.83,1008.1,79.14,0),('2009-08-28',28.61,27.06,31.17,1007.8,82.09,0),('2009-08-29',28.94,26.33,33.17,1007.2,80.56,0),('2009-08-30',28.5,27.06,31.67,1007.2,80.01,0),('2009-08-31',29.28,27.06,32.56,1007.3,78.73,0.08),('2009-09-01',28.67,26.83,31.56,1006.9,82.03,0),('2009-09-02',28.72,26.17,33.06,1004.9,81.08,0.02),('2009-09-03',27.39,26.33,29.33,1003.7,86.08,0.02),('2009-09-04',27.83,26.17,29.17,1004.7,82.17,0.01),('2009-09-05',25.89,25.06,26.56,1005.8,88.58,2.09),('2009-09-06',25.78,24.56,28.06,1005.4,90.96,0.66),('2009-09-07',26.67,25.17,28.06,1006.9,89.66,0.53),('2009-09-08',26.56,25.17,28.83,1006.9,90.42,0.24),('2009-09-09',26.94,25.17,29.67,1006.4,88.17,0.2),('2009-09-10',26.67,24.83,30.06,1007.8,89.19,0.9),('2009-09-11',26.33,25.33,27.56,1007.3,92.31,0.12),('2009-09-12',26.33,24.83,28.33,1008.5,88.52,0.02),('2009-09-13',28.11,25.67,30.56,1009.7,83.27,0.08),('2009-09-14',27.94,26.17,29.67,1010.5,85.84,0),('2009-09-15',28.39,25.33,32.06,1009.7,79.97,0),('2009-09-16',28.67,25.83,32.06,1009.5,81.11,0),('2009-09-17',29.11,26.56,32.67,1009.3,79.11,0),('2009-09-18',28.78,27.17,32.33,1008.4,81.14,0),('2009-09-19',28.78,26.33,33.06,1007.7,80.95,0.01),('2009-09-20',28.56,26.83,32.17,1007.6,83.24,0),('2009-09-21',28.17,26.83,30.33,1006.5,84.31,0),('2009-09-22',28,27.17,29.33,1006.6,88.6,0.61),('2009-09-23',27.94,25.33,30.56,1007.2,87.35,0.2),('2009-09-24',26.44,25.17,27.83,1008.1,91.45,0.04),('2009-09-25',27.44,25.33,29.17,1005.7,86.11,0.02),('2009-09-26',25.5,24.33,26.67,1000.5,91.04,1.21),('2009-09-27',25.5,24.33,26.06,1001.7,94.94,2.1),('2009-09-28',26.28,25.83,27.06,1005.1,87.73,0.8),('2009-09-29',27.78,25.06,30.17,1006.5,85.62,0.08),('2009-09-30',28.22,26.83,30.17,1009.1,83.54,0.02),('2009-10-01',27.33,25.56,29.83,1008.7,83.52,0),('2009-10-02',26.39,25.56,27.06,1005.4,89.78,0.29),('2009-10-03',27.06,25.06,31.06,1004.3,83.34,0.14),('2009-10-04',27.61,25.06,30.67,1006.6,85.8,0.12),('2009-10-05',28.22,25.67,31.33,1007.2,84.67,0.01),('2009-10-06',29.61,28.06,32.33,1005,76.23,0),('2009-10-07',27.39,24.67,29.06,1003.7,78.79,0.7),('2009-10-08',25.33,24.17,27.06,1004.8,90.66,0.42),('2009-10-09',27,25.06,30.67,1005.3,84.57,0.1),('2009-10-10',28.28,25.83,31.33,1008.3,79.57,0),('2009-10-11',27.56,25.67,31.17,1011.3,81.22,0),('2009-10-12',28.22,25.17,31.83,1012,82.29,0),('2009-10-13',28.72,27.06,30.83,1011,82.67,0),('2009-10-14',26,25.17,27.17,1009.6,87.89,2.4),('2009-10-15',26.61,24.83,28.67,1008.9,86.44,1.02),('2009-10-16',27.61,25.83,29.67,1009.4,84.06,0),('2009-10-17',27.78,26.17,31.17,1008.2,82.06,0.03),('2009-10-18',27.83,25.33,31.06,1009.5,83.81,0),('2009-10-19',28.56,26.17,32.83,1010.4,83.68,0),('2009-10-20',28.33,25.83,32.06,1010.5,82.57,0),('2009-10-21',27.89,26.06,30.06,1009.7,82,0),('2009-10-22',27.89,25.83,29.67,1007.9,80.91,0),('2009-10-23',28.11,27.17,29.83,1006.7,81.17,0),('2009-10-24',28.61,27.17,31.17,1007.4,79.1,0),('2009-10-25',28.06,26.33,31.67,1008.6,77.52,0),('2009-10-26',27.56,24.56,30.83,1010.3,76.17,0),('2009-10-27',26.94,25.67,29.17,1011.5,83.9,0.26),('2009-10-28',27.5,25.33,30.33,1012.6,75.73,0),('2009-10-29',27.22,26.06,28.67,1011.7,81.18,0.06),('2009-10-30',26.22,23.33,29.56,1006.7,80.09,0.28),('2009-10-31',24.78,21.33,28.83,1003.9,85.39,1.07),('2009-11-01',26.22,23.06,29.67,1010.2,81.5,0.01),('2009-11-02',27.11,24.06,30.17,1011.9,82.65,0),('2009-11-03',26.28,25.17,27.06,1012.9,86.68,0.06),('2009-11-04',27.11,26.33,29.06,1012.7,88.7,0.4),('2009-11-05',26.5,25.67,27.17,1011.7,85.85,0),('2009-11-06',28.11,26.06,30.56,1010.1,82.78,0.02),('2009-11-07',26.89,26.67,27.33,1010.3,87.41,0.36),('2009-11-08',26.89,25.17,29.56,1010.3,90.37,0.16),('2009-11-09',27.11,26.33,27.83,1009.3,88.34,0.04),('2009-11-10',27.83,26.17,29.83,1007.8,81.14,0.04),('2009-11-11',27.89,25.56,30.56,1008.3,81.17,0.02),('2009-11-12',28,26.83,29.67,1010.8,79.46,0),('2009-11-13',28.11,26.67,29.83,1010.5,82.36,0),('2009-11-14',27.72,25.17,30.56,1009.4,85.75,0),('2009-11-15',27.83,26.06,29.83,1009.1,82.47,0),('2009-11-16',26.78,26.17,27.17,1010.8,87.44,0.02),('2009-11-17',27.89,26.33,29.83,1011.1,83.22,0),('2009-11-18',27.72,25.83,30.17,1011.7,80.95,0),('2009-11-19',26,25.06,27.06,1012.9,86.97,0.32),('2009-11-20',25.94,24.33,28.17,1013.1,89.96,0.4),('2009-11-21',26.56,24.17,29.83,1011.6,86.96,0.38),('2009-11-22',27.17,26.06,29.17,1010.3,85.14,0),('2009-11-23',26.5,25.06,28.67,1010.7,87.67,0.02),('2009-11-24',26.5,25.33,27.17,1010.3,87.78,0),('2009-11-25',27.44,25.17,29.17,1009.5,82.55,0.67),('2009-11-26',26.61,25.17,29.33,1009.9,88.84,0.51),('2009-11-27',27.28,25.06,30.17,1010.6,86.9,0),('2009-11-28',26.56,25.67,27.83,1011.7,87.02,0.2),('2009-11-29',26.06,24.83,28.33,1012,85.39,0.39),('2009-11-30',26.83,25.17,28.83,1013.4,82.3,0.08),('2009-12-01',25.67,24.06,28.17,1013.2,84.78,0),('2009-12-02',25.78,24.67,28.17,1012.9,74.85,0),('2009-12-03',25.67,23.56,28.06,1012.3,80.86,0),('2009-12-04',24.39,23.56,26.06,1012.7,83.26,0),('2009-12-05',23.78,22.83,26.06,1013.2,89.46,0.14),('2009-12-06',24.78,22.67,27.33,1013.4,81.25,0),('2009-12-07',25.17,22.56,27.83,1013.2,83,0.31),('2009-12-08',25.89,24.06,28.33,1013.6,82.82,0),('2009-12-09',26,24.56,27.83,1012.3,81.33,0),('2009-12-10',25.06,23.83,26.67,1011.6,87.46,0.13),('2009-12-11',26.44,24.67,28.83,1011.7,88.09,0.05),('2009-12-12',26.44,24.83,29.06,1011.6,87.14,0),('2009-12-13',26.72,25.83,28.83,1012,89.22,0.39),('2009-12-14',26.61,26.06,27.67,1013.4,83.31,0),('2009-12-15',25.89,24.83,28.06,1014.4,88.9,0.01),('2009-12-16',26.17,24.83,28.56,1014.4,82.69,0),('2009-12-17',25.5,23.56,28.33,1013.8,82.56,0),('2009-12-18',25.22,23.06,28.56,1015.5,80.2,0),('2009-12-19',24.61,23.83,25.67,1016.8,91.29,0.24),('2009-12-20',26,24.06,28.83,1015.4,83.74,0.02),('2009-12-21',23.22,22.67,23.83,1016.2,90.9,0.53),('2009-12-22',24.72,23.06,27.33,1015.1,86.53,0.02),('2009-12-23',25.33,24.06,28.06,1014.1,83.51,0),('2009-12-24',25.61,24.17,28.17,1013.4,82.41,0),('2009-12-25',25.39,24.06,28.17,1011.6,82.4,0),('2009-12-26',25.78,24.67,28.56,1010.8,85.44,0),('2009-12-27',25.44,23.56,29.06,1010.9,76.84,0),('2009-12-28',25,23.17,28.67,1011.7,85.77,0),('2009-12-29',25.5,24.06,28.06,1011.7,87.61,0),('2009-12-30',25.33,24.06,27.83,1011.7,88.27,0),('2009-12-31',26.06,24.67,29.17,1012.2,83.84,0),('2010-01-01',25.11,24.06,27.06,1012.8,87.12,0),('2010-01-02',25.56,23.67,28.83,1012.5,88.1,0.08),('2010-01-03',25.22,23.83,27.06,1011.9,93.25,0),('2010-01-04',24.61,24.06,25.33,1011.1,95.18,0.37),('2010-01-05',25.17,24.06,27.17,1011.5,94.51,0),('2010-01-06',25.33,24.17,27.06,1011.6,90.96,0),('2010-01-07',25.33,24.06,28.17,1012.4,88.4,0),('2010-01-08',25,24.06,26.17,1012.6,86.13,0),('2010-01-09',25,23.17,27.67,1012.1,87.05,0),('2010-01-10',24.72,23.33,25.33,1012.2,91.26,0.06),('2010-01-11',25.56,24.06,29.33,1011.8,87.29,0),('2010-01-12',25.5,24.06,28.83,1012.5,88.75,0),('2010-01-13',25.28,24.33,26.06,1015.1,82.79,0),('2010-01-14',24.11,23.83,24.33,1016.3,83.52,0.22),('2010-01-15',23.89,23.06,25.56,1017,84.62,0.02),('2010-01-16',23.67,22.83,24.83,1015.7,92.17,0.19),('2010-01-17',23.83,23.56,24.06,1014.6,94.73,0.2),('2010-01-18',24.39,23.56,26.33,1014.6,93.9,0.24),('2010-01-19',25.61,23.56,27.83,1015,88.81,0),('2010-01-20',25.28,24.33,27.33,1016.3,89.04,0.12),('2010-01-21',24,22.67,27.33,1015.6,88.41,0.09),('2010-01-22',24.39,22.33,27.06,1016.1,82.39,0),('2010-01-23',24.06,23.06,24.83,1016.3,91.14,0.26),('2010-01-24',24.67,23.17,27.33,1015.7,88.96,0.1),('2010-01-25',24.61,23.17,27.33,1015.5,89.28,0),('2010-01-26',24.5,23.06,27.17,1015.9,88.55,0.02),('2010-01-27',24.06,23.06,24.83,1016.5,91.95,0.05),('2010-01-28',24.5,22.83,26.83,1015.5,87.93,0),('2010-01-29',25.17,23.67,27.83,1014.8,89.19,0),('2010-01-30',25,24.17,27.17,1015,89.6,0),('2010-01-31',25,23.83,27.56,1015.1,91.29,0),('2010-02-01',25.56,24.33,27.83,1013.6,91.09,0),('2010-02-02',24.83,23.06,28.06,1013.3,89.3,0),('2010-02-03',25.28,24.17,27.83,1013.9,90.54,0.03),('2010-02-04',25.39,23.83,28.56,1014.4,87.1,0),('2010-02-05',25.22,24.06,28.06,1015,86.06,0),('2010-02-06',25.56,23.67,28.56,1014.9,84.02,0),('2010-02-07',25.5,23.67,28.67,1015.3,84.25,0.01),('2010-02-08',25.67,23.06,29.06,1015.3,80.39,0),('2010-02-09',26.39,24.17,29.06,1015.4,83.69,0),('2010-02-10',26.78,24.17,30.33,1014.8,83.39,0),('2010-02-11',26.89,25.33,31.06,1015.3,83.19,0.01),('2010-02-12',26.67,24.67,29.17,1015.2,81.5,0),('2010-02-13',27,25.67,29.33,1014.6,81.67,0),('2010-02-14',26.39,24.83,28.06,1013.3,86.99,0),('2010-02-15',26.56,25.17,29.56,1013.7,89.73,0),('2010-02-16',26.61,24.56,29.83,1014.6,85.64,0),('2010-02-17',27.06,25.06,30.06,1014,77.73,0),('2010-02-18',25.06,21.67,29.33,1014.4,83.61,0),('2010-02-19',26.11,23.83,30.06,1013.9,80.07,0),('2010-02-20',25.22,22.17,28.56,1013.4,88.44,0),('2010-02-21',26.17,23.83,29.06,1013.5,81.25,0),('2010-02-22',26.17,24.56,29.56,1013.3,85.27,0),('2010-02-23',25.5,23.56,29.67,1012.3,85,0),('2010-02-24',26.22,23.33,30.06,1012,86.44,0),('2010-02-25',26.11,22.83,30.06,1012.6,86.73,0),('2010-02-26',26.33,25.06,30.06,1012.4,83.29,0),('2010-02-27',26.22,24.67,28.33,1012.4,81.54,0),('2010-02-28',26.56,24.33,29.56,1013.8,86.89,0),('2010-03-01',26.33,24.83,29.33,1014.5,84.13,0),('2010-03-02',25.89,24.33,28.06,1013.7,88.8,0),('2010-03-03',26.44,24.67,29.56,1013,89.23,0),('2010-03-04',27,24.83,29.17,1012.5,84.23,0),('2010-03-05',26.56,25.17,29.56,1013.1,86.23,0.02),('2010-03-06',26.5,24.83,28.06,1014,87.94,0),('2010-03-07',26.72,24.56,29.33,1013.6,87.1,0.03),('2010-03-08',26.89,26.06,29.06,1013.9,88.18,0.08),('2010-03-09',27,25.17,30.06,1014.2,87.38,0),('2010-03-10',26.83,25.06,30.06,1015.4,84.35,0),('2010-03-11',25.61,24.56,27.33,1016.6,90.73,0.32),('2010-03-12',25.83,24.33,29.06,1015.9,90.25,0.54),('2010-03-13',26.67,24.67,28.33,1015.4,90.67,0),('2010-03-14',26.67,25.06,28.33,1013.6,89.61,0),('2010-03-15',26.67,25.83,28.67,1013.2,89.02,0.02),('2010-03-16',26.67,25.17,29.17,1014.3,88.46,0.05),('2010-03-17',27.22,25.67,29.56,1015.1,84.32,0),('2010-03-18',27.22,26.06,29.83,1014.8,87.38,0),('2010-03-19',25.78,24.33,29.17,1013.7,89.71,0.27),('2010-03-20',25.06,24.67,25.33,1013,91.83,0),('2010-03-21',25.61,24.17,29.06,1011.5,92.47,1.54),('2010-03-22',26.28,24.67,29.17,1011.1,88.1,0.02),('2010-03-23',27,25.06,30.17,1009.8,88.61,0),('2010-03-24',26.28,25.17,28.83,1009.9,89.14,0),('2010-03-25',26.22,24.17,29.56,1009.6,88.71,0),('2010-03-26',25.28,25.06,25.83,1011.8,94.63,0.27),('2010-03-27',25.67,24.17,27.67,1013.8,88.9,0),('2010-03-28',25.5,24.56,27.17,1013.2,90.67,0.02),('2010-03-29',25.39,24.33,26.83,1013.5,87.96,0.08),('2010-03-30',25.78,24.17,28.17,1014.4,84.96,0),('2010-03-31',27.22,25.56,29.17,1013,84.08,0),('2010-04-01',27.22,25.67,29.56,1012.5,84.56,0),('2010-04-02',27.33,25.17,30.06,1012.4,85.22,0.1),('2010-04-03',27.78,25.33,30.17,1012.4,82.08,0),('2010-04-04',28.22,26.67,30.06,1012.2,79.2,0),('2010-04-05',27.83,26.17,30.83,1011.6,85.93,0),('2010-04-06',27.83,25.83,31.06,1012,85.63,0),('2010-04-07',27.39,25.67,30.33,1012.8,85.18,0),('2010-04-08',27.33,25.56,30.06,1012.7,82.26,0),('2010-04-09',27.28,25.83,30.06,1011.4,81.04,0),('2010-04-10',26.89,25.56,29.83,1010.7,84.15,0),('2010-04-11',27.44,26.06,30.56,1010.3,84.67,0),('2010-04-12',27.06,25.33,30.17,1010.7,85.54,0),('2010-04-13',26.56,24.83,29.83,1012,89.61,0.2),('2010-04-14',26.56,25.56,28.33,1012.5,91.08,0),('2010-04-15',27.5,25.33,31.33,1012.7,86.11,0.12),('2010-04-16',27.22,25.67,30.06,1013,85.54,0),('2010-04-17',27.06,26.06,29.06,1013.6,84.96,0),('2010-04-18',28,25.83,31.06,1012.9,78.06,0),('2010-04-19',27.72,26.33,29.83,1011.3,83.5,0),('2010-04-20',27.33,25.83,30.33,1011,86.5,0),('2010-04-21',27.28,25.67,29.83,1011,87.75,0.88),('2010-04-22',27,25.83,29.17,1011.6,87.7,0.67),('2010-04-23',27.72,25.83,30.06,1011.8,85.41,0),('2010-04-24',27.83,26.17,30.17,1011.6,85.99,0),('2010-04-25',27.5,26.06,30.06,1012.2,83.53,0),('2010-04-26',27.61,26.17,30.83,1013.3,85.24,0),('2010-04-27',28,26.06,31.06,1013.1,84.35,0),('2010-04-28',27.17,26.17,29.33,1011.5,88.02,0.84),('2010-04-29',27.28,25.06,29.06,1012,86.94,0.04),('2010-04-30',27.5,25.67,30.06,1012.5,85.31,0),('2010-05-01',27.39,25.33,29.83,1011.8,86.95,0.01),('2010-05-02',27.28,25.33,29.56,1010.1,86.55,0),('2010-05-03',27.72,25.83,31.17,1008.7,83.18,0),('2010-05-04',27.44,25.17,30.33,1008.2,86.78,1.32),('2010-05-05',28.06,25.67,30.83,1007.9,87.38,0.01),('2010-05-06',27.83,25.67,30.33,1008.5,85.71,1.2),('2010-05-07',28.11,25.83,30.67,1008.2,83.26,0),('2010-05-08',27.5,25.56,28.83,1007,87.91,0),('2010-05-09',27.33,26.06,29.17,1006,86.28,0.16),('2010-05-10',27.5,26.33,30.06,1007.5,89.55,0),('2010-05-11',27,25.33,29.83,1009.6,89.15,0.01),('2010-05-12',27.5,26.06,29.83,1009.1,88.58,0),('2010-05-13',27.06,25.83,29.67,1009.6,87.99,0),('2010-05-14',27.11,25.33,29.83,1009,87.18,0.04),('2010-05-15',27.33,26.06,30.33,1008.6,85.8,0),('2010-05-16',27.67,25.67,30.17,1008.9,83.93,0),('2010-05-17',28.17,27.17,30.17,1010.4,84.71,0),('2010-05-18',27.44,26.06,29.67,1010.4,85.44,0),('2010-05-19',28.17,26.17,31.17,1009.8,81.8,0),('2010-05-20',28.89,27.06,31.56,1010.6,78.93,0),('2010-05-21',28.72,27.17,31.83,1009.7,77.55,0),('2010-05-22',28.83,25.83,31.67,1008.1,80.57,0),('2010-05-23',29.17,27.06,31.56,1007.9,81.65,0),('2010-05-24',28.5,27.56,31.17,1008.7,84.51,0),('2010-05-25',28.22,26.83,31.33,1009.3,85.42,0),('2010-05-26',28.44,25.17,31.17,1009.2,84.75,0),('2010-05-27',27.06,25.17,30.17,1010.3,86.22,0),('2010-05-28',27.5,25.17,30.67,1010.6,85.76,0),('2010-05-29',27.39,25.17,30.17,1010.6,83.41,0.01),('2010-05-30',29.61,27.33,32.83,1009.3,76.41,0),('2010-05-31',28.22,27.06,30.83,1008.9,81.94,0),('2010-06-01',27.78,25.33,31.83,1008.6,86.83,0),('2010-06-02',27.94,26.06,31.06,1008.8,87.87,0),('2010-06-03',28.11,25.17,32.06,1010,86.03,0),('2010-06-04',27.44,24.67,30.17,1009.6,88.38,0),('2010-06-05',28.11,26.06,30.83,1008.2,86.97,0),('2010-06-06',27.61,24.83,32.83,1008.4,85.47,0.12),('2010-06-07',27.28,25.33,32.06,1009,86.43,0),('2010-06-08',27.78,24.67,31.83,1009,89.44,0),('2010-06-09',27.72,25.56,31.17,1009,86.63,0),('2010-06-10',27.67,25.17,32.17,1010.1,85.66,0),('2010-06-11',27.33,24.83,32.06,1010.4,84.41,0.08),('2010-06-12',28,24.56,33.06,1010.2,85.8,0),('2010-06-13',28,25.33,31.33,1009.8,84.89,1.26),('2010-06-14',26.44,24.83,29.56,1010.5,90.72,0.08),('2010-06-15',28.28,24.83,32.06,1010,84,0.16),('2010-06-16',28.22,24.83,32.06,1009.6,84.24,0),('2010-06-17',27.83,24.83,31.33,1009.5,85.79,3.31),('2010-06-18',27.61,24.33,31.56,1010.3,83.87,0.38),('2010-06-19',27.17,24.33,29.06,1010.2,87.39,0.22),('2010-06-20',27.67,26.06,29.56,1009.3,86,0.04),('2010-06-21',26.72,24.17,29.06,1009.3,90.16,0),('2010-06-22',26.22,24.06,28.17,1011,89.46,0.02),('2010-06-23',27.94,25.33,31.06,1009.8,84.79,1.89),('2010-06-24',26.83,24.33,30.67,1007.8,85.21,0.1),('2010-06-25',27.28,24.17,30.33,1007.5,83.22,0),('2010-06-26',27.39,25.06,30.56,1009.2,84.9,0.06),('2010-06-27',28.22,25.06,31.67,1008.8,82.06,0),('2010-06-28',27.22,25.56,30.17,1008.4,84.5,0.32),('2010-06-29',26.44,25.06,29.56,1009,83.53,0.06),('2010-06-30',27.67,24.33,31.17,1008.3,83.92,0),('2010-07-01',27.61,24.83,31.67,1009.5,82.84,0),('2010-07-02',28,24.33,32.33,1009.2,82.72,0),('2010-07-03',27.5,25.06,30.17,1010.2,85.42,0.01),('2010-07-04',27.83,25.67,30.83,1010.5,83.47,0),('2010-07-05',27.39,25.06,31.56,1009.7,84.91,0.16),('2010-07-06',27.56,24.33,30.33,1010.7,84.08,0),('2010-07-07',26.89,24.83,30.17,1010.7,88.13,0),('2010-07-08',26.61,24.17,29.56,1010.3,87.34,1.65),('2010-07-09',25.83,24.33,27.06,1011,88.43,0.36),('2010-07-10',26.44,24.17,28.83,1011.4,87.66,0),('2010-07-11',27.33,25.33,30.06,1010.3,84.63,0),('2010-07-12',26.72,24.56,30.17,1009.1,85.91,1.57),('2010-07-13',25.44,24.06,27.17,1007.5,90.1,1.93),('2010-07-14',25.39,23.33,26.83,1008,90.31,1.63),('2010-07-15',26.89,24.83,30.67,1008.1,85.25,0.06),('2010-07-16',27.33,24.06,30.56,1008.2,83.54,0),('2010-07-17',26.61,24.33,30.33,1008.8,88.27,1.26),('2010-07-18',25.67,23.83,28.33,1008.1,90.13,0.91),('2010-07-19',25.78,24.06,28.83,1008.8,86.9,0.28),('2010-07-20',25.83,23.56,28.17,1009.6,84.21,0.08),('2010-07-21',26.78,24.17,31.17,1009,86.49,0.2),('2010-07-22',27.06,24.67,30.33,1009,81.88,0),('2010-07-23',27.11,24.33,30.67,1008.5,82.6,0.9),('2010-07-24',26.11,24.67,28.17,1007.5,87.55,0.08),('2010-07-25',26.06,25.06,27.83,1007.8,90.21,1.46),('2010-07-26',26.5,24.83,28.67,1009.7,86.48,0),('2010-07-27',27.44,24.33,29.83,1010.9,82.71,0.2),('2010-07-28',26.56,24.83,29.83,1010.3,86.86,3.39),('2010-07-29',26.61,24.56,29.83,1009.2,84.64,0),('2010-07-30',26.83,24.56,29.83,1009.1,85.15,0.63),('2010-07-31',26.44,24.33,28.17,1009.4,85.04,0.43),('2010-08-01',28.33,25.33,31.06,1011,80.92,0.01),('2010-08-02',28.28,25.67,31.33,1009.7,84.69,0.02),('2010-08-03',28,25.06,30.06,1007.2,84.54,0.12),('2010-08-04',27.67,25.67,31.06,1004,88.15,0.2),('2010-08-05',27.06,24.56,30.06,1004.8,85.9,0.16),('2010-08-06',27.22,24.17,31.06,1005.5,83.85,0.04),('2010-08-07',26.5,24.17,29.56,1005.1,86.78,0.28),('2010-08-08',27.06,24.83,29.83,1006.5,84.97,0.02),('2010-08-09',27.94,25.67,30.83,1007.7,82.08,0),('2010-08-10',27.89,25.06,30.67,1009.9,82.53,0),('2010-08-11',27.44,26.06,29.83,1010.9,85.55,0.04),('2010-08-12',26.5,24.67,28.67,1010.3,88.2,0.12),('2010-08-13',27,24.67,30.06,1009.8,87.47,0.16),('2010-08-14',27.72,24.06,30.56,1009.9,84.42,0),('2010-08-15',28.44,24.83,31.33,1010.6,81.89,0.16),('2010-08-16',28.11,24.83,32.56,1009.9,81.82,0.05),('2010-08-17',27.28,24.67,30.17,1009,85.68,0),('2010-08-18',25.61,24.06,27.83,1009.6,91.02,2.48),('2010-08-19',27.17,24.17,30.17,1010.5,84.77,0.44),('2010-08-20',27.72,24.17,32.17,1009.4,84.21,0),('2010-08-21',27.11,25.06,29.67,1008.4,85.73,0.52),('2010-08-22',26.89,24.33,31.33,1008.2,87.41,0.27),('2010-08-23',26.89,24.67,30.83,1009.1,87.89,0.04),('2010-08-24',27.06,24.06,30.67,1010.5,85.9,0.38),('2010-08-25',27.28,25.06,29.56,1009.1,87.3,0),('2010-08-26',26.22,24.83,27.56,1007.9,90.79,1.21),('2010-08-27',28.11,25.17,30.33,1007.4,81.34,0),('2010-08-28',28.28,25.56,30.33,1008.6,81.61,0),('2010-08-29',28.56,26.83,30.56,1009.5,82.04,0),('2010-08-30',28.72,26.33,31.67,1007,82.25,0),('2010-08-31',28.56,25.17,30.83,1006.6,80.43,0),('2010-09-01',29.56,27.06,31.67,1006.5,79.37,0),('2010-09-02',27.67,26.06,29.83,1007.8,85.02,0.31),('2010-09-03',26.33,24.83,28.67,1008.7,88.54,1.73),('2010-09-04',27.39,24.67,29.33,1009.9,84.12,0.04),('2010-09-05',27.89,25.56,30.06,1010.9,88.02,0),('2010-09-06',28.17,25.67,30.67,1010.1,83.87,0),('2010-09-07',26.89,24.17,28.67,1010.1,87.62,0),('2010-09-08',27.67,26.06,30.56,1010.2,84.9,0.16),('2010-09-09',28.11,24.83,31.56,1010.5,83.54,0),('2010-09-10',29.22,25.56,32.06,1010,79.33,0),('2010-09-11',28,25.17,30.33,1010.2,82.07,0.83),('2010-09-12',26.22,24.67,27.56,1011,89,3.83),('2010-09-13',27.28,24.83,30.06,1009.7,86.27,0.04),('2010-09-14',27.56,25.17,30.17,1009.8,87.18,1.16),('2010-09-15',27.56,24.83,29.83,1009.5,84.74,0.35),('2010-09-16',27.83,24.83,30.67,1009.7,85.57,0.39),('2010-09-17',27.5,25.67,30.67,1008.8,88.39,0.16),('2010-09-18',28.17,25.33,31.56,1008.9,82.36,0),('2010-09-19',27.67,25.17,31.56,1008.3,85.07,0.04),('2010-09-20',28.17,26.06,30.56,1009.4,82,0),('2010-09-21',27.78,25.06,30.33,1010.7,85.24,0.08),('2010-09-22',28.33,25.17,31.06,1009.3,79.88,0.16),('2010-09-23',27.83,25.17,30.56,1009,83.15,1.26),('2010-09-24',28.56,26.56,30.17,1009.5,80.86,0.15),('2010-09-25',27.72,25.67,30.06,1010.2,85.22,1.58),('2010-09-26',27.56,25.06,29.67,1011.1,84.91,0.37),('2010-09-27',28.67,25.67,31.06,1010,81.39,0.04),('2010-09-28',27.11,25.17,29.67,1009.7,85.93,0.2),('2010-09-29',27.11,25.67,29.33,1009,86.89,0.55),('2010-09-30',25.17,25.06,25.33,1008.8,90.33,1.66),('2010-10-01',26,24.17,27.67,1007.3,86.65,0.59),('2010-10-02',26,24.83,27.83,1008.9,88.92,1.58),('2010-10-03',26.72,24.17,28.67,1010.3,87.52,0.16),('2010-10-04',28,26.06,30.67,1010.2,82.97,0.72),('2010-10-05',27.67,26.06,30.67,1009.9,83.24,0.16),('2010-10-06',27.5,26.06,30.67,1010,87.42,0.75),('2010-10-07',28.22,25.33,31.56,1009.5,82.18,0),('2010-10-08',28.17,26.56,30.67,1008.7,84.63,0),('2010-10-09',27.22,25.83,28.83,1008,84.17,0.36),('2010-10-10',27.56,25.17,29.33,1008.6,88.03,2.2),('2010-10-11',27.72,25.33,30.67,1010.1,88.15,0.62),('2010-10-12',26,24.33,27.06,1010.8,91.6,2.09),('2010-10-13',25.56,24.33,30.56,1009.1,92.8,0.58),('2010-10-14',27.06,25.56,29.83,1008.8,89.12,0.16),('2010-10-15',27.89,26.56,29.83,1009.5,87.4,0.76),('2010-10-16',26.06,24.33,27.33,1009.3,89.75,2.54),('2010-10-17',27.39,25.33,29.67,1007.8,85.85,0.02),('2010-10-18',27.5,26.06,28.83,1003.1,84.26,0),('2010-10-19',25.89,25.17,26.83,1003.4,91.26,1.15),('2010-10-20',27.17,25.17,29.83,1004.3,86.43,0.14),('2010-10-21',27.17,26.17,29.56,1005.2,89.78,0.18),('2010-10-22',26.56,25.56,28.06,1006.4,90.04,0.02),('2010-10-23',27.33,25.06,29.83,1007.4,88.14,0.04),('2010-10-24',27.11,25.06,29.67,1007.3,89.25,0),('2010-10-25',27.44,25.17,30.56,1007.9,88.08,0.03),('2010-10-26',25,24.83,25.17,1007.2,93.35,0),('2010-10-28',25.33,25.33,25.33,1010.4,95.34,2.6),('2010-10-29',26.5,24.17,28.83,1010.7,89.77,0.63),('2010-10-30',25.5,24.33,26.56,1011.6,91.59,1.18),('2010-10-31',27.33,25.06,29.83,1010,86.51,0.24),('2010-11-01',24.83,24.83,24.83,1009.1,96.48,0.91),('2010-11-02',26.28,25.06,28.17,1009.4,91.45,1.54),('2010-11-03',27.5,24.56,29.83,1010.4,88.05,2.72),('2010-11-04',27.44,25.56,30.06,1010.6,88.53,0.02),('2010-11-05',27.06,25.17,30.17,1008.9,90.12,0.04),('2010-11-06',26.72,24.56,29.33,1008.6,90.12,0),('2010-11-07',26.56,24.83,29.83,1009.7,91.2,0.03),('2010-11-08',26.94,24.56,30.56,1010.6,88.74,0.43),('2010-11-09',26.61,24.17,29.33,1012,90.4,1.45),('2010-11-10',25.78,24.56,28.67,1011.6,91.9,5.1),('2010-11-11',26.67,24.56,29.33,1010.2,89.35,0.01),('2010-11-12',26.67,24.67,29.56,1009,87.76,1.46),('2010-11-13',26.39,24.17,28.83,1011,87.87,0.45),('2010-11-14',26.94,24.67,30.33,1012.2,90.13,1.19),('2010-11-15',26.5,23.83,29.83,1011.9,88.11,1.66),('2010-11-16',26.33,24.17,29.83,1011.2,90.02,0.87),('2010-11-17',27.33,25.06,29.83,1009.9,89.17,0),('2010-11-18',26.17,25.06,27.83,1010.4,92.39,0.31),('2010-11-19',26.61,24.33,29.67,1009.7,88.67,0.04),('2010-11-20',27.11,24.17,29.83,1008.2,89.89,0),('2010-11-21',27.28,26.06,29.33,1007.3,89.22,0.16),('2010-11-22',26.22,25.06,28.06,1007.4,91.64,0.4),('2010-11-23',26.28,24.67,29.33,1008.2,89.66,0.51),('2010-11-24',26,23.67,29.33,1009.5,88.01,0.01),('2010-11-25',26.78,24.17,29.67,1009.3,86.01,0),('2010-11-26',26.33,24.83,28.17,1009.5,85.81,0),('2010-11-27',25.56,24.56,26.83,1010.6,91.42,0.65),('2010-11-28',25.78,25.06,27.06,1011.1,91.75,0.94),('2010-11-29',26.5,24.83,28.33,1009.9,90.7,0.55),('2010-11-30',26.94,24.67,30.06,1008.8,87.89,0),('2010-12-01',26.72,24.33,29.67,1008.7,87.07,0.04),('2010-12-02',27,25.17,29.33,1009.3,87.89,0),('2010-12-03',26.67,24.67,28.33,1010.1,87.74,0.02),('2010-12-04',27.17,24.56,29.33,1009.2,86.51,0),('2010-12-05',27,25.56,28.06,1008.4,87.69,0.3),('2010-12-06',27.72,25.83,29.83,1008,85.76,0),('2010-12-07',27.39,25.67,29.83,1008.4,86.03,0.02),('2010-12-08',25.89,24.67,27.17,1008,86.66,0.2),('2010-12-09',25.72,24.67,27.33,1008.2,84.44,0.01),('2010-12-10',26.06,24.17,28.33,1008.7,83.63,0),('2010-12-11',26.5,24.83,29.83,1008.4,86.43,0),('2010-12-12',25.72,24.67,26.67,1007.3,88.7,0.1),('2010-12-13',26.78,25.33,29.17,1009,87.88,0.31),('2010-12-14',27.17,25.17,29.33,1009.9,88.94,0.06),('2010-12-15',26.33,23.06,30.06,1008.6,87.77,0.24),('2010-12-16',27,24.83,30.17,1008,86.19,0),('2010-12-17',25.61,24.67,27.83,1009.1,89.73,0.18),('2010-12-18',25.83,24.56,27.67,1010.5,89.98,0.12),('2010-12-19',27.06,25.33,29.17,1010.8,87,0),('2010-12-20',26.39,25.17,28.17,1010.2,90.58,0.32),('2010-12-21',26.06,24.33,28.17,1009.2,88.56,0.14),('2010-12-22',26.33,24.83,29.06,1007.4,82.95,0.08),('2010-12-23',25.06,24.17,26.56,1008.5,88.52,0.38),('2010-12-24',25.72,24.06,28.33,1007.6,87.48,0.08),('2010-12-25',25.78,24.67,27.17,1007.2,87.59,0.03),('2010-12-26',25.33,24.67,26.67,1009.1,86.33,0),('2010-12-27',26,24.56,27.83,1010.4,84.13,0),('2010-12-28',26.22,24.83,28.83,1009.9,88.02,0.63),('2010-12-29',25.28,23.67,28.17,1009.9,91.47,1.66),('2010-12-30',25.17,23.67,26.67,1009.4,91.24,1.14),('2010-12-31',25.78,24.56,27.06,1009.7,88.14,0),('2011-01-01',25.61,24.06,27.33,1010.3,86.65,0.22),('2011-01-02',25.67,24.67,27.33,1012.1,85.85,0.06),('2011-01-03',25,24.56,25.56,1012.6,79.56,0.04),('2011-01-04',25.78,24.06,28.06,1012.8,82.67,0),('2011-01-05',25.39,24.56,26.33,1011.8,83.44,0.03),('2011-01-06',25.44,23.83,26.83,1010.9,82.86,0),('2011-01-07',25.89,24.17,28.33,1011.2,78.71,0),('2011-01-08',25.33,24.17,26.56,1011.1,84.12,0),('2011-01-09',26.17,24.56,28.17,1009.3,86.78,0.02),('2011-01-10',25.39,24.67,27.17,1008,91.12,0.22),('2011-01-11',24.22,23.56,25.06,1008.7,89.45,0.75),('2011-01-12',24.78,22.33,26.67,1007.7,88.04,0),('2011-01-13',25.72,24.56,28.33,1008.2,88.22,0),('2011-01-14',26.06,23.83,28.33,1007.9,85.71,0),('2011-01-15',26.39,24.33,29.06,1007.7,87.86,0.12),('2011-01-16',24.28,23.33,25.33,1010.2,88.03,0.6),('2011-01-17',24.22,23.56,25.17,1013,80.08,0),('2011-01-18',23.56,22.06,24.33,1013.1,88.72,0.43),('2011-01-19',25.28,23.17,28.33,1009.7,86.76,0),('2011-01-20',25.17,23.67,27.67,1009.4,90.27,0.44),('2011-01-21',25.83,23.83,29.17,1009.3,86.27,0.02),('2011-01-22',26.28,24.06,29.06,1010.9,86.92,0),('2011-01-23',26.67,25.33,29.17,1012,85.86,0),('2011-01-24',26.33,25.06,28.83,1012.1,86.86,0.08),('2011-01-25',25.67,24.33,27.06,1014.2,83.26,0.05),('2011-01-26',25.78,24.17,28.33,1015.4,80.72,0.04),('2011-01-27',26.06,24.56,28.67,1015.5,79.27,0.01),('2011-01-28',26,24.67,28.06,1014.1,79.2,0.02),('2011-01-29',25.78,24.33,28.06,1013.3,78.44,0),('2011-01-30',25.44,24.67,27.67,1013.9,78.57,0.08),('2011-01-31',23.83,23.06,25.17,1013.8,88.7,0.5),('2011-02-01',24.56,23.06,26.56,1014.2,81.28,0),('2011-02-02',24.22,23.06,26.06,1013.5,78.07,0.01),('2011-02-03',24,22.06,25.17,1011.9,83.72,0.02),('2011-02-04',24.89,22.83,26.56,1009.7,87.28,0.1),('2011-02-05',25,23.33,26.56,1010.1,83.43,0),('2011-02-06',24.83,23.67,26.56,1009.7,91.26,0.3),('2011-02-07',25.06,24.06,27.17,1008.5,92.06,0.08),('2011-02-08',25.83,23.83,29.06,1006.6,86.5,0.35),('2011-02-09',26.33,24.67,29.17,1007.1,87.43,0),('2011-02-10',26.89,25.33,29.06,1008.6,84.71,0),('2011-02-11',27,25.06,29.83,1009.1,84.86,0),('2011-02-12',25.17,24.67,26.06,1010.8,85.15,0.03),('2011-02-13',24.89,23.67,26.56,1011.8,83.05,0),('2011-02-14',25.83,23.56,28.83,1011.6,83.91,0),('2011-02-15',25.67,24.33,28.17,1012.9,82.74,0.06),('2011-02-16',25.83,23.67,28.67,1014.2,82.1,0),('2011-02-17',26.5,24.83,28.83,1013,83.56,0),('2011-02-18',26.11,24.33,28.83,1011.8,84.47,0),('2011-02-19',26.22,24.06,28.83,1012.3,79.33,0),('2011-02-20',26.17,24.17,28.83,1013,79.09,0),('2011-02-21',26.06,23.67,28.83,1012.8,75.78,0),('2011-02-22',25.61,24.67,28.06,1012.6,78.09,0),('2011-02-23',25.67,24.17,27.83,1012.5,74.65,0.01),('2011-02-24',25.72,23.83,28.67,1011.7,73.44,0),('2011-02-25',26,24.06,29.33,1011.3,71.79,0),('2011-02-26',25.83,24.06,28.83,1011.7,73.58,0),('2011-02-27',25.33,24.17,28.17,1011.3,85.4,0.2),('2011-02-28',26.11,24.06,28.17,1009.3,85.9,0),('2011-03-01',25.89,24.67,29.06,1008.8,89.18,0.21),('2011-03-02',25.28,23.33,28.33,1009.4,89.54,0.52),('2011-03-03',25.39,24.06,28.17,1010.9,85.21,0.02),('2011-03-04',25.22,23.17,27.17,1010.7,86.77,0.05),('2011-03-05',25.44,23.56,27.83,1011.5,86.11,0.04),('2011-03-06',26.39,24.33,28.83,1011.9,85.36,0.24),('2011-03-07',26.94,24.83,29.83,1010.9,85.52,0.08),('2011-03-08',26,23.67,28.83,1011.5,87.09,0.31),('2011-03-09',25.94,24.06,28.56,1013.4,83.91,0),('2011-03-10',25.61,23.17,28.56,1013.5,84.73,0.2),('2011-03-11',25.78,23.06,28.83,1013.4,78.01,0),('2011-03-12',25.83,24.06,28.17,1012.9,79.92,0),('2011-03-13',25.67,24.17,28.17,1011.8,81.84,0),('2011-03-14',26.33,25.06,28.33,1010.6,85.68,0),('2011-03-15',25.39,24.06,27.06,1010.2,83.44,0.04),('2011-03-16',25.78,23.17,28.33,1011.8,77.62,0.08),('2011-03-17',26.33,24.56,28.67,1013.1,77.39,0),('2011-03-18',25.17,23.67,26.06,1012.9,83.62,0.01),('2011-03-19',26.17,23.67,28.67,1011.3,82.54,0),('2011-03-20',26.28,25.06,28.67,1011,84.52,0),('2011-03-21',27.61,25.83,29.56,1010.3,84.8,0.04),('2011-03-22',27.33,25.67,29.83,1010.1,83.53,0.01),('2011-03-23',26.33,24.67,28.06,1011.3,82.35,0),('2011-03-24',27,25.17,29.83,1011.9,79.6,0),('2011-03-25',25.72,24.33,27.33,1012.3,82.93,0.08),('2011-03-26',25.67,23.56,28.83,1012.9,79.94,0.08),('2011-03-27',24.22,23.06,26.33,1012.3,88.5,0.03),('2011-03-28',24.67,23.17,26.17,1011.4,88.08,0.18),('2011-03-29',25.67,23.67,27.83,1011.9,85.56,0),('2011-03-30',26,24.17,28.33,1012.2,85.34,0.03),('2011-03-31',26,24.67,28.33,1012.3,80.63,0),('2011-04-01',25.67,23.83,28.33,1012,78.51,0.01),('2011-04-02',26.17,23.83,29.06,1011.2,78.22,0),('2011-04-03',26.17,23.56,29.06,1009.8,77.33,0),('2011-04-04',26.17,24.33,28.56,1010.9,81.98,0),('2011-04-05',26.28,24.56,29.17,1012.9,82.34,0),('2011-04-06',25.56,22.33,29.06,1012.9,75.66,0),('2011-04-07',26.22,23.33,28.83,1012.8,79.55,0),('2011-04-08',26.22,24.06,29.33,1013.2,75.09,0),('2011-04-09',24.83,24.06,26.17,1013.6,86.45,0.28),('2011-04-10',25.67,23.33,28.56,1014.1,79.15,0.76),('2011-04-11',26,23.06,29.06,1011.6,81.8,0),('2011-04-12',25.89,23.67,29.06,1012.9,83.75,0.11),('2011-04-13',25.33,23.17,27.56,1013.1,85.44,0.06),('2011-04-14',26.39,23.33,29.33,1011.4,76.64,0),('2011-04-15',27.11,24.33,29.83,1010.3,73.12,0),('2011-04-16',27,25.06,30.17,1010.6,75.9,0),('2011-04-17',27.33,24.33,30.17,1009.4,81.47,0),('2011-04-18',28,25.17,31.17,1007.7,78.09,0),('2011-04-19',28,25.17,31.33,1008.8,82.47,0),('2011-04-20',27.5,24.83,30.83,1010.9,75.53,0),('2011-04-21',27.72,26.06,30.06,1011.4,77.1,0),('2011-04-22',27.5,25.06,30.33,1009.9,76.5,0.01),('2011-04-23',27.17,24.67,30.17,1009.1,79.07,0),('2011-04-24',27.5,25.06,30.56,1009.8,77.6,0),('2011-04-25',27.83,26.06,30.17,1009.7,82.57,0),('2011-04-26',27,25.17,28.83,1009.1,85.9,1.05),('2011-04-27',28.06,24.83,30.83,1008,83.64,0),('2011-04-28',28.22,24.33,31.33,1009.2,77.37,0),('2011-04-29',28.39,26.33,31.33,1010.5,83.22,0),('2011-04-30',28.17,25.17,30.67,1010.9,82.43,0.24),('2011-05-01',28.72,26.83,31.17,1010.4,80.85,0),('2011-05-02',29.06,27.06,31.83,1010.1,80.39,0),('2011-05-03',29.11,27.17,31.17,1009.2,80.23,0),('2011-05-04',29,26.83,31.56,1008.9,79.11,0.02),('2011-05-05',28.78,27.06,31.33,1009,82.52,0),('2011-05-06',27.44,24.83,30.56,1009,81.65,0),('2011-05-07',28.5,24.67,32.06,1006.4,82.93,0),('2011-05-08',25.17,23.33,27.56,1004,88.16,2.01),('2011-05-09',26.89,24.17,29.06,1006.2,83.77,0),('2011-05-10',27.67,25.17,29.67,1008.5,86.1,0),('2011-05-11',27.94,25.17,31.56,1009,84.14,0),('2011-05-12',27.94,24.56,31.17,1008.3,84.11,0),('2011-05-13',28.61,24.67,31.67,1009.7,80.03,0),('2011-05-14',28.78,26.06,31.56,1010.6,83.49,0),('2011-05-15',29.22,27.67,31.56,1012.3,79.12,0),('2011-05-16',29,27.17,31.33,1012,78.25,0),('2011-05-17',28.72,24.83,32.06,1010.1,79.82,0),('2011-05-18',28.5,25.17,32.17,1009.3,78.82,0),('2011-05-19',28.83,25.06,32.33,1009.8,77.7,0.43),('2011-05-20',27.39,24.17,31.06,1008.8,83.72,2.35),('2011-05-21',29.06,26.06,32.06,1007.7,78.79,0),('2011-05-22',27,25.33,30.06,1008.5,88.31,0.22),('2011-05-23',28,24.67,32.06,1007.8,84.88,1.02),('2011-05-24',27.78,24.33,31.67,1007.1,84.1,0.71),('2011-05-25',27.94,24.83,30.67,1005.6,85.74,0.03),('2011-05-26',28.33,26.56,31.06,1003.2,85.04,0),('2011-05-27',27.94,25.67,31.83,1002.5,82.17,0.28),('2011-05-28',27.39,25.06,29.67,1005.2,84.6,0),('2011-05-29',27.5,25.83,30.06,1008.1,86.88,0.02),('2011-05-30',27.39,25.33,30.33,1008.6,87.85,0.28),('2011-05-31',28.11,24.33,31.33,1007.8,85.73,0),('2011-06-01',28.61,25.06,32.06,1008.7,83.25,0),('2011-06-02',28.5,25.06,32.06,1009.8,81.66,0),('2011-06-03',28,26.06,31.83,1009.8,83.12,1.1),('2011-06-04',28.11,25.17,31.17,1009.1,84.4,0.06),('2011-06-05',28.83,26.56,31.56,1009.5,82.24,0.08),('2011-06-06',28,25.06,31.56,1009.4,85.11,1.3),('2011-06-07',27.83,25.33,31.06,1007.9,84.66,0.83),('2011-06-08',25.28,24.56,25.83,1005.6,94.43,2.74),('2011-06-09',25.17,24.33,26.33,1007.5,93.95,1.03),('2011-06-10',25.94,24.17,29.17,1007.5,90.41,0.31),('2011-06-11',27.22,24.17,30.56,1008.1,87.67,0),('2011-06-12',27.72,25.17,30.33,1008.7,87.65,2.14),('2011-06-13',26.72,25.06,28.67,1008.3,88.84,2.59),('2011-06-14',26.61,24.33,29.06,1007.8,88.79,0.29),('2011-06-15',28.17,25.06,31.33,1007.9,82.59,0.01),('2011-06-16',28.11,25.67,30.33,1008.3,85.89,0),('2011-06-17',27.89,25.67,30.33,1008.5,83.46,0.04),('2011-06-18',26.61,24.33,29.33,1007.4,87.59,0.49),('2011-06-19',25.61,24.17,27.33,1006.3,90.21,0.24),('2011-06-20',26,24.06,27.83,1006.9,92.87,0.49),('2011-06-21',27.67,24.67,30.67,1006.6,85.69,0.01),('2011-06-22',27.83,25.83,30.06,1005,81.68,0),('2011-06-23',24.83,23.83,26.17,1002.9,91.2,1.58),('2011-06-24',24.72,23.06,26.67,1002.5,93.46,1.07),('2011-06-25',27.61,23.33,31.83,1005.2,82.56,0),('2011-06-26',28.17,24.67,31.17,1007.9,83.78,0),('2011-06-27',27.56,25.33,30.06,1008.5,84.64,0),('2011-06-28',28.22,25.17,31.67,1008.5,81.89,0),('2011-06-29',28.33,25.56,31.83,1008.9,81.2,0),('2011-06-30',28.17,24.56,31.83,1009,82.31,0),('2011-07-01',27.11,25.56,30.33,1008.9,85.64,0.09),('2011-07-02',27.61,25.17,30.17,1008,85.24,0.53),('2011-07-03',27.61,24.67,30.83,1007.9,85.28,0.35),('2011-07-04',27.94,25.33,30.67,1008.1,85.08,0.16),('2011-07-05',26.67,24.06,28.83,1007.2,87.77,1.45),('2011-07-06',27.11,24.67,29.33,1005.5,87.19,0),('2011-07-07',27.28,25.17,29.56,1006.7,87.05,0.12),('2011-07-08',26.78,25.06,28.67,1008.1,87.02,0.04),('2011-07-09',27.5,25.17,30.17,1007.2,86,0.51),('2011-07-10',25.44,24.17,27.17,1006.1,94.23,0.3),('2011-07-11',25.61,24.67,27.17,1006.3,91.14,0.18),('2011-07-12',27,24.33,29.67,1006.2,83.69,0),('2011-07-13',27.44,24.56,30.33,1007,85.89,0),('2011-07-14',27.67,23.83,31.67,1008.1,80.79,0),('2011-07-15',27.94,24.33,32.06,1008.6,81.78,0),('2011-07-16',28.33,24.33,32.17,1007.3,81.61,0),('2011-07-17',28.89,25.06,33.06,1005.9,76.08,0),('2011-07-18',28.83,25.33,33.06,1006.1,76.13,0),('2011-07-19',28.94,25.33,32.67,1006.5,76.21,0),('2011-07-20',28.78,25.67,32.17,1008.2,78.8,0),('2011-07-21',28.17,25.17,32.67,1007.8,80.36,0),('2011-07-22',28.39,25.56,32.67,1006.7,79.71,0),('2011-07-23',26.67,25.33,28.33,1006.1,87.3,1.69),('2011-07-24',27.67,25.17,31.67,1007.2,85.68,0.04),('2011-07-25',26.28,25.17,27.33,1006.7,90.08,0.16),('2011-07-26',24.78,23.83,25.67,1002.5,91.8,2.37),('2011-07-27',26.67,23.67,30.06,1002.2,86.93,0.36),('2011-07-28',26.39,25.06,28.33,1004.6,91.01,0.49),('2011-07-29',27.22,24.33,30.67,1005.8,84.74,0),('2011-07-30',26.78,25.06,29.56,1005.4,85.33,0.11),('2011-07-31',24.72,23.56,27.33,1005.2,93.32,0.9),('2011-08-01',25.33,23.67,27.83,1005.2,92.67,0.63),('2011-08-02',26.44,24.17,28.83,1005.9,88.22,0),('2011-08-03',26.11,24.67,28.33,1006.2,90.63,0.57),('2011-08-04',27.33,24.83,30.17,1004.5,86.06,0),('2011-08-05',27.22,24.56,30.06,1004.1,84.74,0.32),('2011-08-06',27.06,25.06,29.06,1004,84.78,0.03),('2011-08-07',27,25.17,29.56,1006.5,84.97,0.04),('2011-08-08',28,25.17,31.33,1008.6,84,0),('2011-08-09',27.72,25.17,31.67,1008,81.87,0),('2011-08-10',28.06,25.06,31.67,1008,82.73,0),('2011-08-11',28.11,25.17,31.67,1008.2,82.3,0.47),('2011-08-12',27.5,24.33,30.83,1007,82.56,1.33),('2011-08-13',26.17,24.06,29.83,1007.8,85.63,1.26),('2011-08-14',25.61,24.83,26.06,1009.4,86.3,0.2),('2011-08-15',27.5,25.33,29.33,1011.3,83.83,0.55),('2011-08-16',27.5,24.67,31.06,1010.1,82.94,0.12),('2011-08-17',27.11,25.06,29.33,1008.6,85.06,0.39),('2011-08-18',27.11,24.83,30.17,1008.1,86.9,0),('2011-08-19',26.39,24.33,29.33,1008.6,88.4,1.65),('2011-08-20',26.61,24.06,29.67,1008.6,86.78,4.92),('2011-08-21',27.5,25.17,30.33,1008,87.93,0),('2011-08-22',26.11,24.67,28.33,1007.7,90.84,0.05),('2011-08-23',27.22,24.33,31.17,1007.1,83.96,0),('2011-08-24',27.39,25.17,30.06,1005.2,85.38,0),('2011-08-25',27.22,26.17,29.17,1003,86.89,0.03),('2011-08-26',27.28,25.17,31.56,1002.5,83.56,0.04),('2011-08-27',25.28,24.67,26.67,1004.6,92.43,1.14),('2011-08-28',26.17,24.06,29.06,1006.5,89.2,0.36),('2011-08-29',26.94,23.33,30.33,1007.6,85,0),('2011-08-30',28.06,25.67,30.17,1007.2,82.16,0),('2011-08-31',29,26.56,31.67,1005.5,80.3,0),('2011-09-01',26.61,25.33,29.06,1006.6,86.48,0.05),('2011-09-02',28.28,24.67,31.83,1006.7,81.11,0),('2011-09-03',27.61,25.06,31.56,1007.5,84.34,0.04),('2011-09-04',27.39,24.56,30.33,1007.5,85.03,0),('2011-09-05',27.56,24.56,31.33,1008.1,85.05,0),('2011-09-06',27.22,24.33,30.06,1007.9,87.22,0.59),('2011-09-07',27.72,25.83,31.06,1006.9,85.39,0),('2011-09-08',27.33,24.83,30.67,1007.3,84.95,0),('2011-09-09',27.72,25.17,30.56,1008.7,82.84,0),('2011-09-10',26.61,24.83,29.33,1008.7,87.4,0.24),('2011-09-11',27.22,25.06,30.56,1008.7,89.47,0),('2011-09-12',28,25.06,32.06,1008.2,83.52,0),('2011-09-13',28,25.06,31.83,1006.3,82.15,0),('2011-09-14',27.78,24.83,31.83,1005.5,83.08,0),('2011-09-15',27.89,24.67,32.33,1007.7,82.12,0.06),('2011-09-16',28.06,25.17,32.06,1009,81.81,0),('2011-09-17',27.89,24.83,31.17,1007.8,83.31,0),('2011-09-18',28.17,26.33,30.83,1008.9,83.67,0),('2011-09-19',28.06,26.06,31.67,1009.7,84.03,0.02),('2011-09-20',28,25.17,31.33,1009.8,82.06,0),('2011-09-21',27.72,25.56,30.67,1009.2,81.86,0),('2011-09-22',27.83,25.06,31.56,1009.1,84.39,0),('2011-09-23',27.83,25.17,31.33,1008.6,81.77,0),('2011-09-24',27.56,25.17,30.17,1008.8,83.82,0.12),('2011-09-25',27.56,25.56,30.67,1007.8,84.15,0),('2011-09-26',25.78,25.06,26.56,1002.7,89.99,0.65),('2011-09-27',24.22,23.33,25.33,999.7,92.94,1.82),('2011-09-28',25.17,22.67,27.17,1005.4,90.58,0.49),('2011-09-29',27.72,25.33,30.17,1008.7,83.47,0),('2011-09-30',27.56,25.17,30.33,1007.8,82.85,0),('2011-10-01',27.61,24.67,30.33,1002.9,83.47,0),('2011-10-02',26.83,24.67,30.06,1004.1,87.76,0.43),('2011-10-03',27,25.06,29.56,1006.5,87.89,0.78),('2011-10-04',26.78,24.17,28.83,1009,86.73,0.24),('2011-10-05',27.56,24.67,31.17,1010.3,82.58,0),('2011-10-06',27.5,25.67,30.33,1010.4,84.32,0),('2011-10-07',27.22,25.33,30.83,1009,85.7,0.19),('2011-10-08',25.94,24.06,29.56,1007.7,91.76,3.15),('2011-10-09',25.56,23.56,28.06,1008.7,93.17,0.16),('2011-10-10',27.11,24.67,29.83,1011.2,87.24,0),('2011-10-11',26.78,24.33,30.06,1011.2,84.72,0),('2011-10-12',25.44,24.67,27.67,1008.1,94.14,2.04),('2011-10-13',26.11,25.06,27.67,1006.7,93.2,4.18),('2011-10-14',26.83,25.06,29.06,1008.8,87.01,0.02),('2011-10-15',27.83,25.17,30.83,1009.8,84.28,0),('2011-10-16',27.83,25.06,31.06,1009.9,85.92,0),('2011-10-17',27.56,24.17,31.06,1010.5,85.55,0.12),('2011-10-18',27.44,24.17,31.33,1010.3,83.57,0),('2011-10-19',27.5,25.33,30.17,1008.2,83.22,0.04),('2011-10-20',26.72,24.06,30.06,1008.7,85.91,0.2),('2011-10-21',27,25.06,30.17,1009,82.84,0.94),('2011-10-22',27.22,24.33,30.17,1009.3,84.19,0.02),('2011-10-23',27.61,25.33,30.06,1010.2,85.95,0.46),('2011-10-24',26.5,24.06,29.67,1010.7,87.44,1.95),('2011-10-25',27.28,24.56,30.33,1010.6,85.7,0.27),('2011-10-26',26.89,23.67,30.17,1010.3,84.93,0.56),('2011-10-27',26.83,24.06,29.67,1010.5,86.24,0.21),('2011-10-28',26.61,24.56,29.17,1010.4,84.97,0),('2011-10-29',27.72,25.67,30.67,1008.7,84.75,0.08),('2011-10-30',27.72,25.83,30.06,1007.7,82.88,0),('2011-10-31',27.94,26.17,30.33,1008.8,84.37,0),('2011-11-01',26.56,25.33,28.17,1008.3,87.81,0.12),('2011-11-02',26.78,24.67,29.67,1006.9,88.92,2.29),('2011-11-03',26.61,24.83,30.06,1007.1,89.94,1.81),('2011-11-04',25.06,23.67,26.33,1008.1,93.31,1.34),('2011-11-05',26.44,23.67,29.17,1008.4,87.27,0),('2011-11-06',26.17,25.06,27.67,1008.3,92.6,0.14),('2011-11-07',26.44,24.06,29.67,1009.8,88.93,2.4),('2011-11-08',26.28,23.83,29.67,1010,87.49,0),('2011-11-09',27,23.56,30.33,1009,85.62,0),('2011-11-10',27.06,23.83,30.17,1008.8,86.92,0),('2011-11-11',27.28,24.56,30.33,1010.4,86.64,0),('2011-11-12',27.44,24.67,30.33,1012.1,85.04,0),('2011-11-13',27.39,25.67,30.17,1011.4,87.56,0.53),('2011-11-14',26.22,24.33,28.33,1010.1,91.53,0.67),('2011-11-15',24.89,23.67,26.83,1008.8,89.79,2.77),('2011-11-16',26.39,23.06,29.17,1008.5,87.52,0.16),('2011-11-17',27.06,24.83,29.17,1009.7,88.57,0.08),('2011-11-18',27.06,25.67,29.33,1009.7,89.86,0.1),('2011-11-19',27.5,25.56,29.83,1010.4,88.6,0.02),('2011-11-20',27.28,26.06,29.06,1012.4,85.24,0.04),('2011-11-21',27.06,26.17,29.56,1011.7,85.89,0.18),('2011-11-22',26,25.17,27.17,1011.6,85.65,0),('2011-11-23',25.89,24.17,27.67,1010,88.65,0.52),('2011-11-24',26.17,23.67,28.33,1010.9,86.26,0.28),('2011-11-25',25.72,24.06,28.56,1011,86.5,0.07),('2011-11-26',25.72,23.06,29.06,1009.7,88.94,0.75),('2011-11-27',26.67,24.83,29.06,1007.7,86.84,0.02),('2011-11-28',26.67,25.33,29.17,1007.8,86.76,0.16),('2011-11-29',26.83,24.06,30.06,1009.2,84.7,0),('2011-11-30',27.33,24.33,29.67,1008.7,84.89,0),('2011-12-01',26,24.83,27.33,1007.9,92.12,0.7),('2011-12-02',26.44,24.06,29.06,1006,86.76,0.2),('2011-12-03',26.89,24.56,29.33,1007.1,84.95,0),('2011-12-04',26.44,25.33,28.06,1009,89.13,0.33),('2011-12-05',26.11,24.17,28.67,1010.6,89.59,0.2),('2011-12-06',26.28,24.06,29.33,1011,86.23,0.32),('2011-12-07',25.78,23.67,28.17,1009.9,89.35,0.77),('2011-12-08',25.67,24.56,27.67,1008.4,92.65,1.75),('2011-12-09',24.89,23.67,26.06,1008.1,92.53,8.53),('2011-12-10',24.78,23.56,25.83,1008.1,95.86,0.65),('2011-12-11',25.94,24.33,27.67,1008.3,91.33,0.2),('2011-12-12',26.61,25.17,29.06,1009.2,88.74,0.44),('2011-12-13',26.89,24.06,30.06,1010.1,86.06,0.08),('2011-12-14',26.5,24.06,29.56,1010.1,87.76,0.18),('2011-12-15',26.72,24.17,29.67,1009.9,84.91,0),('2011-12-16',26.17,24.33,28.56,1010.2,85.66,0.06),('2011-12-17',25.94,24.67,27.56,1009.9,89.44,0.55),('2011-12-18',25.94,23.67,28.56,1010,88.97,0.1),('2011-12-19',26.78,24.67,29.67,1009.6,86.94,0.08),('2011-12-20',26.89,25.33,29.06,1009.2,88.09,0.16),('2011-12-21',27.11,25.83,29.33,1009,87.31,0),('2011-12-22',26.89,25.06,29.56,1008.7,84.32,0),('2011-12-23',26.56,23.83,29.06,1008.4,83.89,0),('2011-12-24',25.06,24.33,26.33,1009.1,90.78,0.78),('2011-12-25',24.44,23.83,25.33,1012.2,89.78,0.07),('2011-12-26',25.89,24.56,27.33,1013.4,84.99,0.02),('2011-12-27',25,23.83,26.33,1014,83.97,0.29),('2011-12-28',25.94,24.33,28.06,1012.9,86.5,0),('2011-12-29',26.5,25.06,28.56,1012.6,85.8,0.08),('2011-12-30',26.67,25.06,29.17,1014,83.56,0),('2011-12-31',26.72,24.83,29.06,1014.3,83.54,0),('2012-01-01',26.11,24.67,28.17,1013.1,87.26,0),('2012-01-02',25.89,24.33,27.56,1012.4,87.3,0),('2012-01-03',26.33,24.17,29.17,1011.7,85.51,0.12),('2012-01-04',25.5,24.67,27.17,1012.8,88.35,0.29),('2012-01-05',25.44,24.06,27.56,1013.3,86.69,0.02),('2012-01-06',26.22,23.83,28.56,1013.8,83.88,0.04),('2012-01-07',26.61,24.06,29.17,1013.6,85.79,0),('2012-01-08',25.94,25.06,28.17,1014.4,86.64,0.1),('2012-01-09',25.89,24.67,27.67,1013.6,88.19,0),('2012-01-10',25.89,24.17,28.17,1012.7,88.33,0.04),('2012-01-11',25.67,24.06,27.33,1013.7,86.11,0.02),('2012-01-12',26.11,24.83,28.17,1013.4,81.74,0),('2012-01-13',26.22,24.67,29.06,1012.8,82.67,0.16),('2012-01-14',25.94,24.17,28.33,1011,84.39,0),('2012-01-15',26.39,24.83,28.33,1008.9,87.1,0.08),('2012-01-16',25.5,24.06,27.83,1008.3,90.93,0.67),('2012-01-17',25.44,24.33,27.67,1008.5,88.43,0.04),('2012-01-18',26.39,24.56,29.06,1008.7,87.48,0.23),('2012-01-19',26.5,24.67,29.33,1009,85.37,0.04),('2012-01-20',26.56,24.83,29.33,1008.9,83.84,0.01),('2012-01-21',26,24.17,28.67,1009.5,84.12,0.06),('2012-01-22',25.56,23.83,28.06,1009.9,85.3,0.06),('2012-01-23',24.44,23.67,25.56,1011,92.09,0.63),('2012-01-24',25.72,23.56,27.67,1011,83.36,0),('2012-01-25',26.44,24.67,29.06,1011,82.98,0),('2012-01-26',25.89,24.83,27.56,1012.3,80.82,0),('2012-01-27',25.44,24.17,27.56,1011.9,84.66,0.3),('2012-01-28',25.78,24.06,27.67,1011,89.2,0.45),('2012-01-29',25.78,24.67,27.67,1011.1,91.78,1.4),('2012-01-30',25.89,24.83,27.33,1011.8,89.47,0.12),('2012-01-31',26.39,24.17,28.67,1012.3,85.34,0),('2012-02-01',24.17,23.33,25.06,1012.9,90.15,0.63),('2012-02-02',25.39,22.83,28.06,1012.4,84.12,1.83),('2012-02-03',24.89,23.83,27.06,1013.6,85.95,0.32),('2012-02-04',25.06,23.56,27.17,1013.5,83.63,0.08),('2012-02-05',25.89,24.56,28.33,1012.9,79.81,0.04),('2012-02-06',25.94,23.83,28.33,1011.3,79.83,0.02),('2012-02-07',25.83,24.06,28.33,1009.9,86.23,0.16),('2012-02-08',26.44,24.17,29.17,1011.5,82.63,0),('2012-02-09',25.78,24.17,27.67,1012.3,86.07,0.1),('2012-02-10',26,24.06,29.06,1012.5,83.13,0.08),('2012-02-11',26.11,24.33,28.33,1013.2,80.27,0.04),('2012-02-12',24.56,23.17,25.33,1012.9,84.91,0.24),('2012-02-13',24.78,24.06,26.33,1011.4,93.72,1.7),('2012-02-14',25.5,23.33,28.17,1011.2,88.16,0.39),('2012-02-15',26.22,24.56,29.06,1009.4,86.61,0.06),('2012-02-16',26.28,24.83,28.67,1008.7,87.67,0),('2012-02-17',26.5,24.33,29.33,1009,84.59,0),('2012-02-18',26.94,24.67,30.06,1009.9,83.54,0.03),('2012-02-19',25.67,25.06,27.17,1009.8,88.19,0.13),('2012-02-20',26.28,24.17,28.56,1010.1,86.19,0.08),('2012-02-21',26.11,24.33,28.83,1009.4,86.04,0.82),('2012-02-22',26.89,24.17,29.83,1008.2,82.52,0),('2012-02-23',26.72,24.67,29.56,1008.7,79.17,0),('2012-02-24',26.39,24.67,29.83,1008.8,83.57,0),('2012-02-25',26.5,24.56,29.56,1008.1,83.32,0),('2012-02-26',26.78,25.17,29.56,1008.3,84.91,0.07),('2012-02-27',26.11,25.33,28.06,1009,89.18,0.06),('2012-02-28',26.61,24.83,29.56,1008,80.94,0),('2012-02-29',27.28,25.06,30.33,1009.7,81.53,0),('2012-03-01',27.28,25.33,30.33,1010.3,76.8,0),('2012-03-02',27.17,25.17,30.06,1009.4,81.24,0.01),('2012-03-03',27.56,26.17,30.33,1010,80.9,0),('2012-03-04',26.78,25.33,29.06,1010.7,81.95,0),('2012-03-05',26.83,25.83,29.33,1010.2,82.86,0),('2012-03-06',25.61,25.17,26.06,1008.9,86.29,0),('2012-03-07',27.33,25.06,30.83,1007.5,80.19,0),('2012-03-08',26.83,25.17,30.17,1008,81.77,0.29),('2012-03-09',27.28,25.17,30.33,1008.3,84.2,0),('2012-03-10',27.17,25.83,29.67,1009.6,82.73,0),('2012-03-11',27.28,25.56,30.56,1010.7,79.79,0),('2012-03-12',26.5,25.33,28.56,1011.8,85.22,0.04),('2012-03-13',26.83,25.33,29.56,1012.8,82.16,0.01),('2012-03-14',26.89,25.17,29.33,1011.9,81.91,0.25),('2012-03-15',27.94,26.56,29.33,1012.4,77.97,0),('2012-03-16',27.5,26.33,29.83,1011.6,83.17,0.05),('2012-03-17',27.17,25.33,29.67,1011.2,83.52,0),('2012-03-18',27.17,25.56,29.17,1011.3,84.8,0),('2012-03-19',26.72,25.06,28.83,1011.2,85.6,0),('2012-03-20',25.83,24.06,28.17,1010.2,86.04,2.67),('2012-03-21',25.33,24.06,26.67,1009.8,86.39,0.08),('2012-03-22',24.89,23.83,26.06,1010.9,93.06,0.46),('2012-03-23',26.11,25.56,27.06,1011.6,90.61,0.45),('2012-03-24',27.83,26.06,31.06,1010.9,83.85,0.04),('2012-03-25',25.72,24.67,27.56,1011.6,90.11,5.33),('2012-03-26',25.78,24.56,27.67,1012.6,89.42,0.33),('2012-03-27',25.06,25.06,25.06,1013.4,90.31,0.67),('2012-03-28',25.83,25.33,26.33,1014.2,89.03,0.02),('2012-03-29',24.67,24.17,25.06,1013.7,94.34,0.82),('2012-03-30',26.5,24.56,29.33,1012.1,87.01,0),('2012-03-31',26.39,25.06,29.17,1012.7,88.82,0),('2012-04-01',27.67,26.06,30.17,1013.8,83.32,0),('2012-04-02',27.5,26.17,30.17,1014.6,85.39,0),('2012-04-03',27.5,26.56,29.67,1014.2,85.14,0),('2012-04-04',26.89,25.33,29.67,1014.4,86.86,0),('2012-04-05',27.06,25.33,29.67,1013.4,85.35,0),('2012-04-06',27.22,25.67,29.33,1012.7,85.52,0),('2012-04-07',27.72,25.67,30.17,1012.8,82.21,0),('2012-04-08',27.78,26.67,30.17,1013.1,80.08,0),('2012-04-09',27.83,26.56,30.17,1013,81.79,0.09),('2012-04-10',28,26.06,31.06,1013.6,83.02,0.08),('2012-04-11',27.56,25.67,29.83,1011.5,84,0),('2012-04-12',27.44,25.06,31.17,1010.6,86.81,0.61),('2012-04-13',27.33,26.17,30.06,1011.6,84.29,0),('2012-04-14',27.83,25.67,30.17,1012.1,83.67,0),('2012-04-15',27.39,25.83,30.33,1011.5,83.16,0),('2012-04-16',27.44,25.06,30.83,1010.5,80.7,0),('2012-04-17',27.78,25.17,30.83,1009.8,82.28,0),('2012-04-18',27.61,26.17,30.33,1009.9,81.79,0),('2012-04-19',27.17,24.56,30.33,1010.8,80.19,0),('2012-04-20',27.94,25.17,31.56,1010.5,78.54,0),('2012-04-21',27.61,25.33,30.83,1010,80.86,0),('2012-04-22',26.67,25.67,27.67,1011.9,84.7,1.08),('2012-04-23',26.78,25.17,28.06,1010.8,86.51,2.3),('2012-04-24',27.06,25.56,29.33,1010.6,87.02,0.16),('2012-04-25',27.44,25.17,30.06,1010.6,84.86,0),('2012-04-26',27.72,25.83,30.17,1011,84.23,0),('2012-04-27',26.5,24.17,29.67,1010.8,85.16,1.51),('2012-04-28',28.06,25.56,31.06,1011.3,82.61,0),('2012-04-29',28.33,25.83,31.33,1010.9,80.93,0.16),('2012-04-30',28.61,26.17,31.67,1009.7,78.17,0),('2012-05-01',28.56,25.17,31.67,1010.6,79.86,0),('2012-05-02',27.44,24.83,31.33,1010,83.12,0),('2012-05-03',27.72,24.33,31.06,1008.7,82.25,0),('2012-05-04',27.89,24.83,32.56,1008.2,81.61,0),('2012-05-05',28.61,24.56,33.33,1008.6,82.12,0),('2012-05-06',28.94,25.17,32.67,1009.1,83.06,0),('2012-05-07',29.11,25.17,33.06,1009.1,82.29,0),('2012-05-08',29.22,25.06,33.33,1009.3,83.05,0),('2012-05-09',28.89,24.06,33.06,1009.7,82.29,0),('2012-05-10',29.39,24.83,33.56,1009.3,78.62,0),('2012-05-11',29.17,25.67,33.17,1007.8,82.52,0),('2012-05-12',28.06,24.83,32.17,1006.4,84.21,0.12),('2012-05-13',28.78,26.56,32.33,1007,82.92,0),('2012-05-14',28.94,25.56,32.67,1008.3,82.87,0),('2012-05-15',28.72,25.06,32.67,1009.2,84.52,0.04),('2012-05-16',28.39,25.06,32.06,1008.8,83.62,0),('2012-05-17',28.61,24.67,32.17,1009,81.97,0),('2012-05-18',28.89,25.33,32.17,1010.2,83.93,0),('2012-05-19',29.78,25.83,34.17,1009.7,78.84,0),('2012-05-20',29.11,25.67,33.56,1007.8,82.31,0.02),('2012-05-21',28.89,25.06,34.17,1007.1,82.74,0),('2012-05-22',27.61,25.06,33.17,1008.1,87.64,0.06),('2012-05-23',27.39,24.33,31.83,1007.9,86.77,0),('2012-05-24',28.56,24.83,34.67,1007.7,82.99,0),('2012-05-25',28.94,25.17,34.67,1008.1,79.74,0),('2012-05-26',29.89,25.83,34.06,1009.2,80.12,0),('2012-05-27',29.56,25.06,34.56,1008.9,80.6,0),('2012-05-28',29.67,25.67,33.83,1008.5,80.21,0),('2012-05-29',29.28,26.17,33.17,1008.6,81.27,0),('2012-05-30',29,26.17,32.17,1007.5,80.43,0),('2012-05-31',28.89,26.17,32.56,1006.1,82.98,0.02),('2012-06-01',28.28,25.33,32.56,1004.6,86.27,0.12),('2012-06-02',28.67,25.67,32.56,1003.9,82.35,0.04),('2012-06-03',29.39,26.33,32.67,1003.9,79.12,0),('2012-06-04',28.89,26.06,32.17,1005.2,79.58,0),('2012-06-05',28.78,25.83,32.06,1005.2,84.61,0.08),('2012-06-06',29.89,26.33,33.83,1005.1,81.96,0),('2012-06-07',27.44,24.33,31.06,1007.1,89.22,1.38),('2012-06-08',27.83,24.33,31.83,1009.6,87.38,0),('2012-06-09',29.28,25.17,33.56,1009.5,81.61,0),('2012-06-10',29.78,25.83,34.17,1008.4,78.33,0),('2012-06-11',29.39,25.67,33.06,1007.4,80.57,0),('2012-06-12',29.28,26.33,32.83,1007.3,80.79,0),('2012-06-13',27.83,25.17,31.83,1007.8,83.41,0.16),('2012-06-14',28.5,25.06,32.33,1007,82.31,0),('2012-06-15',27.89,26.17,30.67,1006.6,82.94,0),('2012-06-16',28.83,25.17,33.33,1006.2,79.66,0),('2012-06-17',28.44,26.06,31.06,1007.4,81.07,0.02),('2012-06-18',29.39,25.33,34.33,1007.8,78.76,0),('2012-06-19',29.33,25.83,33.67,1007.1,77.13,0),('2012-06-20',28.83,25.17,34.06,1007.9,83.19,0),('2012-06-21',29.28,25.67,33.06,1008.8,77.74,0),('2012-06-22',29.17,25.67,33.56,1009.8,78.66,0),('2012-06-23',29.56,26.06,33.33,1009.4,77.6,0),('2012-06-24',29.67,24.67,34.83,1009.4,77.36,0),('2012-06-25',28.83,26.67,32.17,1009.2,79.6,0),('2012-06-26',28.5,25.17,32.83,1008.5,81.18,0),('2012-06-27',27.78,24.17,31.67,1007.6,84.85,0),('2012-06-28',26.94,24.83,30.33,1005.8,88.07,0.35),('2012-06-29',27.22,24.67,31.06,1006.8,84.07,0.12),('2012-06-30',27.22,26.17,29.83,1009.5,87.53,0.05),('2012-07-01',27.44,24.83,32.17,1009.3,85.45,1.14),('2012-07-02',26.83,24.06,32.67,1007,90.79,0.75),('2012-07-03',25.67,24.17,27.56,1004.2,93.73,0.28),('2012-07-04',26.56,24.06,29.06,1005.5,89.29,0.14),('2012-07-05',27.39,24.83,30.83,1007.8,86.81,0),('2012-07-06',27.33,25.06,31.17,1008.4,84.87,0),('2012-07-07',27.06,24.33,29.33,1007.2,89.16,0.79),('2012-07-08',28.39,25.06,32.17,1007.3,87.27,2.44),('2012-07-09',28.11,25.17,32.33,1008.4,86.62,1.66),('2012-07-10',27.06,24.06,30.06,1008.9,87.11,0.48),('2012-07-11',27.44,24.17,30.67,1009.3,88.61,1.86),('2012-07-12',28.06,24.67,31.56,1009.8,87.08,0.35),('2012-07-13',27.94,24.67,32.06,1009.3,84.99,0.52),('2012-07-14',28.33,25.67,32.33,1008.9,83.16,0.04),('2012-07-15',28.39,25.17,32.06,1008.4,83.96,0),('2012-07-16',28.5,25.67,32.06,1008.7,83.56,0.01),('2012-07-17',27.94,25.06,32.33,1008.5,85.44,0),('2012-07-18',27.56,25.06,32.06,1008.1,89.26,0.02),('2012-07-19',26.89,25.17,29.06,1007.3,90.03,0),('2012-07-20',25.61,24.06,28.06,1006.5,92.4,2.69),('2012-07-21',25.17,23.17,27.83,1007,91.28,1.33),('2012-07-22',24.83,23.06,27.33,1005.6,95.8,1.35),('2012-07-23',27.5,24.06,32.17,1004.7,86.19,0.02),('2012-07-24',27.28,25.67,29.67,1007,88.86,0.1),('2012-07-25',27.39,24.83,31.06,1008.7,90.18,0),('2012-07-26',27.33,24.67,31.83,1007.9,87.83,0),('2012-07-27',27.5,25.33,30.56,1005.4,84.91,0),('2012-07-28',27.39,25.33,31.17,1003.3,87.45,0.2),('2012-07-29',24.72,23.83,25.33,1001.8,97.79,1.98),('2012-07-30',25,23.83,26.17,1001.2,94.9,1.19),('2012-07-31',25.67,24.06,27.17,1001.8,92.16,0.27),('2012-08-01',26,24.33,28.56,1002.8,91.26,0.47),('2012-08-02',26.44,24.67,28.83,1004.4,88.63,0.14),('2012-08-03',27.33,24.83,30.06,1005.8,86.38,0.08),('2012-08-04',26.72,25.17,29.56,1005.6,88.76,0.22),('2012-08-05',27.28,25.56,30.33,1006.4,90.65,0.36),('2012-08-06',24.28,23.67,25.06,1008,97.71,3.07),('2012-08-07',24.78,23.06,26.06,1007.6,94.47,1.26),('2012-08-08',26.22,24.06,29.06,1007.4,92.82,0.37),('2012-08-09',26.89,24.17,30.33,1008.1,91.14,0),('2012-08-10',27.5,25.06,31.06,1009.6,84.01,0),('2012-08-11',28.72,24.67,33.06,1010.5,80.81,0),('2012-08-12',28,24.83,31.67,1009.3,79.82,0),('2012-08-13',27.39,25.56,29.06,1007.1,82.81,0),('2012-08-14',26.28,23.67,28.06,1005.6,86.64,0.39),('2012-08-15',24.22,23.33,25.67,1005.4,96.98,2.06),('2012-08-16',26.33,24.06,28.67,1007.5,89,0.18),('2012-08-17',27.5,24.67,30.83,1009.1,83.19,0),('2012-08-18',27.06,24.67,30.17,1009.5,85.02,0),('2012-08-19',25.94,23.83,28.17,1008.8,89.99,0.22),('2012-08-20',27.28,24.17,31.06,1007,84.71,0.04),('2012-08-21',26.94,24.06,30.06,1007.1,88,0.02),('2012-08-22',27.56,24.56,30.67,1007.3,87.56,0),('2012-08-23',27,24.83,29.17,1007.2,86.95,0),('2012-08-24',26.89,25.17,29.17,1008.2,85.64,0.02),('2012-08-25',27.72,25.17,31.17,1008.9,83.35,0.06),('2012-08-26',28.06,25.33,31.83,1007.5,84.52,0),('2012-08-27',28,26.06,32.83,1007.5,83.85,0),('2012-08-28',28.33,25.17,31.33,1010.1,85.56,0.04),('2012-08-29',27.06,24.67,30.67,1011.5,89.34,0.04),('2012-08-30',27.83,24.17,32.06,1010.1,85.62,0),('2012-08-31',27.72,25.06,31.33,1008.8,84.16,0.08),('2012-09-01',25.56,23.67,29.17,1008.9,93.38,2.28),('2012-09-02',26.5,23.83,29.33,1008.9,91,0.03),('2012-09-03',27.33,24.67,30.33,1009.1,88.34,0),('2012-09-04',27.17,24.17,30.83,1009.9,86.81,0),('2012-09-05',26.83,23.67,30.67,1010.9,89.84,0.48),('2012-09-06',27.67,23.67,31.67,1011.6,85.28,0),('2012-09-07',27.56,23.33,32.33,1011,83.95,1.07),('2012-09-08',27.83,24.17,31.06,1009.5,84.57,0),('2012-09-09',26.61,23.83,30.17,1008.7,89.65,0.55),('2012-09-10',26.39,24.56,30.67,1009,91.65,0.03),('2012-09-11',27.06,24.06,31.06,1009.6,88.84,0),('2012-09-12',26.89,24.83,29.17,1008.9,88.07,0),('2012-09-13',24.89,24.06,26.33,1007.4,95.06,1.34),('2012-09-14',24,23.67,24.67,1005.9,95.89,1.38),('2012-09-15',25.28,23.06,27.67,1005.5,95.43,1.39),('2012-09-16',27.11,24.83,30.06,1007.9,91.13,0),('2012-09-17',27,24.83,29.06,1008.9,92.55,0.01),('2012-09-18',26.72,24.83,29.17,1008.6,91.73,0.04),('2012-09-19',27.17,25.06,30.83,1008.7,91.5,0.67),('2012-09-20',26.39,24.56,29.33,1009.8,92.39,0.16),('2012-09-21',27.06,24.17,30.06,1009.6,89.09,0),('2012-09-22',27.78,25.83,31.33,1008.2,90.66,0.16),('2012-09-23',28.06,25.17,31.67,1006.3,89.14,0),('2012-09-24',28.22,26.17,30.56,1005,86.91,0),('2012-09-25',27.83,25.83,30.33,1005.9,84.82,0),('2012-09-26',28.33,25.33,32.33,1005.3,85.56,0),('2012-09-27',27.17,25.33,30.17,1005.9,88.78,0.2),('2012-09-28',25.83,24.17,27.17,1008.5,91,0.97),('2012-09-29',27.11,24.67,29.33,1009.9,86.26,0),('2012-09-30',27.67,25.06,30.06,1010.9,87.25,0),('2012-10-01',27.06,25.17,30.17,1011.6,87.25,0),('2012-10-02',25.44,24.67,26.56,1010.9,93.16,0.16),('2012-10-03',24.61,23.67,25.33,1007.5,95.91,2.36),('2012-10-04',26.22,23.56,29.56,1006.8,86.36,0.15),('2012-10-05',26.28,23.83,29.17,1009.4,89.44,4.37),('2012-10-06',25.61,23.06,28.17,1011.7,91.14,1.11),('2012-10-07',26.39,24.17,29.56,1011.1,88.47,0.04),('2012-10-08',27.11,23.06,31.83,1008.6,88.57,0.02),('2012-10-09',26.83,24.67,30.33,1007.7,88.47,0),('2012-10-10',26.28,24.06,29.83,1007.2,89.58,0),('2012-10-11',26.78,24.33,29.56,1007.1,89.06,0),('2012-10-12',27.22,24.56,31.83,1008.2,84.15,0),('2012-10-13',27.17,24.67,30.67,1009.1,85.79,0),('2012-10-14',27.72,24.67,31.17,1010.7,84.48,0),('2012-10-15',27.67,23.83,32.33,1011.7,81.71,0),('2012-10-16',27.61,23.67,32.06,1011.3,82.34,0),('2012-10-17',26.5,23.17,30.33,1011.1,82.16,0),('2012-10-18',26.89,23.56,30.33,1012,83.65,0),('2012-10-19',27.22,24.67,30.56,1012.5,83.59,0),('2012-10-20',27.78,24.17,31.67,1012.2,79.63,0),('2012-10-21',27.28,25.06,29.56,1011.9,87.71,0.31),('2012-10-22',27.44,25.83,30.17,1011.2,85.75,0),('2012-10-23',27.22,24.67,30.56,1009.8,84.16,0),('2012-10-24',25.28,23.33,27.06,1007.9,93.44,0.14),('2012-10-25',24.39,23.67,25.17,1004.7,97.2,7.72),('2012-10-26',25.44,23.06,27.67,1008.3,92.57,0.04),('2012-10-27',26.39,24.83,29.33,1010.4,88.49,0.43),('2012-10-28',26.28,23.83,29.67,1011,91.65,0.39),('2012-10-29',27.67,25.83,30.17,1010.9,85.84,0.02),('2012-10-30',27.22,25.06,30.33,1010,85.71,0.12),('2012-10-31',27.44,25.17,29.83,1010.1,81.76,0),('2012-11-01',27.06,25.17,30.06,1010.9,84.88,0),('2012-11-02',27.28,24.67,30.56,1010.8,84.72,0),('2012-11-03',27.11,24.56,30.33,1010.7,86.21,0),('2012-11-04',28.06,25.67,31.06,1009.9,85.55,0),('2012-11-05',27.83,25.17,31.06,1010,84.33,0),('2012-11-06',27.94,24.83,31.06,1010.6,84.24,0),('2012-11-07',27.56,25.33,30.67,1010,86.93,0.1),('2012-11-08',26.56,25.06,29.17,1009.5,90.28,0.04),('2012-11-09',27.06,24.17,30.83,1009.7,85.86,0.22),('2012-11-10',27.72,24.17,31.06,1010.2,83.25,0),('2012-11-11',27.83,25.33,31.06,1010.1,85.52,0.08),('2012-11-12',26.61,25.06,28.56,1010.2,89.81,0.86),('2012-11-13',25.89,24.06,28.17,1009.8,90.6,1.28),('2012-11-14',25.83,23.83,29.56,1010.2,89.67,0.51),('2012-11-15',27.17,24.17,31.33,1011.1,87.96,0),('2012-11-16',26.78,24.33,29.83,1011.8,85.48,0),('2012-11-17',27.17,24.67,30.06,1011.4,82.84,0),('2012-11-18',27.33,25.06,30.33,1010.8,83.41,0.04),('2012-11-19',27.39,24.67,31.06,1010.6,85.03,0.14),('2012-11-20',26.83,24.67,29.06,1011.1,87,0.02),('2012-11-21',26.78,24.67,29.83,1011.1,86.5,0),('2012-11-22',27.28,24.67,30.33,1010.8,85.98,0),('2012-11-23',27.06,24.33,30.33,1010.8,84.2,0),('2012-11-24',27.56,24.83,30.67,1012.2,83.13,0),('2012-11-25',28.11,26.56,31.06,1012.7,81.18,0),('2012-11-26',26.22,24.67,29.67,1011.9,88.05,0.17),('2012-11-27',26.78,24.33,29.67,1011.4,84.85,0.02),('2012-11-28',26.89,24.67,29.56,1011.3,84.93,0),('2012-11-29',27.06,25.06,30.06,1011.8,82.97,0),('2012-11-30',26.89,24.33,30.33,1011,82.92,0.02),('2012-12-01',27.11,24.83,29.17,1010.7,82.95,0),('2012-12-02',27.17,24.33,30.17,1010,83.41,0),('2012-12-03',26.94,23.67,30.33,1010.1,83.01,0),('2012-12-04',26.44,24.17,30.06,1009.5,85.36,0),('2012-12-05',26.44,24.56,29.67,1009.1,87.38,0.2),('2012-12-06',26.28,22.67,30.17,1009.9,89.72,0.4),('2012-12-07',25.67,23.17,28.56,1010.5,89.85,3.73),('2012-12-08',26.28,23.67,29.56,1009.5,87.49,0),('2012-12-09',26.61,23.33,30.33,1008.4,89.68,0.01),('2012-12-10',27.11,24.17,31.56,1008.6,87.61,0),('2012-12-11',26.33,24.33,28.17,1009.8,86.13,0),('2012-12-12',25.22,23.83,27.06,1011.9,87.99,0.2),('2012-12-13',25.22,23.33,28.06,1013.8,89.19,0.28),('2012-12-14',25.22,24.17,27.17,1013.9,90.36,0.83),('2012-12-15',26.39,23.33,29.33,1012.6,88.02,0.39),('2012-12-16',27.22,24.56,29.67,1012,85.53,0),('2012-12-17',26.78,24.56,30.06,1012.1,85.68,0),('2012-12-18',26.06,24.17,29.06,1012.5,87.2,0.12),('2012-12-19',26.06,24.06,28.83,1012.2,87.12,0),('2012-12-20',25.94,23.56,28.33,1012.3,86.61,0.06),('2012-12-21',26.78,24.17,29.17,1011.3,85.6,0),('2012-12-22',26.44,23.83,28.83,1011.1,84.8,0),('2012-12-23',25.83,23.67,28.06,1011.8,80.96,0),('2012-12-24',25.83,23.33,28.33,1011.7,84.14,0.47),('2012-12-25',25.78,23.67,28.06,1010.5,84.24,0.11),('2012-12-26',24.61,23.67,26.06,1008.9,93.24,0.32),('2012-12-27',24.67,22.33,26.33,1009.7,92.01,0.2),('2012-12-28',26.67,23.67,29.17,1008.9,84.03,0.02),('2012-12-29',26.5,24.67,29.17,1009.3,88.44,0),('2012-12-30',27.11,25.17,30.06,1009.5,86.04,0.08),('2012-12-31',25.17,22.67,27.56,1010.8,91.64,0.36),('2013-01-01',25.94,24.06,27.06,1012.3,89.66,0.53),('2013-01-02',26.11,24.06,28.83,1012.8,88.89,0),('2013-01-03',25.67,24.67,26.83,1011.5,94.1,0.22),('2013-01-04',26.22,23.83,28.33,1009.6,86.57,0.16),('2013-01-05',25.94,24.33,28.83,1008.7,90.01,0.4),('2013-01-06',26.17,24.33,28.56,1010.1,90.32,0.04),('2013-01-07',26.22,24.67,29.17,1010.3,89.62,0.08),('2013-01-08',25.94,23.67,28.56,1011.1,87.4,0.35),('2013-01-09',25.78,23.67,28.33,1010.6,89.22,0),('2013-01-10',26,24.33,28.56,1010.5,85.78,0),('2013-01-11',24.22,23.17,25.06,1010.3,96.19,0.8),('2013-01-12',25.5,24.06,29.06,1008.9,93.25,0.39),('2013-01-13',26.39,23.67,29.83,1007.6,89.18,0),('2013-01-14',26.06,24.67,29.17,1009.8,84.62,0),('2013-01-15',24.39,23.56,25.17,1014.1,89.19,0.09),('2013-01-16',23.89,23.17,25.33,1014.7,89.77,0.32),('2013-01-17',24.67,22.33,28.06,1015,85.03,0.08),('2013-01-18',24.11,23.33,25.17,1015.8,82.77,0.49),('2013-01-19',24.33,22.67,25.67,1015.3,83.01,0.04),('2013-01-20',25.11,23.06,28.17,1016.3,79.01,0),('2013-01-21',24.39,22.06,26.67,1014.9,88.09,0.28),('2013-01-22',25.61,22.83,29.17,1014.2,85.4,0.24),('2013-01-23',25.89,23.33,29.33,1013.9,83.39,0),('2013-01-24',25.56,22.17,28.67,1013.5,81.06,0),('2013-01-25',26,23.67,29.06,1012.4,82.62,0),('2013-01-26',25.78,23.67,28.83,1011.8,84.22,0.31),('2013-01-27',26.11,24.06,28.83,1012.5,84.85,0),('2013-01-28',25.72,23.33,28.67,1013.7,87.69,0),('2013-01-29',25.72,23.56,28.83,1015.1,85.02,0.07),('2013-01-30',26.11,24.06,29.56,1016.6,85.13,0),('2013-01-31',24.06,23.33,24.83,1015.8,90.57,0.26),('2013-02-01',25.61,23.06,28.83,1014.9,84.9,0.2),('2013-02-02',25.94,23.83,28.17,1014.8,87.41,0.04),('2013-02-03',25,24.06,27.06,1015,92.65,0.28),('2013-02-04',25.89,24.17,28.06,1014.5,86.66,0),('2013-02-05',25.94,23.83,28.67,1014.1,86.25,0),('2013-02-06',25.72,23.67,28.06,1012.3,87.06,0),('2013-02-07',25.44,22.67,27.83,1010.5,90.03,0.12),('2013-02-08',26,23.67,29.06,1011.6,86.42,0),('2013-02-09',26.5,23.83,29.67,1012.2,85.39,0),('2013-02-10',25.94,24.06,29.06,1012.6,85.92,0.02),('2013-02-11',26.28,24.56,29.06,1011.9,86.27,0),('2013-02-12',26.39,24.06,29.67,1011.3,88.58,0.12),('2013-02-13',26.06,24.33,27.83,1011.3,88,0.17),('2013-02-14',26.06,23.67,29.06,1011.2,84.48,0.2),('2013-02-15',26.56,24.17,30.06,1011.4,82.72,0),('2013-02-16',26.28,23.67,29.56,1012.4,87.15,0),('2013-02-17',26.5,24.33,29.67,1011.5,87.58,0),('2013-02-18',26.44,24.83,29.33,1011.4,86.68,0),('2013-02-19',26.61,24.56,30.17,1010.3,85.42,0.08),('2013-02-20',25.22,24.06,27.17,1010,92.02,0.51),('2013-02-21',25.06,24.06,27.06,1010.2,92.33,1.8),('2013-02-22',24.78,22.67,27.06,1010.7,92.36,3.32),('2013-02-23',26,23.06,29.06,1012.6,88.71,0.3),('2013-02-24',26.5,23.67,29.17,1013.2,84.83,0),('2013-02-25',25.83,23.67,28.67,1013.1,91.31,0.21),('2013-02-26',27.17,24.67,29.56,1013,84.62,0),('2013-02-27',26.56,24.83,29.83,1011.9,87.12,0),('2013-02-28',27,25.06,29.83,1011.1,88.67,0),('2013-03-01',26.39,24.67,29.17,1012.5,87.66,0),('2013-03-02',27.61,26.06,29.83,1013.6,84.42,0),('2013-03-03',25.39,23.33,27.17,1013.8,90.93,1.26),('2013-03-04',25.56,23.17,27.83,1014.1,88.49,0.03),('2013-03-05',24.94,23.83,26.83,1015.4,87.94,0.25),('2013-03-06',25.56,22.83,28.56,1014.9,86.59,0),('2013-03-07',26.22,24.06,29.06,1013.9,85.11,0),('2013-03-08',24.17,23.17,25.33,1013.5,91.76,0.3),('2013-03-09',25.44,23.06,28.56,1012.8,86.04,0),('2013-03-10',26.22,23.06,29.06,1011.7,89.41,0.02),('2013-03-11',26.28,23.17,30.06,1011.2,86.1,2.33),('2013-03-12',26.83,23.17,30.67,1011.9,84.18,2.05),('2013-03-13',26.83,23.33,30.56,1012.2,86.38,0.56),('2013-03-14',27.22,23.17,31.06,1012.9,83,0),('2013-03-15',27.17,24.17,30.33,1013.6,81.57,0),('2013-03-16',27,24.06,29.83,1014.2,82.35,0),('2013-03-17',27.28,24.17,30.33,1012.2,82.06,0),('2013-03-18',26.83,23.17,30.17,1010.5,85.83,1.03),('2013-03-19',27.39,23.67,31.17,1010.8,84.03,0),('2013-03-20',27.11,24.67,30.56,1011.2,82.38,0),('2013-03-21',26.56,23.56,30.33,1011.1,85.46,0.08),('2013-03-22',27.06,24.17,30.06,1010.2,86.39,0.17),('2013-03-23',27.44,24.56,30.56,1010.2,84.43,0),('2013-03-24',27.22,23.83,30.56,1010,86.43,0.16),('2013-03-25',27.56,23.67,30.67,1009.5,84.4,0),('2013-03-26',28,25.06,31.06,1010.1,81.12,0),('2013-03-27',28.22,25.06,31.33,1010.5,79.87,0),('2013-03-28',28.28,25.83,31.06,1010.3,81.23,0),('2013-03-29',28.5,25.67,31.33,1010.6,78.53,0),('2013-03-30',28.67,26.17,31.17,1010.3,75.71,0.02),('2013-03-31',27,23.83,31.33,1011,81.97,0.35),('2013-04-01',28.33,25.56,31.56,1011.5,80.04,0),('2013-04-02',28.28,25.67,31.56,1010.4,80.08,0.08),('2013-04-03',28.22,25.33,31.17,1008.9,82.36,0),('2013-04-04',28,26.56,31.17,1007.9,82.81,0),('2013-04-05',29.11,26.06,31.67,1007.2,79.52,0),('2013-04-06',29.56,27.83,33.06,1006.1,83.36,0),('2013-04-07',30.06,27.83,33.67,1008.1,79.12,0),('2013-04-08',29.39,26.06,32.33,1008.7,80.59,0),('2013-04-09',29.44,26.83,33.17,1010.3,79.83,0),('2013-04-10',28.56,26.83,31.56,1010.6,80.2,0),('2013-04-11',29.17,26.67,32.83,1010.7,78.81,0),('2013-04-12',28.94,26.56,32.17,1011.5,79.43,0),('2013-04-13',28.89,26.56,32.06,1011.2,81.39,0),('2013-04-14',29.06,25.83,33.33,1010.6,78.51,0.16),('2013-04-15',28.5,24.83,32.67,1008.9,82.7,0),('2013-04-16',28.78,25.56,31.17,1008.7,81.19,0),('2013-04-17',28.94,25.56,32.83,1008.3,79.66,0.01),('2013-04-18',28.83,25.33,32.67,1008.9,81.47,0),('2013-04-19',29.17,25.83,32.56,1008.6,80.72,0.03),('2013-04-20',27.72,24.83,31.06,1009.9,88.82,1.44),('2013-04-21',29,25.67,33.06,1010.3,83.14,0),('2013-04-22',29.17,26.83,31.83,1011.2,80.48,0),('2013-04-23',29.39,26.06,32.33,1011.7,81.81,0),('2013-04-24',28.39,26.56,32.06,1011.5,83.01,0.07),('2013-04-25',28.28,26.06,32.67,1010.8,78.55,0),('2013-04-26',29,25.67,33.33,1010,80.44,0),('2013-04-27',27.28,25.06,29.33,1009.6,87.63,0.2),('2013-04-28',28.61,25.06,32.33,1010.3,83.14,0.24),('2013-04-29',28.67,24.56,33.06,1010.7,82.15,0.23),('2013-04-30',28.72,25.06,32.83,1010,80.85,0),('2013-05-01',28.72,24.67,32.83,1008,81.99,0),('2013-05-02',28.72,25.06,32.67,1007.9,82.26,0),('2013-05-03',28.5,25.33,32.17,1008.9,82.33,0.04),('2013-05-04',29.17,25.67,32.56,1010.4,80.11,0),('2013-05-05',29.44,26.33,32.33,1010.5,81.42,0),('2013-05-06',30.11,26.06,33.56,1008.8,76.69,0),('2013-05-07',29.39,26.17,33.83,1007.9,81.65,0.08),('2013-05-08',29.61,26.83,33.56,1008.5,81,0),('2013-05-09',28.17,25.56,31.06,1009.4,86.68,0.56),('2013-05-10',27.5,24.33,31.06,1008.9,86.51,2.8),('2013-05-11',28.33,25.33,33.06,1008,82.83,0),('2013-05-12',28.11,24.67,33.17,1009,85.78,0.12),('2013-05-13',27.44,24.83,32.67,1009.2,87.24,0.5),('2013-05-14',26.67,24.17,31.56,1007.9,90.98,0.53),('2013-05-15',26.33,24.67,30.56,1008.4,92.85,0.16),('2013-05-16',27,24.56,30.17,1009.5,88.61,0),('2013-05-17',28.22,24.33,32.56,1010.3,83.93,0.04),('2013-05-18',28.83,25.56,32.17,1009.6,82.58,0),('2013-05-19',29.44,25.06,33.17,1008.8,80.98,0),('2013-05-20',28.67,25.33,33.06,1009.1,84.75,0),('2013-05-21',28.5,25.56,32.67,1009.6,83.53,0),('2013-05-22',27.5,24.83,32.56,1009.9,83.38,0),('2013-05-23',29.33,25.67,33.06,1010.4,80.05,0),('2013-05-24',28.78,27.67,32.17,1009.7,80.19,0),('2013-05-25',29,26.06,33.06,1009.4,76.88,0),('2013-05-26',28.72,26.06,32.06,1009.3,79.42,0.01),('2013-05-27',29.33,26.06,33.17,1009.6,79.55,0),('2013-05-28',29.06,25.67,33.56,1010.3,80.32,0.01),('2013-05-29',28.89,25.33,33.33,1010.3,80.97,0.03),('2013-05-30',26.22,23.83,28.06,1009.7,91.56,1.17),('2013-05-31',27.5,25.06,30.17,1009,87.94,0.72),('2013-06-01',29,25.17,32.67,1007.7,82.17,0.39),('2013-06-02',27.33,25.06,31.17,1007.1,85.69,0),('2013-06-03',28.33,24.33,33.06,1007.9,84.08,0.98),('2013-06-04',28.61,24.06,32.56,1009,84.87,0.16),('2013-06-05',28.17,24.06,32.06,1009.8,86.14,2.52),('2013-06-06',28.56,24.83,32.17,1008.6,84.21,0.2),('2013-06-07',28.83,26.56,32.17,1006.3,82.49,0),('2013-06-08',27.06,25.33,32.06,1005.7,90.38,2.43),('2013-06-09',28.39,25.56,33.06,1005.1,85.69,0),('2013-06-10',29,25.06,33.17,1005.1,82.6,0),('2013-06-11',28.11,24.67,33.06,1005.2,86.39,2.09),('2013-06-12',27,24.56,30.06,1005.8,90.92,0.04),('2013-06-13',27.94,25.67,31.56,1005.1,88.69,0),('2013-06-14',27.94,26.06,31.17,1005.1,87.97,0),('2013-06-15',28.17,26.06,31.83,1006.5,85.65,0),('2013-06-16',27.56,24.83,31.06,1006.5,89.59,1.46),('2013-06-17',27.61,24.67,31.17,1004.2,88.96,0.08),('2013-06-18',27.11,25.33,30.06,1003.1,90.38,0.14),('2013-06-19',26.39,25.06,29.56,1003.7,94.79,0.42),('2013-06-20',26.94,25.06,30.06,1005.2,90.74,0.02),('2013-06-21',27.17,25.17,30.83,1006.4,87,0.55),('2013-06-22',26.83,24.67,30.06,1008.6,90.25,0.79),('2013-06-23',27.11,24.56,30.33,1010.1,89.83,0),('2013-06-24',27.83,24.33,31.06,1010.6,85.42,0),('2013-06-25',28.56,25.33,32.33,1010.6,84.41,0),('2013-06-26',27.78,24.67,31.56,1010.5,87.08,0.29),('2013-06-27',28.56,24.67,32.06,1009.1,84.94,0),('2013-06-28',29.28,26.67,31.83,1008.3,85.33,0),('2013-06-29',26,24.06,32.06,1006.9,94,1.93),('2013-06-30',25.5,23.06,29.06,1006,93.55,0.56),('2013-07-01',28.06,24.56,32.06,1008.3,85.18,0),('2013-07-02',28.61,25.17,32.17,1008.5,83.83,0),('2013-07-03',25.5,24.17,26.67,1008.9,94.94,3.7),('2013-07-04',25.67,23.67,27.17,1008.4,96.53,0.35),('2013-07-05',27.22,24.67,29.83,1009.1,89.08,0.16),('2013-07-06',26.61,24.17,29.17,1009.9,90.19,0.88),('2013-07-07',25.78,23.06,28.33,1010.8,92.71,2.28),('2013-07-08',26.83,23.83,30.33,1010.9,88.51,0.87),('2013-07-09',27.89,24.56,31.33,1008.1,85.89,0),('2013-07-10',28,24.56,31.33,1007.4,88,0.02),('2013-07-11',28.28,24.83,32.83,1006.9,86.05,0),('2013-07-12',27.56,26.06,32.56,1006.3,90.61,0.12),('2013-07-13',26.83,24.67,31.17,1006.6,89.1,0.35),('2013-07-14',27.83,24.56,31.06,1008,88.48,0),('2013-07-15',28.11,25.83,31.06,1008.1,86.68,0.18),('2013-07-16',27.28,24.33,30.67,1006.7,89.81,0.39),('2013-07-17',26.22,24.33,30.06,1006.6,93.63,0.08),('2013-07-18',27.28,23.83,30.67,1006.1,88.07,0),('2013-07-19',27.94,25.17,31.33,1007.1,84.53,0),('2013-07-20',27.61,24.67,31.33,1007.8,89.09,0.31),('2013-07-21',27.06,24.83,30.17,1006.5,89.18,0.35),('2013-07-22',26.89,24.06,30.67,1007.3,90.2,2.52),('2013-07-23',25.56,23.56,27.67,1009.4,91.53,0.98),('2013-07-24',26.61,23.33,30.06,1010.6,88.62,0.01),('2013-07-25',27.61,24.06,30.67,1009.5,85.39,0),('2013-07-26',27.44,24.17,30.67,1009.6,87.86,0.12),('2013-07-27',27.28,24.33,30.83,1009.1,87.46,0),('2013-07-28',27.06,24.67,31.17,1008.6,89.47,0.07),('2013-07-29',25.72,23.83,29.06,1006.9,92.9,0.72),('2013-07-30',26.56,24.06,30.17,1004.6,87.05,0.47),('2013-07-31',26.56,24.33,29.06,1004.5,93.05,0.18),('2013-08-01',27.22,23.56,31.17,1005.3,88.71,0.54),('2013-08-02',27.72,25.17,30.83,1009,87.32,0),('2013-08-03',27.56,24.67,29.83,1010.7,87.45,0.39),('2013-08-04',27.06,25.06,29.83,1009.1,90.93,1.06),('2013-08-05',27.67,26.56,30.06,1007.5,91.18,0.08),('2013-08-06',25.5,25.06,26.06,1009,94.26,0.41),('2013-08-07',26.94,24.83,30.83,1010.1,89.75,0),('2013-08-08',27.78,25.83,31.33,1009.1,85,0.04),('2013-08-09',27.17,25.33,30.17,1007.6,90.07,1.34),('2013-08-10',27.33,25.83,29.67,1007.4,90.84,0.03),('2013-08-11',26.28,25.06,27.67,1006.3,93.59,0.39),('2013-08-12',25.72,25.33,26.06,1003.8,94.26,1.02),('2013-08-13',25.67,24.06,27.33,1006.5,90.57,0.63),('2013-08-14',27.06,25.56,29.17,1008.7,89.87,0),('2013-08-15',27.61,25.33,31.17,1009.4,86.76,0),('2013-08-16',28.06,25.67,32.06,1007.1,84.35,0),('2013-08-17',28.17,26.17,29.67,1005.5,86.97,0),('2013-08-18',28.28,26.83,29.33,1004.9,85.68,0.01),('2013-08-19',24.33,23.83,25.17,1005.6,98.96,2.67),('2013-08-20',25.11,23.67,27.33,1003.9,93.19,0.58),('2013-08-21',25.17,24.56,26.17,1004,98.53,0.87),('2013-08-22',26.72,24.33,30.06,1006.3,93.29,0.02),('2013-08-23',26.94,25.56,29.06,1008.1,93.37,0),('2013-08-24',27.61,26.06,31.06,1007.9,89.11,0),('2013-08-25',27,24.56,30.56,1006.9,91.2,0.16),('2013-08-26',25.89,24.17,28.56,1006,93.48,0.63),('2013-08-27',26.72,24.67,29.06,1006.8,89.53,0.03),('2013-08-28',27.56,25.67,29.83,1008.2,85.44,0),('2013-08-29',27.5,25.83,30.06,1009.7,85.25,0),('2013-08-30',27.39,25.06,29.56,1010.5,86.67,0),('2013-08-31',28,25.56,30.17,1009.9,84.87,0),('2013-09-01',28.5,25.83,30.33,1010.5,82.57,0),('2013-09-02',28.28,26.56,31.56,1010.3,87.86,0),('2013-09-03',28.28,25.83,30.33,1008.5,86.39,0),('2013-09-04',27.78,26.33,30.83,1008,88.54,0.05),('2013-09-05',26.89,25.06,30.17,1008.6,87.72,0.05),('2013-09-06',27.28,25.33,31.06,1009.5,86.72,0.08),('2013-09-07',27.72,25.17,30.67,1009.3,86.44,0.08),('2013-09-08',27.67,26.17,31.17,1008.9,87.7,0.16),('2013-09-09',27.39,25.17,30.83,1008.7,90.89,0.43),('2013-09-10',27.28,25.56,29.83,1008.4,86.6,0.08),('2013-09-11',27.17,25.06,30.83,1008.7,86.99,0),('2013-09-12',26.39,25.06,28.17,1008.9,91.1,0.02),('2013-09-13',26.56,24.83,28.06,1008.6,89.61,0.08),('2013-09-14',27.11,25.56,29.83,1006.3,87.69,0.04),('2013-09-15',26.33,25.06,29.17,1005.7,93.78,0.2),('2013-09-16',26.72,24.83,29.17,1005.7,92.75,0.2),('2013-09-17',26.61,25.17,30.17,1005.4,92.39,0.02),('2013-09-18',26.83,24.67,30.17,1004.9,88.82,0.01),('2013-09-19',27,25.33,30.56,1003.5,88.87,0.2),('2013-09-20',26.67,25.06,28.83,1004,86.83,0.42),('2013-09-21',25.72,25.17,26.83,1000.8,88.5,0.45),('2013-09-22',24.89,24.33,25.33,1003.8,93.21,2.68),('2013-09-23',25.22,24.06,26.83,1005.4,94.35,0.59),('2013-09-24',26.22,24.17,27.83,1005.8,88.76,0.2),('2013-09-25',26,25.17,27.67,1006.5,94.84,0.33),('2013-09-26',24.83,24.56,25.06,1007.8,94.45,0.31),('2013-09-27',25.22,24.17,27.33,1007.1,94.93,1.3),('2013-09-28',26.39,24.56,28.17,1005.5,89.02,0.67),('2013-09-29',27.28,25.17,29.17,1005.2,88.79,0),('2013-09-30',27.22,25.83,30.56,1006.2,89.09,0),('2013-10-01',27.06,24.83,29.83,1007.7,85.49,0),('2013-10-02',27.28,25.33,31.17,1007.9,87.51,0),('2013-10-03',27.11,25.33,29.17,1007.6,88.36,0.01),('2013-10-04',28.06,26.06,31.33,1006.2,85.79,0),('2013-10-05',28.17,26.56,31.17,1005.1,86.26,0),('2013-10-06',27.39,25.17,31.17,1005.1,85.31,0),('2013-10-07',26.44,24.33,30.17,1004.8,85.25,0),('2013-10-08',27.11,25.33,29.67,1006.7,83.54,0),('2013-10-09',26.89,25.17,31.17,1007.4,86.54,0),('2013-10-10',27.22,25.06,30.56,1006.7,87.19,0),('2013-10-11',26.28,25.33,28.33,1003.3,92.11,0.03),('2013-10-12',25.11,24.33,26.17,1001.2,91.59,0.31),('2013-10-13',26.17,24.33,28.17,1005.8,86.98,0),('2013-10-14',26.83,25.33,30.06,1007.7,86.11,0),('2013-10-15',26.72,24.67,28.83,1009.9,89.68,0),('2013-10-16',26.67,25.56,28.33,1011.8,90.43,0.28),('2013-10-17',25.5,24.67,26.83,1012,90.42,0.71),('2013-10-18',26.61,24.56,29.06,1011.1,85.59,0.03),('2013-10-19',26.44,25.06,29.06,1010.4,91.69,0.04),('2013-10-20',26.06,23.67,30.33,1008.8,88.18,0.04),('2013-10-21',26.94,25.17,29.33,1007.5,87.85,0),('2013-10-22',27.17,25.06,29.83,1008.9,86.12,0),('2013-10-23',26.67,25.17,29.56,1007.7,86.32,0.31),('2013-10-24',27.06,25.06,29.33,1006.9,85.13,0),('2013-10-25',26.78,25.33,30.06,1008,83.94,0),('2013-10-26',26.44,24.17,29.17,1010.2,85.59,0.12),('2013-10-27',24.67,23.83,25.17,1011.8,93.98,0.65),('2013-10-28',26.22,23.67,29.17,1012.6,86.99,0.04),('2013-10-29',26.5,24.06,29.33,1012.1,85.15,0),('2013-10-30',25.72,24.33,27.17,1010.4,88.79,0),('2013-10-31',26.39,24.06,30.17,1008.3,90.24,0),('2013-11-01',26.5,24.83,30.17,1008.3,89.3,0),('2013-11-02',25.89,23.83,29.17,1009.1,90.46,0.04),('2013-11-03',27,24.17,30.06,1009.1,92.02,0.16),('2013-11-04',26.5,26.06,27.06,1009.5,94.1,0.12),('2013-11-05',27.56,25.67,29.67,1009.5,87.2,0.39),('2013-11-06',27.39,25.33,29.83,1010.3,86.35,0.04),('2013-11-07',26.5,25.06,29.67,1008.7,91.27,0.67),('2013-11-08',25.33,24.67,26.17,1003.6,96.29,1.91),('2013-11-09',26.39,24.67,27.83,1006.4,87.34,7.28),('2013-11-10',27.78,26.83,29.33,1010.6,88.06,0),('2013-11-11',26.33,24.17,29.33,1009.1,89.95,0.71),('2013-11-12',26.5,25.17,28.83,1007.5,89.28,0.02),('2013-11-13',26.5,24.33,28.67,1006.3,87.34,1.32),('2013-11-14',26.78,24.83,29.83,1008.7,87.31,0.02),('2013-11-15',27.17,25.67,29.83,1010.5,90.78,0.39),('2013-11-16',26.17,24.06,29.17,1010.6,92.83,3.31),('2013-11-17',26.72,25.06,29.83,1010,87.33,0),('2013-11-18',26.44,24.67,28.56,1010.7,88.19,0.2),('2013-11-19',26.22,24.67,28.06,1011.6,86.3,0.08),('2013-11-20',26.06,25.06,27.17,1010.8,86.13,0),('2013-11-21',26.22,24.83,28.17,1009.9,87.37,0.24),('2013-11-22',26.5,24.33,29.17,1010.9,85.99,0.83),('2013-11-23',27,25.06,29.56,1010,86.19,0),('2013-11-24',26.06,23.56,29.06,1009.7,90.35,0.28),('2013-11-25',26,24.56,28.83,1008.6,90.61,0.08),('2013-11-26',26.5,24.33,29.83,1009.1,87.46,0),('2013-11-27',25.78,24.67,26.67,1010.6,88.65,0),('2013-11-28',27.06,25.06,29.33,1011.4,86.14,0),('2013-11-29',26.5,25.56,28.67,1011.8,91.09,0.09),('2013-11-30',25.78,24.83,27.67,1011.9,89.49,0.09),('2013-12-01',26.83,24.17,29.56,1011.6,86.02,0.04),('2013-12-02',26.22,24.83,29.17,1011,88.05,0),('2013-12-03',25.72,24.67,27.67,1010.7,88.79,0.06),('2013-12-04',25.17,24.17,27.33,1010,91.46,0.02),('2013-12-05',25.39,24.67,26.67,1009.6,90.07,0.01),('2013-12-06',25.33,24.33,26.83,1009,90.03,0.02),('2013-12-07',25.33,24.56,26.33,1010.1,89.03,0),('2013-12-08',26.39,24.67,29.06,1010.1,86.53,0.02),('2013-12-09',26.72,24.67,29.67,1008.4,86.81,0),('2013-12-10',26.72,25.17,29.17,1007.7,88.43,0.02),('2013-12-11',26.89,25.33,29.33,1008.3,87.59,0),('2013-12-12',26.5,25.33,28.56,1008.6,86.89,0.72),('2013-12-13',26,24.67,28.06,1010.2,93.31,0.03),('2013-12-14',26.28,25.67,27.06,1011.2,93.85,0.08),('2013-12-15',26.39,25.06,27.83,1010.7,90.45,0.87),('2013-12-16',26.39,24.67,28.83,1009.5,86.31,0.43),('2013-12-17',26.94,24.67,30.06,1007.6,86.78,0),('2013-12-18',26.44,24.83,30.06,1007.7,88.24,0.16),('2013-12-19',26.39,24.67,29.17,1009.3,88.2,0),('2013-12-20',26,23.67,28.83,1009.9,90.2,0.03),('2013-12-21',25.44,24.83,26.06,1010.4,94.65,0.02),('2013-12-22',26.61,25.56,29.17,1011.5,90.95,0),('2013-12-23',26.61,25.06,29.17,1011.1,90.34,0),('2013-12-24',26.28,24.83,28.56,1011.4,93.79,0),('2013-12-25',26.44,24.67,29.17,1010.6,93.14,1.06),('2013-12-26',26.83,25.56,29.17,1009.5,92.68,0.04),('2013-12-27',25.72,25.17,27.17,1010,93.58,0.55),('2013-12-28',25.72,24.67,27.56,1010.4,87.76,0),('2013-12-29',25.67,24.67,27.06,1011.6,88.91,0),('2013-12-30',25.72,24.67,26.83,1013,88.21,0.24),('2013-12-31',26.39,25.17,28.67,1013.1,89.15,0),('2014-01-01',25.72,24.56,28.06,1012.9,88.01,0),('2014-01-02',25.72,24.17,28.17,1012.8,88.03,0),('2014-01-03',25.89,24.17,28.17,1012.2,87.52,0),('2014-01-04',26.06,24.56,29.17,1011,89.06,0),('2014-01-05',26.11,25.06,28.67,1011,87.85,0.02),('2014-01-06',25.56,24.56,28.06,1011.4,89.42,0.43),('2014-01-07',25.56,24.17,28.33,1011.7,87.69,0.24),('2014-01-08',25.89,24.06,28.56,1012.5,83.91,0),('2014-01-09',25.94,24.83,27.06,1013.4,83.54,0),('2014-01-10',25.28,25.06,25.56,1015.2,82.54,0),('2014-01-11',26.06,24.67,28.83,1015.1,86.42,0),('2014-01-12',24.94,24.06,26.06,1013.7,83.73,0),('2014-01-13',24.83,24.06,26.17,1011,87.76,0),('2014-01-14',24.89,23.67,26.17,1009.4,88.16,0),('2014-01-15',24.5,24.17,25.06,1011.9,85.35,0.02),('2014-01-16',24.39,23.67,26.17,1014,82.39,0),('2014-01-17',23.56,22.83,25.06,1013.5,84.92,0),('2014-01-18',23.72,23.06,24.83,1014.6,80.54,0),('2014-01-19',23.89,23.06,25.06,1015.7,76.55,0),('2014-01-20',23.28,21.33,26.06,1014.3,83.84,0),('2014-01-21',23.72,22.06,25.17,1012.9,85.13,0),('2014-01-22',24,22.33,26.06,1012.8,81.97,0),('2014-01-23',22.89,22.56,23.33,1014.6,86.69,0.61),('2014-01-24',22.72,21.17,24.56,1014.2,85.67,0.39),('2014-01-25',23.56,21.06,27.06,1013.7,84.86,0),('2014-01-26',23.83,21.67,27.17,1013.3,80.84,0),('2014-01-27',23.89,22.83,25.17,1013.8,83.09,0),('2014-01-28',24,22.67,26.33,1013.8,83.18,0),('2014-01-29',24.17,21.83,28.06,1013.9,83.5,0),('2014-01-30',24.78,23.33,27.17,1014.1,85.4,0),('2014-01-31',24,21.83,26.83,1013.8,84.28,0.2),('2014-02-01',23.33,22.06,24.33,1009.3,91.79,0.24),('2014-02-02',24.72,23.67,27.17,1009.2,88.48,0),('2014-02-03',25.22,23.33,28.17,1008.7,84.4,0),('2014-02-04',25.11,22.56,29.17,1009,88.36,0),('2014-02-05',26.06,23.83,29.17,1009.6,86.56,0),('2014-02-06',26.56,24.33,29.33,1009.4,87.9,0),('2014-02-07',26.78,25.06,29.67,1008.2,86.23,0),('2014-02-08',27.61,26.06,29.67,1008.8,84.96,0.01),('2014-02-09',27,25.67,29.17,1008,84.02,0),('2014-02-10',26.28,24.33,29.56,1008.5,85.68,0),('2014-02-11',25.5,24.67,26.56,1009.3,88.52,0),('2014-02-12',25,24.06,26.17,1010.9,89.04,0.02),('2014-02-13',25.06,23.67,27.56,1013,87.35,0),('2014-02-14',24.94,22.06,28.06,1012.6,84.37,0),('2014-02-15',25.28,23.56,28.56,1013.7,81.74,0),('2014-02-16',25.39,23.83,28.06,1014.7,83.27,0),('2014-02-17',25.89,24.67,28.56,1015.5,85.61,0),('2014-02-18',25.72,24.17,28.56,1014.2,84.35,0),('2014-02-19',24.78,22.67,28.56,1013.2,82.06,0),('2014-02-20',24.22,21.06,28.56,1014.4,80.22,0),('2014-02-21',23.72,22.17,25.56,1015.7,87.71,0),('2014-02-22',23.28,21.83,25.06,1016.3,89.31,0.02),('2014-02-23',23,21.83,25.17,1015.8,93.11,0.08),('2014-02-24',25.28,23.33,27.56,1016.1,82.55,0),('2014-02-25',25.44,23.17,29.17,1014.8,82.97,0),('2014-02-26',26,24.56,29.17,1014.3,83.02,0),('2014-02-27',26.22,24.17,28.56,1014.4,84.5,0),('2014-02-28',26.33,25.17,29.06,1013.7,83.02,0),('2014-03-01',26.78,25.06,29.67,1013.1,81.35,0),('2014-03-02',26.22,24.17,29.83,1011.4,81.08,0),('2014-03-03',26.22,23.56,30.56,1012.5,78.44,0),('2014-03-04',26.5,24.33,30.56,1013.7,80,0),('2014-03-05',26.22,24.06,30.56,1013.5,82.9,0),('2014-03-06',26.56,24.67,29.67,1013.1,78.6,0),('2014-03-07',25.72,24.67,27.17,1014.4,87.29,0.12),('2014-03-08',26.22,24.17,29.17,1013.9,84.22,0),('2014-03-09',26.28,24.17,30.17,1013.7,81.26,0),('2014-03-10',26.5,24.17,30.56,1014.4,84.15,0),('2014-03-11',26.28,24.83,28.56,1014.6,84.81,0.02),('2014-03-12',27.06,25.17,30.06,1013.7,80.24,0.24),('2014-03-13',27.67,25.67,31.06,1013,82.37,0),('2014-03-14',27.17,25.33,29.17,1013.9,86.41,0.01),('2014-03-15',26.33,26.06,26.83,1015,87.88,0),('2014-03-16',27.56,26.06,30.56,1015.9,75.88,0),('2014-03-17',27.11,24.83,30.67,1015.4,77.52,0),('2014-03-18',27.56,25.56,30.83,1013.6,78.39,0),('2014-03-19',27.06,25.56,30.06,1012.1,77.55,0),('2014-03-20',27.5,25.67,30.56,1010,81.04,0),('2014-03-21',25.61,24.67,27.06,1010,86.07,0.01),('2014-03-22',26,24.83,28.06,1011.6,89.27,0.31),('2014-03-23',26.33,25.06,26.83,1013,81.76,0),('2014-03-24',25.22,24.67,26.33,1013.1,90.63,0.09),('2014-03-25',26.89,24.56,30.33,1011.5,88,0.06),('2014-03-26',27.28,25.56,31.67,1011.3,85.01,0.02),('2014-03-27',27,25.06,29.83,1010.8,85.66,0.05),('2014-03-28',27.89,25.83,30.67,1011.2,82.55,0.01),('2014-03-29',28.17,25.56,31.06,1009.8,82.76,0),('2014-03-30',28.33,25.83,32.06,1010.4,79.34,0),('2014-03-31',27.72,25.33,30.83,1009.8,73.86,0),('2014-04-01',27.67,24.06,31.06,1009.6,72.46,0),('2014-04-02',27.94,25.56,32.56,1010.1,80.76,0),('2014-04-03',28.28,26.06,31.67,1010.5,78.28,0),('2014-04-04',28,25.17,33.06,1011.4,81.47,0),('2014-04-05',28,26.06,31.06,1011.6,73.15,0),('2014-04-06',28.22,26.17,31.17,1012.5,78.02,0),('2014-04-07',28.94,26.67,32.33,1013.2,68.57,0),('2014-04-08',28.83,27.06,32.33,1012.2,73.88,0),('2014-04-09',29,26.67,32.06,1011.5,71.48,0),('2014-04-10',28.67,27.17,32.67,1011.3,75.48,0),('2014-04-11',28.94,26.83,32.06,1010.2,72.81,0),('2014-04-12',28.61,26.67,32.06,1010.3,73.71,0.08),('2014-04-13',28.5,26.33,30.06,1010.4,78.58,0),('2014-04-14',28.78,26.83,32.83,1010.5,76.06,0),('2014-04-15',26.89,24.56,30.17,1011.1,81.74,0.02),('2014-04-16',26.06,24.56,28.56,1011,83.18,0.04),('2014-04-17',27.89,24.56,32.06,1010.5,79.77,0),('2014-04-18',27.83,25.83,31.06,1011,80.96,0.02),('2014-04-19',28.06,27.06,30.56,1010,83.12,0),('2014-04-20',28,26.83,30.56,1009.3,84.58,0),('2014-04-21',27.67,25.56,30.56,1010.5,81.51,0),('2014-04-22',28.67,26.56,31.67,1011,75.77,0),('2014-04-23',29,26.56,32.83,1010.5,74.12,0),('2014-04-24',28.17,26.17,31.33,1009.9,82.13,0.03),('2014-04-25',28.06,26.56,31.83,1009.6,83.12,0),('2014-04-26',28.56,25.67,31.67,1009.9,78.39,0),('2014-04-27',29.61,27.33,32.17,1010,76.8,0),('2014-04-28',29.72,27.33,32.83,1009.7,73.07,0),('2014-04-29',29.83,28.17,32.67,1009.1,74.93,0),('2014-04-30',28.94,27.33,32.06,1009.3,79.76,0),('2014-05-01',28.89,27.06,32.56,1010.5,81.38,0),('2014-05-02',28.67,26.06,32.56,1011.6,82.9,0.71),('2014-05-03',29.22,26.33,32.67,1011.5,78.64,0),('2014-05-04',30,26.56,33.33,1011,74.14,0),('2014-05-05',29.89,26.83,33.06,1010.1,74.94,0),('2014-05-06',30.22,28.06,33.17,1011.2,72.92,0),('2014-05-07',30.17,28.06,33.56,1010.4,75.76,0),('2014-05-08',29.39,26.83,32.56,1009.9,81.45,0.22),('2014-05-09',28.83,26.67,32.56,1009.9,82.26,0),('2014-05-10',29.39,26.83,33.67,1010.4,80.79,0),('2014-05-11',29,26.67,33.06,1011.2,75.9,0),('2014-05-12',29.56,26.06,34.06,1011.1,69.48,0),('2014-05-13',29.67,26.83,34.17,1008.6,72.14,0),('2014-05-14',28.89,26.83,33.06,1008.7,82.28,0.02),('2014-05-15',29.94,26.67,33.83,1008.1,76.56,0),('2014-05-16',30.22,27.06,34.06,1009.1,75.29,0),('2014-05-17',30.5,27.33,33.06,1009.6,70.5,0),('2014-05-18',30.06,28.56,33.33,1009.9,73.22,0),('2014-05-19',29.56,26.56,32.06,1009.9,77.52,0),('2014-05-20',29.11,26.83,33.56,1009.1,80.05,0.01),('2014-05-21',29.83,26.17,34.06,1008.7,76.48,0),('2014-05-22',29.94,26.83,33.83,1008.1,80.26,0),('2014-05-23',29.61,27.06,32.56,1009.1,80.89,0.98),('2014-05-24',29.83,26.67,32.83,1010.2,77.11,1.5),('2014-05-25',29.06,26.06,33.06,1010.8,82.73,0),('2014-05-26',29.39,25.83,32.33,1010.1,78.92,0.24),('2014-05-27',29.44,26.33,32.06,1008.8,78.85,0),('2014-05-28',29.78,26.83,32.06,1008.5,79.93,0),('2014-05-29',29.33,26.33,33.83,1008.3,80.64,0),('2014-05-30',29.61,27.17,33.67,1008,80.55,0),('2014-05-31',29.06,26.17,33.67,1007.9,81.94,0.39),('2014-06-01',28.89,26.83,32.56,1007.5,86.14,0.98),('2014-06-02',29,26.56,32.83,1006.9,84.08,0),('2014-06-03',29.06,26.67,32.67,1006.1,82.53,0),('2014-06-04',29.11,26.67,33.17,1006.3,83.27,0),('2014-06-05',29.06,26.33,33.17,1005.6,81.44,0),('2014-06-06',28,25.06,33.56,1006.1,83.8,2.48),('2014-06-07',28.61,24.83,32.33,1005.7,81.8,0.24),('2014-06-08',27.67,26.17,28.83,1004.7,86.59,0.02),('2014-06-09',28.11,26.33,30.33,1004.5,85.55,0),('2014-06-10',29.22,26.56,32.67,1004.4,82.98,0),('2014-06-11',28.83,26.67,31.33,1003.3,83.17,0.17),('2014-06-12',28.61,26.33,30.56,1003.9,85.04,0),('2014-06-13',28.33,26.67,31.56,1005.4,82.71,0),('2014-06-14',29,26.17,31.06,1007.2,79.45,0),('2014-06-15',29.33,27.56,32.17,1007,82.86,0),('2014-06-16',29.39,26.33,32.56,1007.1,83.64,0),('2014-06-17',29.33,26.33,33.56,1007.3,82.58,0),('2014-06-18',26.39,25.67,26.83,1007.9,95,1.02),('2014-06-19',27.06,25.17,28.06,1007,90.04,0.35),('2014-06-20',28.39,26.56,30.56,1007.6,87.35,0),('2014-06-21',28.78,26.56,32.56,1008.8,84.68,0.13),('2014-06-22',27.5,26.33,29.83,1009.2,87.07,0.03),('2014-06-23',28.72,25.67,32.17,1009.4,81.47,0),('2014-06-24',29.56,26.56,32.83,1008.6,80.39,0),('2014-06-25',29.22,26.56,32.83,1009,80.7,0),('2014-06-26',26.72,25.06,28.33,1008.4,92.77,0.28),('2014-06-27',27.33,24.33,30.06,1007.2,85.57,0.54),('2014-06-28',28.94,25.67,32.67,1006.8,78.58,0),('2014-06-29',28.72,27.06,30.06,1007.9,82.56,0),('2014-06-30',27.67,25.33,30.56,1010.1,87.99,0.13),('2014-07-01',28.5,26.67,31.17,1010.4,83.72,0),('2014-07-02',29.22,27.17,32.56,1008.1,84.01,0),('2014-07-03',28.44,26.67,30.33,1005.1,88.75,0),('2014-07-04',28.33,26.83,31.56,1005,84.42,0.12),('2014-07-05',28.33,26.67,30.17,1006,84.1,0.24),('2014-07-06',28.28,26.17,30.17,1005.3,85.18,0.04),('2014-07-07',28.33,26.56,30.33,1003.3,82.43,0),('2014-07-08',27.5,26.17,29.17,1003.8,86.69,0.12),('2014-07-09',27.83,26.33,29.83,1006.6,86.87,0),('2014-07-10',28.67,27.56,30.56,1007.4,83.43,0.04),('2014-07-11',28.22,26.33,31.56,1007.9,84.13,0),('2014-07-12',28.67,26.56,30.17,1008.8,81.51,0),('2014-07-13',30.39,28.83,32.83,1009,78.24,0),('2014-07-14',28.22,25.17,32.17,1009.5,87.89,0.98),('2014-07-15',26.67,25.56,28.33,1005.3,94.15,1.81),('2014-07-16',25.94,24.06,28.83,998,91.97,1.81),('2014-07-17',27.22,25.06,29.56,1006,88.94,0),('2014-07-18',27.78,26.06,30.56,1008.2,86.39,0),('2014-07-19',27.61,26.83,28.56,1008.1,88.19,0),('2014-07-20',27.89,26.17,30.06,1005.2,86.22,0.08),('2014-07-21',26.11,25.17,27.17,1002.4,91.8,0.43),('2014-07-22',26,24.83,27.06,1003.2,93.01,0.11),('2014-07-23',26.5,25.33,29.17,1006.7,90.9,0.09),('2014-07-24',27.39,25.33,30.56,1006.4,88.8,0.01),('2014-07-25',27.44,25.67,29.56,1008.7,88.05,0),('2014-07-26',28.28,25.83,30.83,1009.2,83.69,0),('2014-07-27',28.22,26.06,31.06,1007.4,86.43,0),('2014-07-28',26.94,25.56,29.83,1005.8,90.39,0.3),('2014-07-29',27.17,25.06,30.67,1005,90.86,0.16),('2014-07-30',26.17,24.56,28.06,1005.4,93.06,0.12),('2014-07-31',27.06,24.56,30.56,1005.5,90.06,0),('2014-08-01',28.11,25.33,30.56,1006.5,86.63,0),('2014-08-02',28.5,26.06,32.06,1006.5,86.21,0),('2014-08-03',27.5,25.56,30.17,1006.3,87.22,0),('2014-08-04',28.06,26.06,31.33,1005.1,87.46,0.01),('2014-08-05',25.67,24.17,26.83,1008,93.03,0.54),('2014-08-06',27.5,23.83,31.83,1008.5,87.11,0),('2014-08-07',28.67,25.33,32.56,1008.8,79.99,0),('2014-08-08',29.17,25.06,33.06,1008.6,84.41,0),('2014-08-09',29.06,25.17,32.83,1009.6,82.41,0),('2014-08-10',28.33,24.56,32.56,1009.5,82.57,0),('2014-08-11',28.22,24.06,33.06,1007.8,86.11,0),('2014-08-12',28.17,25.67,31.17,1008.2,84.09,0),('2014-08-13',28.39,25.67,32.56,1009.7,84.2,0),('2014-08-14',28.39,24.17,33.33,1010.9,83.95,0),('2014-08-15',29.5,26.83,33.06,1010.8,83.24,0),('2014-08-16',28.83,26.17,32.06,1008.3,84.5,0),('2014-08-17',27.78,25.06,31.17,1008.1,87.03,0),('2014-08-18',28.17,25.83,31.17,1011.2,84.64,0),('2014-08-19',28.94,25.67,32.67,1011.7,83.83,0),('2014-08-20',29.17,25.56,33.33,1010.6,82.22,0),('2014-08-21',28.44,25.83,32.56,1009.7,87.8,0.81),('2014-08-22',27.5,24.33,31.83,1009.3,88.4,0.04),('2014-08-23',27.78,24.06,32.06,1009,86.36,0),('2014-08-24',28.72,24.33,32.83,1008.7,83.39,0),('2014-08-25',28,24.33,32.83,1008.9,87.35,0.63),('2014-08-26',24.72,24.33,25.33,1008.7,97.82,0.63),('2014-08-27',26.89,23.83,30.06,1009.9,87.49,0),('2014-08-28',26.72,23.83,29.83,1010.1,89.01,0.01),('2014-08-29',25.89,24.83,29.06,1009.5,93.73,3.1),('2014-08-30',27,23.56,30.17,1009.7,90.29,0.03),('2014-08-31',27.28,24.17,31.06,1009.3,87.65,0.16),('2014-09-01',26.39,24.06,29.17,1009.5,92.52,0),('2014-09-02',26.61,23.83,29.17,1009.7,92,0.87),('2014-09-03',26.67,24.56,30.06,1008.1,90.22,0.91),('2014-09-04',25.78,24.17,28.83,1005.2,95.18,1.06),('2014-09-05',25.78,23.67,28.83,1004.4,95.45,0.55),('2014-09-06',28.11,24.56,31.83,1006.5,86.16,0),('2014-09-07',28.06,25.06,30.83,1009,87.43,0),('2014-09-08',27.67,25.83,30.56,1009.6,87.17,0.55),('2014-09-09',26.11,24.83,29.06,1009.8,92.56,0.47),('2014-09-10',26.67,24.33,29.67,1009.9,89.77,0.02),('2014-09-11',27.94,24.17,31.67,1010.3,86.95,0),('2014-09-12',28.22,25.06,30.83,1009.1,86.4,0),('2014-09-13',26.56,25.06,27.67,1005.8,92.97,0.29),('2014-09-14',25.06,24.06,26.06,1002.5,95.24,0.76),('2014-09-15',26.78,24.06,30.06,1005,89.12,0.14),('2014-09-16',27.72,25.17,30.33,1010.1,87.67,0),('2014-09-17',27.72,24.06,31.56,1011,88.43,0.01),('2014-09-18',27.72,26.06,30.33,1006.7,88.89,0.04),('2014-09-19',24.67,23.56,26.06,1005,94.74,1.93),('2014-09-20',27.78,24.56,31.06,1007.4,85.12,0),('2014-09-21',28.06,25.06,31.17,1010.2,86.59,0),('2014-09-22',27.78,24.06,32.56,1010.9,87.12,0),('2014-09-23',28.11,23.83,31.83,1010.7,86.38,0),('2014-09-24',28.06,25.67,31.17,1010.9,88.39,0.02),('2014-09-25',28.28,25.06,32.06,1011.1,86.48,0.04),('2014-09-26',28.17,24.67,31.17,1011,87.86,0),('2014-09-27',28.72,26.06,31.06,1011.3,86.81,0.02),('2014-09-28',28.11,24.17,30.83,1010.7,86.92,0),('2014-09-29',28.61,25.67,31.83,1009.4,87.51,0),('2014-09-30',28.28,25.06,31.56,1009,86.75,0),('2014-10-01',27.78,25.56,31.06,1008.7,85.71,0),('2014-10-02',28.11,24.67,32.83,1007.7,85.88,0),('2014-10-03',27.67,24.67,32.56,1006.5,86.47,0),('2014-10-04',27.44,24.67,31.06,1007.1,89.6,1.69),('2014-10-05',27.17,24.56,31.06,1008.3,91.45,0.88),('2014-10-06',26.83,24.33,30.56,1009,90.74,0.83),('2014-10-07',27.39,24.67,30.83,1007.5,88.62,0.01),('2014-10-08',26.17,25.33,27.56,1006.3,92.28,0.04),('2014-10-09',26.83,23.83,30.33,1005.2,88.5,0),('2014-10-10',27.39,24.06,30.83,1004.8,89.16,0),('2014-10-11',26.11,24.06,29.83,1007.1,92.64,0.76),('2014-10-12',25.06,23.33,27.56,1010.1,96.08,0.16),('2014-10-13',27.89,26.67,30.06,1012.9,89.97,0),('2014-10-14',26.94,24.83,29.83,1012.4,90.98,2.64),('2014-10-15',25.83,25.06,26.83,1012.3,93.12,0.24),('2014-10-16',26.67,24.67,29.33,1012.6,88.03,0),('2014-10-17',26.5,25.67,27.56,1011.5,89.17,0.06),('2014-10-18',25.67,24.06,26.33,1010.4,94.03,1.2),('2014-10-19',26.89,25.67,28.33,1011,88.86,0.03),('2014-10-20',27.5,25.17,30.67,1011.9,86.38,0),('2014-10-21',26.89,25.17,30.56,1012.8,90.75,0.87),('2014-10-22',27.11,25.17,30.33,1012.3,87.35,0.16),('2014-10-23',27.67,26.56,30.06,1011.7,86.84,0.01),('2014-10-24',27.17,25.56,30.17,1012.3,85.44,0),('2014-10-25',27.28,25.17,29.83,1012.7,86.78,0),('2014-10-26',27.22,26.06,28.67,1012.4,87.85,0.01),('2014-10-27',25.67,23.56,28.17,1012,93.08,0.93),('2014-10-28',26.56,25.06,29.06,1011.1,90.03,0.08),('2014-10-29',27.83,26.06,31.06,1011.3,87.04,0.01),('2014-10-30',26.83,25.17,29.33,1011.5,88.47,0.01),('2014-10-31',26.83,25.33,28.83,1009.4,89.73,0.12),('2014-11-01',27.28,25.56,30.06,1008.9,89.93,0.39),('2014-11-02',27.17,25.33,28.33,1009.5,88.93,0),('2014-11-03',27.56,25.56,30.56,1011,83.48,0),('2014-11-04',26.33,24.83,28.33,1012.8,89.03,0.2),('2014-11-05',26.22,24.17,28.83,1014,87.23,0.04),('2014-11-06',26.28,25.56,27.56,1013.9,88.66,0.12),('2014-11-07',26.33,24.83,29.06,1013.8,80.45,0),('2014-11-08',26.11,24.83,29.17,1013.3,89.24,0.04),('2014-11-09',25.72,24.83,27.06,1013,92.13,0.28),('2014-11-10',25.61,23.56,28.67,1012.8,90.14,0.2),('2014-11-11',26.11,24.67,29.06,1011.9,88.29,0.02),('2014-11-12',25.83,25.17,26.83,1012.3,88.26,0.31),('2014-11-13',26.5,24.67,29.33,1013.2,85.11,0),('2014-11-14',26.17,25.17,28.06,1012.2,89.96,0.06),('2014-11-15',26.44,25.17,28.83,1011.7,90.01,0.17),('2014-11-16',27.39,24.83,29.67,1010.6,87.24,0),('2014-11-17',27.06,25.17,30.56,1010.2,88.83,0),('2014-11-18',27.33,26.17,30.33,1012.1,88.08,0),('2014-11-19',27.5,25.83,30.56,1011,86.55,0),('2014-11-20',27,25.33,30.06,1011.8,88.5,0),('2014-11-21',27.17,25.33,30.33,1011.9,88.06,0),('2014-11-22',26.17,25.06,28.33,1011.3,89.84,0.31),('2014-11-23',27.06,25.33,29.33,1011.8,88.56,0),('2014-11-24',27.28,25.67,29.83,1011.5,90.16,0.01),('2014-11-25',27.94,26.33,31.06,1010.4,90,0),('2014-11-26',27.61,26.17,30.17,1009.6,90.34,0.28),('2014-11-27',27.17,25.33,29.56,1009.8,91.18,0.03),('2014-11-28',28.11,26.06,30.67,1010.7,85.98,0.02),('2014-11-29',27.28,26.06,30.06,1010.8,89.8,0.05),('2014-11-30',25.56,24.83,27.17,1010.1,92.16,0.47),('2014-12-01',26.5,24.56,28.67,1010.2,89.37,0.12),('2014-12-02',26.83,26.06,28.83,1010.8,91.87,0.02),('2014-12-03',26.28,25.06,28.17,1012.4,91.96,0.01),('2014-12-04',27.11,25.17,30.56,1013.3,90.47,0.02),('2014-12-05',26.56,25.67,27.56,1012,92.23,0.14),('2014-12-06',25.17,24.67,26.67,1011.3,89.79,0.02),('2014-12-07',23.61,22.56,24.83,1009.5,88.81,0.04),('2014-12-08',22.67,21.56,24.06,1004.5,93.61,4.5),('2014-12-09',22.61,21.33,26.17,1005.3,95.37,3.74),('2014-12-10',26.89,25.67,28.06,1010.8,88.12,0.31),('2014-12-11',27.5,24.67,30.56,1011.2,87.8,0),('2014-12-12',27.78,26.06,30.56,1012.8,89,0),('2014-12-13',27.5,26.06,30.06,1013.1,89.25,0.01),('2014-12-14',26.28,26.06,26.56,1013.3,92.05,0.22),('2014-12-15',27.28,25.83,29.83,1013.5,88.46,0.16),('2014-12-16',27.44,26.83,29.06,1012.9,89.45,0),('2014-12-17',26.72,26.17,27.83,1013.5,89.58,0.04),('2014-12-18',26.5,25.83,27.56,1015.4,86.11,0),('2014-12-19',25.5,25.06,26.06,1016,90.2,0.09),('2014-12-20',26.17,24.06,28.83,1013,88.3,0.04),('2014-12-21',26.44,24.56,28.06,1011.8,86.06,0),('2014-12-22',26.5,25.06,28.83,1012.6,90.8,0.2),('2014-12-23',26.11,24.83,27.83,1012.7,90.52,0.07),('2014-12-24',25.33,24.83,25.83,1013.3,94.79,1.85),('2014-12-25',25.94,24.56,28.83,1012.8,90.25,0.17),('2014-12-26',25.56,25.17,26.06,1012.6,93.52,0.46),('2014-12-27',25.83,24.83,27.83,1013.4,88.35,0.19),('2014-12-28',26.5,25.06,28.56,1012.7,87.47,0.03),('2014-12-29',26.56,25.17,29.06,1012,85.25,0),('2014-12-30',25.33,24.83,26.56,1011,86.52,0.02),('2014-12-31',24.83,24.56,25.06,1012.3,85.85,0),('2015-01-01',24.78,24.67,25.06,1013.7,90.84,0.43),('2015-01-02',24.78,24.06,25.56,1016.3,88.14,0.59),('2015-01-03',25.61,24.33,27.83,1016,84.73,0.04),('2015-01-04',25.94,24.06,28.83,1013.4,85.09,0.08),('2015-01-05',25.5,24.67,27.83,1012.6,92.36,0.04),('2015-01-06',26,24.33,29.06,1012.2,88.51,0),('2015-01-07',26.06,24.17,29.17,1012.6,83.87,0),('2015-01-08',26.22,24.33,28.56,1014.8,87.46,0),('2015-01-09',26.33,24.17,28.83,1015,78.88,0.18),('2015-01-10',25.5,24.17,28.67,1015.5,86.74,0),('2015-01-11',25.33,24.06,27.67,1014.8,84.61,0.04),('2015-01-12',25.33,23.83,27.83,1014.9,83.04,0.18),('2015-01-13',26.39,24.56,28.56,1014.5,84.26,0),('2015-01-14',27.22,24.56,30.06,1014.3,78.8,0),('2015-01-15',26.83,25.67,28.83,1014.4,83.75,0),('2015-01-16',26.11,25.17,28.33,1013.8,85.67,0.06),('2015-01-17',25.5,24.33,26.83,1013.3,82.03,0),('2015-01-18',25.06,24.67,25.67,1011.5,81.89,0.08),('2015-01-19',26.67,24.06,30.17,1012.4,81.1,0),('2015-01-20',26.39,25.06,28.56,1014,85.28,0.01),('2015-01-21',27.61,24.67,31.06,1014.6,76.19,0),('2015-01-22',26.61,25.67,28.56,1013.9,81.35,0),('2015-01-23',25.33,24.06,26.83,1014.9,85.69,0.98),('2015-01-24',24.56,23.67,25.56,1016.5,80.37,0.24),('2015-01-25',25.22,23.83,27.06,1016.9,82.66,0),('2015-01-26',25.67,24.17,27.83,1015.7,83.42,0),('2015-01-27',26,24.83,28.17,1013.4,84.62,0),('2015-01-28',25.72,24.83,27.33,1012.5,83.47,0),('2015-01-29',25.72,24.56,27.56,1013.2,89.09,0),('2015-01-30',26.33,25.17,28.06,1013.9,85.01,0),('2015-01-31',25.22,24.67,26.06,1015.8,87.56,0),('2015-02-01',24.78,24.33,25.33,1016.9,87.66,0.02),('2015-02-02',25.33,24.06,28.17,1018.3,80.58,0),('2015-02-03',25.78,24.56,28.56,1017.7,81.12,0),('2015-02-04',26.83,24.06,31.17,1015.9,75.09,0),('2015-02-05',26.33,25.06,29.06,1015.2,77.25,0),('2015-02-06',26.22,23.17,30.06,1015.2,76.84,0.22),('2015-02-07',27,25.33,29.56,1014.1,70.9,0),('2015-02-08',27.56,25.56,31.83,1014.3,75.28,0),('2015-02-09',26.33,25.17,27.06,1014.6,78.94,0),('2015-02-10',27.17,26.06,30.06,1013.8,72.37,0),('2015-02-11',27.28,25.33,30.67,1012.4,75.82,0),('2015-02-12',27.11,25.06,30.33,1011.9,77.5,0),('2015-02-13',26.17,25.56,26.83,1012.4,81.96,0.15),('2015-02-14',25.56,24.33,27.67,1012.5,89.53,0.69),('2015-02-15',26.17,24.83,28.17,1013.7,86.92,0.04),('2015-02-16',26.5,25.06,29.56,1013.7,84.98,0),('2015-02-17',26.56,25.06,29.56,1013,81.92,0),('2015-02-18',26.22,24.83,28.17,1014,82.69,0),('2015-02-19',26.72,24.67,30.06,1014.6,79.93,0),('2015-02-20',25.39,24.56,26.67,1015.3,84.07,0.17),('2015-02-21',26.06,24.17,28.67,1015.7,79.89,0),('2015-02-22',25.78,24.83,28.17,1016,78.22,0),('2015-02-23',25.72,24.06,29.06,1014.8,78.02,0),('2015-02-24',25.67,24.17,28.17,1013.3,82.43,0),('2015-02-25',26.33,24.83,29.17,1012.8,79.63,0),('2015-02-26',26.5,24.67,29.06,1012.8,82.08,0.04),('2015-02-27',27,25.56,29.56,1013.3,77.99,0),('2015-02-28',26.89,25.56,29.83,1013.9,81.3,0),('2015-03-01',27,24.83,30.17,1013.9,70.01,0),('2015-03-02',26,22.83,29.17,1012.7,72.91,0),('2015-03-03',26.06,24.67,29.17,1012.2,73.4,0),('2015-03-04',26.06,23.83,29.33,1012.9,78.75,0),('2015-03-05',26.94,24.83,29.67,1014,82.53,0),('2015-03-06',26.89,24.83,29.56,1013.7,77.89,0),('2015-03-07',26.89,25.06,29.17,1014,76.89,0),('2015-03-08',26.39,24.56,29.17,1014.8,74.65,0),('2015-03-09',26.22,23.33,28.83,1015.5,74.63,0),('2015-03-10',25.5,22.56,29.17,1015.9,70.92,0),('2015-03-11',26.56,23.33,31.67,1015.3,74.9,0),('2015-03-12',26.72,24.06,31.33,1015,81.1,0.08),('2015-03-13',27.06,24.83,30.06,1015.6,76.36,0),('2015-03-14',27.22,24.56,32.17,1016.2,78.24,0),('2015-03-15',27.11,24.33,29.83,1016,73.5,0),('2015-03-16',26.94,24.83,29.83,1015.4,73.7,0.08),('2015-03-17',26.94,24.06,29.67,1013.7,67.78,0),('2015-03-18',26.72,24.33,29.17,1012.2,72.17,0),('2015-03-19',27.33,24.33,30.17,1012.3,69.03,0),('2015-03-20',28,25.06,31.06,1012.3,71.69,0),('2015-03-21',27.28,24.67,29.56,1011.5,84.9,0.08),('2015-03-22',25.78,24.67,26.83,1012.1,88.82,0.11),('2015-03-23',26.56,24.33,29.83,1013.2,84.39,0.08),('2015-03-24',25.72,23.33,29.17,1015,83.75,0.28),('2015-03-25',26.33,23.67,29.83,1016.2,81.19,0.02),('2015-03-26',27,24.17,30.67,1016.8,77.77,0.03),('2015-03-27',26.89,23.83,29.67,1016.6,80.61,0.46),('2015-03-28',27.22,25.67,29.56,1014.8,76.54,0),('2015-03-29',27.56,25.17,30.06,1013.9,76.14,0),('2015-03-30',27.28,25.06,30.56,1014.3,77.39,0),('2015-03-31',27.22,24.33,30.56,1013.7,78.95,0),('2015-04-01',27.5,24.17,31.17,1012.3,80.24,0),('2015-04-02',28,24.67,31.56,1010.5,77.59,0),('2015-04-03',27.22,25.33,30.56,1009.6,77.54,0),('2015-04-04',27.89,24.33,30.33,1008.7,78.65,0),('2015-04-05',27.61,24.67,30.17,1009.3,83.04,0),('2015-04-06',27.89,25.06,30.67,1010.8,81.01,0),('2015-04-07',27.94,25.83,30.67,1011.4,79.48,0),('2015-04-08',28,25.83,30.56,1012.8,72.54,0),('2015-04-09',28.17,25.67,31.06,1013.2,80.7,0),('2015-04-10',27.28,25.06,30.06,1013,82.01,0.51),('2015-04-11',27.33,23.33,31.17,1013.5,75.15,0.01),('2015-04-12',27.83,25.17,30.83,1013.5,80.04,0),('2015-04-13',28.11,25.33,31.17,1012.5,77.96,0),('2015-04-14',28.06,25.56,31.06,1012.6,78.85,0),('2015-04-15',27.61,26.56,29.83,1013.9,77.15,0),('2015-04-16',28.22,26.33,30.67,1014.3,81.15,0),('2015-04-17',28.56,26.56,31.33,1012.7,80.26,0),('2015-04-18',28.83,25.33,31.83,1011.9,75.71,0),('2015-04-19',27.94,26.17,30.17,1011.4,86.11,1.34),('2015-04-20',28.67,26.06,31.17,1010.7,79.45,0),('2015-04-21',27.72,25.56,30.17,1011.6,80.72,0),('2015-04-22',28.72,26.83,31.17,1012.8,74.71,0),('2015-04-23',28.44,26.06,31.33,1013.8,80,0),('2015-04-24',27.33,25.06,28.33,1013.5,82.88,0.28),('2015-04-25',28.17,26.33,30.33,1012.9,75.81,0),('2015-04-26',28.22,26.17,30.67,1013,80.32,0),('2015-04-27',28,25.67,30.33,1012.7,79.77,0),('2015-04-28',28.39,26.17,30.83,1012.5,75.9,0),('2015-04-29',28.28,24.33,31.06,1011.7,71.86,0),('2015-04-30',28.67,25.67,32.67,1011.7,73.77,0),('2015-05-01',29,25.67,31.83,1011.8,68.58,0),('2015-05-02',28.56,26.17,30.33,1012,80.29,0.12),('2015-05-03',28.72,26.83,31.33,1011.5,83.03,0.14),('2015-05-04',28.94,26.17,32.17,1011.7,82.52,0),('2015-05-05',28.72,26.83,31.17,1010.9,82.09,0),('2015-05-06',28.72,26.06,32.06,1010.3,76.48,0),('2015-05-07',28.06,25.17,31.67,1010.8,80.87,0),('2015-05-08',28.61,25.33,31.83,1010,81.72,0),('2015-05-09',29.28,25.67,32.83,1007.8,73.45,0),('2015-05-10',29.33,27.56,32.56,1008.6,76.71,0),('2015-05-11',28.89,25.17,32.33,1011.4,78.32,0),('2015-05-12',28.5,25.83,31.06,1012,79.33,0),('2015-05-13',29.44,27.56,32.06,1012.6,71.6,0),('2015-05-14',29,26.06,32.17,1013.3,75.64,0),('2015-05-15',29.11,25.56,32.33,1013,75.75,0),('2015-05-16',29.39,25.67,32.67,1011.5,70.65,0),('2015-05-17',28.89,26.06,32.83,1010.5,72.2,0),('2015-05-18',29.11,25.17,32.17,1011.1,75.46,0),('2015-05-19',29.56,25.17,33.17,1011.6,77.5,0),('2015-05-20',29.78,25.67,33.06,1011.8,73.84,0),('2015-05-21',30.11,26.33,33.33,1012.4,78.89,0),('2015-05-22',29.44,26.56,33.06,1011.8,80.61,0),('2015-05-23',29.33,25.83,32.83,1011.5,77.32,0),('2015-05-24',29.83,26.17,33.33,1011.3,73.95,0),('2015-05-25',29.22,25.83,33.17,1011.4,75.61,0),('2015-05-26',29.39,25.83,33.67,1012.2,75.26,0),('2015-05-27',28.61,25.17,32.67,1011.2,77.95,0),('2015-05-28',29.17,25.67,32.83,1010.2,78.91,0),('2015-05-29',29.61,26.67,33.56,1011,73.04,0),('2015-05-30',30.06,26.17,33.83,1011.4,74.13,0.03),('2015-05-31',29.89,25.67,33.83,1010.4,73.68,0),('2015-06-01',29.22,26.17,33.17,1010.3,77.42,0.64),('2015-06-02',28.67,25.17,32.33,1011.1,77.71,0.35),('2015-06-03',28.94,25.33,33.67,1011.4,79.36,0.51),('2015-06-04',29.11,26.33,32.17,1010.4,80.95,0),('2015-06-05',29.56,27.33,32.56,1009.2,78.36,0.02),('2015-06-06',28.72,26.06,32.17,1009.7,82.1,0.02),('2015-06-07',27.5,24.83,30.17,1010.2,85.02,0.37),('2015-06-08',28,25.06,30.67,1009.5,83.93,0.12),('2015-06-09',28.17,26.06,30.67,1010.1,83.2,0.02),('2015-06-10',28.89,25.33,31.83,1010.1,78.94,0),('2015-06-11',28.33,25.67,30.83,1010.4,84.57,0.12),('2015-06-12',29,26.17,32.56,1009.7,80.78,0.04),('2015-06-13',28,25.06,30.67,1010,82.02,0.79),('2015-06-14',28.89,25.17,32.17,1009.3,79.44,0.03),('2015-06-15',29.22,26.33,31.67,1009.6,78,0.08),('2015-06-16',28.28,25.17,30.83,1009.2,86.04,1.38),('2015-06-17',27.72,26.17,31.67,1008.1,88.16,0.65),('2015-06-18',27.22,25.33,30.83,1008.2,89.08,0.51),('2015-06-19',27.28,24.67,30.83,1008.7,85.44,0),('2015-06-20',27.5,25.17,32.06,1009,85.32,0.39),('2015-06-21',27.94,24.83,31.06,1009,82.75,0),('2015-06-22',29.06,26.17,31.83,1009.2,78.18,0),('2015-06-23',28.44,26.56,30.67,1010.5,82.01,0),('2015-06-24',29.33,25.83,32.56,1011.1,77.14,0),('2015-06-25',29.67,26.17,33.06,1011,75.95,0),('2015-06-26',29.5,26.06,32.83,1011.2,76.93,0),('2015-06-27',29,25.33,32.06,1012.2,79.3,0),('2015-06-28',28.39,25.83,30.67,1012.3,80.35,0),('2015-06-29',28.17,25.56,30.67,1011.4,81.69,0),('2015-06-30',28.33,26.67,31.06,1010,81.73,0),('2015-07-01',29.22,25.33,32.83,1008.8,77.18,0),('2015-07-02',29.06,25.83,32.67,1007.5,79.21,0),('2015-07-03',28.72,25.67,32.83,1005,78.2,0),('2015-07-04',28.56,26.67,31.17,1002.7,81.57,0.28),('2015-07-05',25.61,24.17,26.83,1003,93.94,1.14),('2015-07-06',26.22,24.67,30.06,1004.6,92.45,0.43),('2015-07-07',27.83,24.67,30.83,1003.9,88.45,0.28),('2015-07-08',26.89,25.33,29.83,1004.4,92.29,0.94),('2015-07-09',25.67,24.83,28.17,1003.6,94.67,1.24),('2015-07-10',25.5,24.67,27.17,1004.4,94.98,0.39),('2015-07-11',27.28,24.83,29.33,1006,85.46,0.09),('2015-07-12',28,26.33,30.83,1007.1,83.89,0.71),('2015-07-13',28.67,26.56,31.56,1007.2,81.08,0),('2015-07-14',28.89,26.56,31.17,1007.3,78.05,0),('2015-07-15',29.17,26.33,32.17,1007.5,75.24,0),('2015-07-16',29,26.33,32.06,1007.5,79.38,0),('2015-07-17',29.33,26.83,32.33,1008,76.82,0),('2015-07-18',29.17,26.83,32.33,1008.6,78.39,0),('2015-07-19',28.61,25.83,31.33,1010.1,78.99,0),('2015-07-20',28.33,25.17,30.83,1012,81.5,0),('2015-07-21',28.06,26.33,29.67,1012.9,80.32,0),('2015-07-22',28.11,25.56,31.56,1012.6,78.52,0.02),('2015-07-23',27.67,24.67,31.56,1012.4,84.65,0.31),('2015-07-24',28.67,26.83,30.33,1012.1,80.06,0.01),('2015-07-25',27.67,25.17,29.56,1012.1,84.76,0),('2015-07-26',27.72,25.06,30.56,1013.1,85.33,0.02),('2015-07-27',27.06,24.83,29.67,1014,83.19,0),('2015-07-28',26.17,24.17,28.67,1013.6,85.43,0),('2015-07-29',27.44,23.67,31.33,1012.7,79.18,0),('2015-07-30',27.67,24.67,31.83,1011.7,86.1,0.2),('2015-07-31',28.06,25.17,31.06,1010.3,83.11,0),('2015-08-01',28.33,25.17,31.17,1010.5,77.82,0),('2015-08-02',27.94,25.33,31.83,1010.5,83.96,1.97),('2015-08-03',27.44,25.06,29.56,1010.2,86.7,0.12),('2015-08-04',27.83,25.33,30.56,1008.4,84.14,0.02),('2015-08-05',28.89,26.67,32.33,1006.8,83.18,0),('2015-08-06',27.61,25.83,31.06,1004.5,86.65,0),('2015-08-07',27.5,24.83,30.56,1006.4,85.29,0.02),('2015-08-08',25.89,25.17,27.17,1005,92.43,0.36),('2015-08-09',27,25.33,29.83,1006.5,91.65,0.39),('2015-08-10',27.44,25.17,29.67,1009.5,87.22,0),('2015-08-11',27.17,25.06,29.67,1011.2,87.74,1.26),('2015-08-12',27.94,24.83,30.67,1011.3,88.73,0),('2015-08-13',28.39,25.83,32.06,1011,85.92,0),('2015-08-14',27.56,24.33,31.06,1011.1,88.32,0.26),('2015-08-15',29.06,25.56,32.67,1011.3,81.82,0),('2015-08-16',29.39,26.06,33.17,1011,81.19,0),('2015-08-17',28.28,26.06,30.06,1010.2,84.76,0),('2015-08-18',28.78,27.06,29.83,1009.6,82.52,0),('2015-08-19',30,26.83,33.17,1007.5,80.71,0),('2015-08-20',27.33,24.67,29.17,1005.7,86.1,0.09),('2015-08-21',26.11,25.06,28.06,1003.4,89.16,0.71),('2015-08-22',24.61,23.83,25.33,1004.3,94.25,2.42),('2015-08-23',24.83,23.67,25.83,1006.7,96.64,0.61),('2015-08-24',27.61,24.33,30.06,1007.9,88.08,0),('2015-08-25',28.56,26.33,31.17,1010.2,84.82,0.04),('2015-08-26',28.94,25.56,31.67,1012,81.01,0.01),('2015-08-27',29.11,25.67,32.06,1011.6,81.16,0),('2015-08-28',28.83,26.83,31.06,1010.9,87.25,0),('2015-08-29',28.06,25.83,31.56,1010.3,84.16,0.03),('2015-08-30',29.28,26.17,31.83,1010.5,80.76,0.02),('2015-08-31',28.06,26.06,29.67,1010.4,85.8,0),('2015-09-01',27.94,25.56,29.56,1010.2,85.81,0),('2015-09-02',28.83,26.17,32.33,1010.9,85.88,0.32),('2015-09-03',27.56,24.83,30.17,1011.9,88.84,0.73),('2015-09-04',27.22,24.33,30.83,1012.4,86.98,0.44),('2015-09-05',28,26.06,29.67,1011.3,86.05,0),('2015-09-06',27.72,25.83,29.83,1009.8,87.5,0),('2015-09-07',27.33,25.17,30.17,1008.5,86.71,0),('2015-09-08',27.67,25.06,29.83,1008.8,87.26,0),('2015-09-09',28.61,25.67,32.67,1010.3,83.14,0),('2015-09-10',27.78,25.06,32.56,1010.9,83.06,0),('2015-09-11',27.44,25.06,30.17,1009.4,86.41,0),('2015-09-12',28.17,25.17,30.83,1009.3,84.02,0),('2015-09-13',27.94,25.56,32.17,1010,85.38,0.24),('2015-09-14',27.44,25.33,30.17,1010.3,90.78,0.57),('2015-09-15',28.56,25.33,31.17,1010.9,82.17,0.02),('2015-09-16',28.78,25.56,32.17,1010.9,85.04,1.02),('2015-09-17',28.28,26.17,31.83,1012.4,83.61,0.04),('2015-09-18',27.72,25.33,31.33,1012.3,87.35,0.39),('2015-09-19',28.78,25.67,31.67,1010.7,79.1,0),('2015-09-20',28,24.83,31.83,1009.5,81.07,0.47),('2015-09-21',27.06,25.67,29.67,1009.2,88.86,0.05),('2015-09-22',27.5,24.67,29.56,1009.9,86.74,0.03),('2015-09-23',28.89,26.06,32.17,1009.2,83.55,0.13),('2015-09-24',28.78,26.67,32.33,1007.5,84.86,0),('2015-09-25',28.39,25.56,32.17,1006.1,84.65,0),('2015-09-26',27.94,25.33,30.67,1006.4,85.64,0),('2015-09-27',27.72,26.67,29.83,1006.5,85.67,0),('2015-09-28',27.89,25.83,31.67,1007.7,85.3,0.2),('2015-09-29',28.33,25.33,30.83,1010.8,85.94,0.01),('2015-09-30',28.28,25.33,31.67,1013.2,85.53,0.24),('2015-10-01',27.22,25.67,29.83,1011.4,89.26,0.2),('2015-10-02',25.78,23.83,28.06,1011.4,92.49,0.24),('2015-10-03',27.22,23.67,30.83,1014.7,85.73,0),('2015-10-04',26.39,24.83,28.56,1015.1,91.14,0.09),('2015-10-05',27.56,24.33,30.67,1013.7,88.16,0.16),('2015-10-06',27.89,24.83,31.06,1012.4,86.19,0.24),('2015-10-07',28.56,25.83,31.56,1012.2,82.55,0),('2015-10-08',27.94,24.56,31.56,1011.2,84.1,0),('2015-10-09',28.06,24.83,32.67,1011.5,85.18,0),('2015-10-10',27.72,24.33,30.83,1011.7,85.99,0),('2015-10-11',28.94,26.56,31.06,1013.1,83.14,0.16),('2015-10-12',27.72,25.33,31.17,1013.3,84.24,0),('2015-10-13',27.72,24.17,30.83,1013,85.71,0),('2015-10-14',27.22,25.33,31.33,1011.4,87.36,0.04),('2015-10-15',27.78,26.17,30.56,1009.4,85.79,0),('2015-10-16',27.5,25.17,31.06,1006,88.3,0.12),('2015-10-17',27.78,24.83,29.67,1001.6,84.71,0.01),('2015-10-18',26.83,25.33,28.67,1001.5,90.93,0.83),('2015-10-19',27.5,26.06,29.67,1004.5,85.26,0.03),('2015-10-20',28.11,26.33,30.17,1005.7,82.85,0.02),('2015-10-21',28.39,25.67,31.33,1007.2,81.91,0),('2015-10-22',27.67,24.56,31.83,1008.9,85.35,0),('2015-10-23',27.78,24.56,32.06,1011,85.98,0),('2015-10-24',27.56,24.17,31.67,1013.1,82.95,0),('2015-10-25',28.17,25.06,31.67,1013.6,81.4,0),('2015-10-26',28.44,26.17,31.17,1013.6,85.22,0),('2015-10-27',28.5,26.83,30.83,1013.5,82.18,0),('2015-10-28',28,26.56,30.17,1015,81.83,0.04),('2015-10-29',27.39,25.83,28.67,1015,83.38,0.03),('2015-10-30',27.78,24.83,31.06,1014.5,85.18,0),('2015-10-31',27.28,24.17,30.56,1014.6,86.48,0.13),('2015-11-01',26.89,26.17,27.83,1013.6,90.52,0.42),('2015-11-02',27.72,26.06,30.06,1012.7,87.03,0),('2015-11-03',27.5,26.33,29.67,1013,87.35,0.54),('2015-11-04',28.67,26.83,31.06,1013,81.75,0),('2015-11-05',28.44,26.83,30.56,1012.6,85.33,0),('2015-11-06',27.72,25.33,30.06,1012.8,83.69,0.01),('2015-11-07',27.72,25.06,30.67,1013.7,83.76,0),('2015-11-08',28.17,26.56,30.33,1014.1,83.12,0),('2015-11-09',27.83,26.06,29.67,1013.5,86.54,0.67),('2015-11-10',27.72,26.17,30.17,1012.7,84.53,0.16),('2015-11-11',27.44,25.17,30.17,1013.6,83.88,0.11),('2015-11-12',27.72,26.17,30.33,1014.2,86.47,0.01),('2015-11-13',27.67,25.17,30.33,1013.7,82.16,0),('2015-11-14',27.67,25.17,30.67,1012.8,84.78,0.08),('2015-11-15',27.61,25.83,30.06,1012.6,89.16,0),('2015-11-16',27.94,26.06,30.56,1012.4,84.67,0.02),('2015-11-17',28.33,26.67,30.83,1013.1,82.42,0),('2015-11-18',28.17,25.33,30.83,1013.7,81.11,0),('2015-11-19',27.56,25.56,30.56,1013.8,85.6,0.08),('2015-11-20',27.11,25.17,30.06,1012.7,84.94,0.16),('2015-11-21',27.72,24.83,30.33,1012.2,81.96,0),('2015-11-22',28,26.17,30.67,1011.7,84.22,0.01),('2015-11-23',27.33,25.67,29.67,1010.6,86.68,0.02),('2015-11-24',27.78,25.33,30.83,1010.1,80.8,0.39),('2015-11-25',25.67,24.17,27.67,1010.4,91.45,0.59),('2015-11-26',26.5,24.06,30.06,1011.2,89.33,0.24),('2015-11-27',26.56,24.33,29.33,1012.7,89.96,0.31),('2015-11-28',27.11,25.33,29.56,1013.8,89.31,0.16),('2015-11-29',27.33,25.83,29.17,1014.2,89.93,0.24),('2015-11-30',26.5,25.83,28.67,1013.5,91.71,0.24),('2015-12-01',27,25.33,29.56,1013.2,89.87,0.04),('2015-12-02',27.11,25.06,29.67,1013.7,86.09,0),('2015-12-03',27.06,25.33,29.56,1014.4,87.4,0.02),('2015-12-04',27.11,25.06,29.17,1014.9,86.75,0.01),('2015-12-05',27.06,25.56,28.67,1013.6,89.12,0.29),('2015-12-06',27.72,25.56,30.56,1013.5,89.97,0),('2015-12-07',27.33,26.33,29.56,1013.8,87.93,0.19),('2015-12-08',27.44,26.06,30.06,1013.7,87.04,0.09),('2015-12-09',27.11,25.17,29.67,1013.1,86.37,0),('2015-12-10',27.33,25.56,29.56,1011.9,88.97,0.02),('2015-12-11',27,24.56,30.83,1010.5,87.1,0),('2015-12-12',26.83,24.17,29.17,1010.7,86.67,0.2),('2015-12-13',27.72,25.83,30.17,1010.4,84.92,0.04),('2015-12-14',26.56,24.56,29.83,1008.9,89.94,1.26),('2015-12-15',24.33,23.83,25.06,1001.2,94.96,8.03),('2015-12-16',24.61,22.83,28.06,1004.2,92.19,0.65),('2015-12-17',24.33,23.67,25.06,1009.6,96.78,0.43),('2015-12-18',25.89,23.17,29.06,1012.7,89.37,0.67),('2015-12-19',25,23.83,26.83,1013.2,94.32,0.93),('2015-12-20',25.89,23.67,28.17,1013.5,92.96,0.02),('2015-12-21',26.78,25.06,29.67,1015.8,87.71,0),('2015-12-22',26.83,25.06,29.67,1016.4,87.43,0),('2015-12-23',26.89,24.83,28.83,1016.1,83.81,0),('2015-12-24',26.44,23.83,29.06,1014.8,89.3,0.2),('2015-12-25',26.67,24.56,29.33,1014.8,87.08,0),('2015-12-26',24.94,23.83,25.83,1015.2,92.13,0.71),('2015-12-27',26.89,25.06,29.17,1016.5,86.24,0),('2015-12-28',26.72,24.67,29.67,1016.9,84.58,0),('2015-12-29',26.72,24.83,29.56,1015.7,82.24,0),('2015-12-30',26.28,24.06,28.67,1014.2,82.72,0.08),('2015-12-31',25.17,24.33,25.83,1013.8,92.05,0.13),('2016-01-01',25.72,23.83,28.33,1015.5,90.87,0.42),('2016-01-02',26.39,24.06,28.67,1016.2,85.28,0),('2016-01-03',27.11,25.56,29.17,1016.7,85.87,0),('2016-01-04',27.22,25.06,29.83,1017.1,84.99,0),('2016-01-05',26.67,25.33,28.83,1015.8,83.41,0),('2016-01-06',26.22,23.17,28.56,1015.4,82.04,0),('2016-01-07',26.5,25.33,28.67,1015.6,87.98,0),('2016-01-08',26.44,24.56,28.83,1015,87.04,0),('2016-01-09',26.61,24.17,28.67,1015.2,83.78,0),('2016-01-10',26.94,24.67,29.17,1015.1,82.61,0.02),('2016-01-11',26.89,25.56,29.67,1013.5,83.83,0),('2016-01-12',26.78,24.67,29.83,1013.9,85.35,0),('2016-01-13',26.89,24.17,28.67,1013.8,83.75,0),('2016-01-14',27.06,25.67,29.17,1013.6,87.15,0),('2016-01-15',26.06,24.33,28.17,1012.1,85.48,0.08),('2016-01-16',26.61,24.17,29.17,1011.6,85.98,0.02),('2016-01-17',26.83,24.67,29.67,1011.1,84.08,0.04),('2016-01-18',26.06,23.56,29.33,1012.6,81.83,0),('2016-01-19',26.89,24.17,30.17,1014.9,80.33,0),('2016-01-20',25.56,24.17,27.33,1016.5,87.75,0.06),('2016-01-21',26.39,24.67,28.33,1015.5,84.6,0),('2016-01-22',26.78,24.17,29.67,1014.8,82.84,0),('2016-01-23',26.72,24.06,29.56,1015.5,84.33,0),('2016-01-24',25.22,24.06,27.17,1016.1,89.65,0.06),('2016-01-25',24.22,23.06,25.33,1018.3,90.09,0.43),('2016-01-26',24.72,22.83,26.17,1018.7,87,0.13),('2016-01-27',25.78,24.67,26.83,1018.1,85.65,0.02),('2016-01-28',25.94,25.06,28.06,1015.6,89.05,0.02),('2016-01-29',25.89,24.83,26.83,1014.8,91.35,0.02),('2016-01-30',26.67,25.17,29.67,1014.5,88.67,0.17),('2016-01-31',25.94,24.83,28.17,1013.8,90.78,0.87),('2016-02-01',26.78,25.33,29.33,1013.7,84.51,0),('2016-02-02',25.5,24.06,27.83,1013.4,86.75,0.16),('2016-02-03',25.28,23.83,26.67,1013.5,88.8,0.12),('2016-02-04',26.44,24.06,29.06,1013.1,88.08,0.04),('2016-02-05',27,24.06,30.33,1010.9,88.09,0),('2016-02-06',25.67,24.33,30.06,1011,90.2,0.36),('2016-02-07',23.78,22.17,24.67,1013.5,91.37,0.62),('2016-02-08',24,23.06,25.06,1015.6,87.03,0.02),('2016-02-09',23.89,22.06,25.33,1015.5,88.76,0.12),('2016-02-10',25.89,22.67,28.56,1014.8,82.68,0),('2016-02-11',26.39,24.06,28.56,1014.8,85.83,0),('2016-02-12',25.94,24.17,27.83,1014.9,86.42,0),('2016-02-13',25.72,23.83,28.33,1014.3,83.88,0),('2016-02-14',25.33,21.17,29.17,1013.9,80.76,0),('2016-02-15',26.39,24.06,29.33,1014.4,85.09,0),('2016-02-16',24.89,24.17,26.67,1017.1,87.76,0.35),('2016-02-17',25.33,23.17,27.67,1017.3,85.14,0.07),('2016-02-18',25.83,22.83,28.56,1016.7,86.27,0),('2016-02-19',26.17,24.06,28.17,1016,86.01,0),('2016-02-20',26.11,22.67,29.17,1016.3,86.82,0),('2016-02-21',27.11,25.17,30.17,1016.2,80.48,0.02),('2016-02-22',26.72,24.67,29.33,1016.7,84.65,0),('2016-02-23',26.89,25.17,29.33,1015.7,79.5,0),('2016-02-24',26.89,24.33,29.67,1016.2,80.23,0),('2016-02-25',26.06,24.67,29.33,1017.1,85.81,0.06),('2016-02-26',25.22,23.83,26.83,1017.1,82.62,0.04),('2016-02-27',24.83,23.17,26.17,1015.8,87.61,0.47),('2016-02-28',25.22,23.83,28.17,1015.8,88.68,0.2),('2016-02-29',26.11,24.33,28.83,1015.6,85.59,0),('2016-03-01',25.94,24.06,28.67,1015.5,86.14,0.03),('2016-03-02',24.39,23.33,24.83,1015.8,90.9,0.09),('2016-03-03',25.67,23.83,27.67,1015.5,89.74,0.02),('2016-03-04',26.61,23.67,29.83,1013.8,85.6,0.1),('2016-03-05',27.06,24.83,29.33,1012.6,88.25,0),('2016-03-06',27.22,24.33,30.06,1012.9,86.6,0),('2016-03-07',27.06,24.67,29.67,1012.4,85.16,0),('2016-03-08',27.61,26.17,29.83,1012.2,82.08,0),('2016-03-09',27.5,25.17,30.06,1011.9,82.75,0),('2016-03-10',27.72,25.56,30.56,1013,86.05,0),('2016-03-11',27.33,25.06,30.17,1014,84.19,0),('2016-03-12',27.33,24.17,30.06,1013.1,80.37,0),('2016-03-13',27.61,25.83,30.17,1012.9,79.91,0),('2016-03-14',27.06,23.33,30.33,1013.2,81.57,0),('2016-03-15',27,23.56,30.67,1012.5,77.62,0),('2016-03-16',27.56,25.17,29.83,1012.5,80.76,0),('2016-03-17',27.89,25.67,30.67,1012.7,86.29,0),('2016-03-18',27,24.33,29.67,1012.1,85.87,0.6),('2016-03-19',28,26.06,30.33,1012.3,84.39,0),('2016-03-20',27.39,24.67,30.67,1011.7,84.92,0),('2016-03-21',27.44,25.17,30.17,1012.5,82.2,0),('2016-03-22',27.83,25.33,30.56,1011.8,80.42,0),('2016-03-23',27.56,25.56,30.17,1011.8,80.02,0),('2016-03-24',27.33,23.83,30.67,1013.3,79.42,0),('2016-03-25',27.94,24.17,31.17,1014.1,79.79,0),('2016-03-26',28.33,25.56,32.56,1013.9,84.29,0.12),('2016-03-27',27.06,25.33,29.56,1014,88.67,0),('2016-03-28',26.28,24.17,27.83,1015.4,86.65,0.09),('2016-03-29',25.94,23.83,28.67,1015.7,88.55,0.09),('2016-03-30',27.22,24.17,30.06,1014.5,85.34,0.03),('2016-03-31',27.89,25.83,30.33,1012.9,84.34,0),('2016-04-01',28,26.06,30.17,1011.6,84.44,0),('2016-04-02',27.5,25.33,29.67,1011.7,85.26,0.24),('2016-04-03',27.89,26.17,30.17,1012.2,83.44,0),('2016-04-04',28.11,26.33,30.33,1012,81.9,0),('2016-04-05',27.67,25.33,29.33,1012.2,83.01,0.67),('2016-04-06',28.17,25.56,31.17,1012.9,81.47,0.08),('2016-04-07',28.11,25.06,30.83,1013.3,80.08,0),('2016-04-08',28.67,26.06,31.56,1012.4,82.45,0),('2016-04-09',28.06,25.67,31.33,1011.3,84.75,0.67),('2016-04-10',27.72,24.83,30.67,1010.5,84.05,0),('2016-04-11',27.39,23.83,30.17,1010.6,83.9,0),('2016-04-12',28.28,25.56,31.33,1010,82.27,0),('2016-04-13',28.78,26.17,31.33,1009.4,82.99,0),('2016-04-14',28.17,26.17,30.56,1010.7,82.78,0),('2016-04-15',29.44,26.17,32.83,1011.7,83.94,0),('2016-04-16',29.22,26.33,32.06,1011.2,79.83,0.31),('2016-04-17',28.56,26.06,31.06,1011.3,80.6,0),('2016-04-18',28.61,26.67,31.17,1012.6,80.28,0),('2016-04-19',29.06,27.06,32.17,1013.4,80.16,1.26),('2016-04-20',28.78,25.83,31.06,1012.6,81.57,0),('2016-04-21',29.39,27.17,32.33,1012.1,75.69,0),('2016-04-22',29.06,27.17,31.06,1010.5,79.15,0.02),('2016-04-23',29,25.83,31.67,1010,79.89,0),('2016-04-24',28.89,25.67,32.06,1009.4,81.46,0),('2016-04-25',28.83,26.56,32.06,1011,80.4,0),('2016-04-26',28.72,25.67,32.06,1010.9,77.81,0),('2016-04-27',29.33,26.06,32.67,1009.5,79.24,0),('2016-04-28',29.78,26.83,32.67,1009.8,79.74,0),('2016-04-29',29.28,26.83,32.33,1010.5,79.79,0),('2016-04-30',28.44,25.67,32.06,1010.5,85.66,0.1),('2016-05-01',28.78,25.56,32.17,1011,82.78,0),('2016-05-02',29.33,26.83,32.33,1011.6,80.65,0),('2016-05-03',28.44,26.83,30.33,1011.6,81.64,0),('2016-05-04',28.5,27.06,30.67,1011.8,83.38,0),('2016-05-05',29.06,27.06,31.06,1011.5,83.14,0),('2016-05-06',29.39,25.67,32.17,1010.7,84.44,0.2),('2016-05-07',28.11,25.06,30.83,1011,84.21,0.98),('2016-05-08',29.56,27.17,31.67,1011.3,80.55,0),('2016-05-09',29,26.17,31.33,1012.3,81.29,0),('2016-05-10',28.83,25.56,31.67,1011.2,83.05,0),('2016-05-11',29.06,26.06,32.17,1009.6,84.96,0),('2016-05-12',28.67,25.33,31.33,1009.5,84.75,0),('2016-05-13',29.11,26.56,32.17,1010.5,84.37,0.02),('2016-05-14',29.39,25.67,32.17,1011.1,82.61,0),('2016-05-15',30,28.06,32.33,1010.6,81.93,0),('2016-05-16',29.83,27.33,32.33,1008.9,81.47,0),('2016-05-17',29.33,27.17,31.83,1009.1,81.06,0),('2016-05-18',28.72,27.06,31.33,1009.6,83.9,1.61),('2016-05-19',28.56,26.17,31.06,1008.8,83.31,0),('2016-05-20',28.11,25.56,31.17,1008.6,86.58,0),('2016-05-21',28.22,25.56,31.06,1009.5,85.68,0),('2016-05-22',28.06,25.83,31.67,1009.9,84.84,0.28),('2016-05-23',27.28,25.06,29.67,1011.3,86.99,0),('2016-05-24',28.39,26.67,31.17,1010.9,83.59,0),('2016-05-25',27.94,26.33,30.83,1010.7,86.02,0.04),('2016-05-26',28.33,25.83,30.17,1011.1,83.72,0),('2016-05-27',28.5,26.17,32.17,1012,86.19,0),('2016-05-28',28.72,25.83,32.83,1011.7,83.6,0),('2016-05-29',29.94,26.17,33.17,1010.5,78.42,0),('2016-05-30',28,27.06,29.83,1011.1,83.82,0.04),('2016-05-31',28,25.83,30.56,1011.9,83.61,0.08),('2016-06-01',28.94,25.33,32.56,1011.3,83.02,0),('2016-06-02',28.11,26.17,30.33,1010.6,85.79,0),('2016-06-03',29.56,26.17,33.33,1010.5,82.98,0),('2016-06-04',27.83,26.06,32.67,1011.2,84.68,0.31),('2016-06-05',29.11,25.17,33.33,1010.9,82.26,0),('2016-06-06',27.5,24.83,30.83,1012.1,83.72,0.47),('2016-06-07',27.72,24.56,30.67,1011.8,86.07,0),('2016-06-08',29.39,26.33,33.06,1011,81.79,0),('2016-06-09',27.83,25.83,30.33,1011.4,85.82,0.2),('2016-06-10',28.61,25.33,32.06,1011.5,82.57,0),('2016-06-11',28.39,25.83,32.33,1011.9,82.39,0.08),('2016-06-12',28.33,26.83,31.06,1011.6,86.35,0.94),('2016-06-13',27.83,25.56,30.67,1011.1,83.37,0),('2016-06-14',28.06,25.17,30.67,1010.1,82.38,0),('2016-06-15',29.11,25.67,32.67,1010,80.12,0),('2016-06-16',29.5,26.83,33.17,1009.7,83.48,0),('2016-06-17',27.67,25.67,30.56,1009.6,87.34,0),('2016-06-18',28.28,25.83,31.17,1009.3,85.71,0.48),('2016-06-19',28.5,26.17,32.17,1008.7,83.41,0.08),('2016-06-20',26.39,24.67,28.06,1009.8,88.06,1.08),('2016-06-21',27.06,25.06,29.06,1010.6,87.13,0.35),('2016-06-22',27.17,25.17,29.83,1010.1,89.17,1.75),('2016-06-23',27,25.06,28.83,1009.1,89.62,0.26),('2016-06-24',28.11,26.17,30.06,1009.3,87.1,0),('2016-06-25',27.67,25.67,29.83,1009.8,85,0),('2016-06-26',27.39,25.33,30.06,1008.8,89.17,0.08),('2016-06-27',27.06,25.06,29.17,1009.4,90.51,0.08),('2016-06-28',27,25.06,29.67,1011.2,86.67,0.16),('2016-06-29',26.67,24.33,30.06,1012.1,90.38,0.79),('2016-06-30',27.39,24.56,29.67,1010.9,85.91,0.02),('2016-07-01',27.94,25.17,30.83,1010.1,87.86,0.37),('2016-07-02',27.39,24.67,31.06,1010.1,88.23,0.63),('2016-07-03',27.78,24.83,30.83,1010.6,87.92,0),('2016-07-04',27.22,25.17,30.17,1008.7,87.07,0),('2016-07-05',27.11,24.67,29.67,1007.8,86.04,0),('2016-07-06',28.11,25.06,31.83,1006.8,82.37,0),('2016-07-07',27,25.56,29.17,1005.4,86.71,0.02),('2016-07-08',25.83,24.67,27.33,1005.5,90.02,1),('2016-07-09',25.83,24.06,28.06,1006.8,92.39,0.47),('2016-07-10',26.28,24.56,29.06,1007.4,88.45,0.04),('2016-07-11',27.5,24.33,30.67,1010.1,82.81,0),('2016-07-12',27.28,25.83,29.33,1010.6,84.88,0),('2016-07-13',27.83,25.06,30.17,1009.9,84.31,0),('2016-07-14',27.83,26.33,29.33,1010.2,85.66,0.04),('2016-07-15',28.11,25.83,31.56,1009.7,87.78,0.03),('2016-07-16',28.5,24.67,31.67,1010.3,86.05,0),('2016-07-17',29,26.06,31.67,1010.3,85.02,0),('2016-07-18',28,25.33,31.56,1009.9,86.26,0.43),('2016-07-19',27.28,25.06,29.17,1009.9,86.3,0),('2016-07-20',27.28,25.33,30.06,1010.6,88.05,0.04),('2016-07-21',27.94,26.06,29.83,1010.6,83.82,0),('2016-07-22',28.67,26.06,32.06,1010,86.81,0),('2016-07-23',28.72,25.06,32.17,1008.8,82.31,0),('2016-07-24',27.11,25.33,31.06,1008.5,89.01,0.08),('2016-07-25',27.78,24.67,31.33,1009.9,83.92,0),('2016-07-26',28.83,25.17,32.17,1010.5,81.71,0),('2016-07-27',29,26.06,31.17,1011,79.54,0),('2016-07-28',28.06,26.06,29.67,1010.3,83.54,0),('2016-07-29',27.67,25.83,29.67,1008.7,83.2,0),('2016-07-30',28.33,25.33,31.17,1005.5,81.76,0),('2016-07-31',27.22,25.17,30.83,1003.9,87.8,0.2),('2016-08-01',27.17,24.83,30.67,1005.8,88.08,0),('2016-08-02',26.61,25.06,29.33,1007.4,88.06,0.87),('2016-08-03',26.89,24.17,29.67,1008.9,88.42,0.02),('2016-08-04',27.78,25.06,29.67,1009.2,83.29,0),('2016-08-05',28.56,26.17,31.83,1008.3,86.3,0),('2016-08-06',28.39,25.17,31.56,1006.8,85,0),('2016-08-07',27.56,25.56,30.33,1006.3,90.18,0.25),('2016-08-08',27.11,24.83,30.06,1006.6,87.36,0.72),('2016-08-09',26,24.67,28.17,1005.4,89.89,0.57),('2016-08-10',25.61,24.06,27.17,1005.6,94.83,0.45),('2016-08-11',26.39,24.83,27.56,1006.5,90.72,0.12),('2016-08-12',27,24.83,29.06,1006.6,86.81,0.05),('2016-08-13',26.83,24.56,29.17,1005.7,89.17,0.46),('2016-08-14',26.5,24.67,28.56,1005.2,93.52,0.16),('2016-08-15',27.44,25.67,30.56,1005.4,88.55,0.06),('2016-08-16',26.39,24.56,28.33,1005.7,88.56,0.04),('2016-08-17',27.89,24.67,30.06,1005.8,83.95,0),('2016-08-18',28.06,27.33,29.67,1005.6,82.63,0.02),('2016-08-19',28.39,25.83,31.17,1006.2,86.66,0),('2016-08-20',27.56,25.83,30.17,1005.1,87.67,0.19),('2016-08-21',27.56,25.33,30.67,1003.3,91.97,0),('2016-08-22',26.94,25.67,29.17,1003.4,89.37,0.17),('2016-08-23',27.22,24.67,29.67,1004.5,87.24,0.05),('2016-08-24',27.67,25.33,30.17,1004.8,85.28,0),('2016-08-25',27.72,24.67,30.67,1006.6,85.38,0),('2016-08-26',27.83,25.56,30.33,1007.8,86.29,0),('2016-08-27',28.33,25.67,30.83,1009.3,83.48,0),('2016-08-28',28.83,25.83,31.06,1009.2,83.23,0),('2016-08-29',29,26.83,31.33,1009.5,83.42,0),('2016-08-30',28.83,25.83,31.56,1010.3,81.32,0),('2016-08-31',28.5,26.17,31.17,1010.6,85.35,0),('2016-09-01',28,25.33,31.06,1010.1,80.98,0),('2016-09-02',28.83,26.06,32.06,1008.6,83.33,0),('2016-09-03',28.78,25.17,32.67,1008.4,81.89,0),('2016-09-04',28.67,26.06,31.67,1009,80.71,0),('2016-09-05',28.39,26.33,31.33,1010.6,83.94,0.12),('2016-09-06',27.56,25.17,30.17,1011.9,86.51,0),('2016-09-07',27.89,24.67,30.56,1011.2,84.65,0),('2016-09-08',27.56,25.83,30.06,1011.3,86.48,0.09),('2016-09-09',27.17,24.56,30.17,1010,85.06,0.55),('2016-09-10',27.44,24.06,30.06,1008.7,85.41,1.57),('2016-09-11',28.06,25.67,30.33,1008.5,86.22,0),('2016-09-12',28.33,26.06,32.33,1009.5,87.54,0.01),('2016-09-13',27.72,25.06,31.33,1008.2,83.48,0),('2016-09-14',28.28,25.17,30.83,1007.8,85.58,0),('2016-09-15',27.67,26.17,29.56,1007.1,86.75,0),('2016-09-16',27.39,24.83,30.56,1006.3,90.52,0.08),('2016-09-17',27.94,24.83,30.33,1007.3,84.89,0),('2016-09-18',28.11,26.06,30.17,1008.1,85.72,0),('2016-09-19',27.94,26.17,30.56,1007.9,84.81,0.01),('2016-09-20',27.11,25.17,30.06,1008.5,87.31,0.02),('2016-09-21',27.39,24.83,29.83,1010.4,90.07,0.31),('2016-09-22',27.72,25.56,29.83,1010.1,87.72,0),('2016-09-23',27.44,25.06,30.17,1008.8,89.3,0),('2016-09-24',28.17,25.06,30.83,1006.5,84.08,0),('2016-09-25',27.44,26.17,29.83,1005.3,89.66,0.39),('2016-09-26',27.72,25.67,30.67,1004.9,88.21,0),('2016-09-27',27.06,25.17,29.56,1005.3,87.53,0.28),('2016-09-28',25.17,24.67,25.83,1007.7,96.92,1.64),('2016-09-29',26.5,23.83,29.83,1008.6,90.32,0.04),('2016-09-30',27.11,24.83,30.17,1008.9,88.87,0),('2016-10-01',27.44,24.67,30.33,1009.6,84.17,0),('2016-10-02',27.5,24.83,30.56,1009.2,85.83,0),('2016-10-03',27.61,25.33,30.67,1008.3,86.27,0),('2016-10-04',27.11,25.17,29.67,1008.8,87.94,0.08),('2016-10-05',26.39,24.67,30.06,1007.7,90.87,2.09),('2016-10-06',26.22,24.17,29.06,1007.8,90.01,0.51),('2016-10-07',26.39,24.06,28.33,1009.8,92.22,0.16),('2016-10-08',27.5,25.06,30.33,1010.6,88.12,0),('2016-10-09',27.72,25.83,30.06,1009.4,86.23,0),('2016-10-10',27.22,25.67,29.33,1009.2,89.79,0.01),('2016-10-11',27.72,25.67,30.33,1009,86.64,0),('2016-10-12',26.5,24.06,29.17,1009.2,92.67,3.7),('2016-10-13',26.5,24.17,29.67,1009.1,87.89,0),('2016-10-14',27.44,24.83,29.83,1007.3,88.47,0),('2016-10-15',27.89,26.33,29.06,1003.9,85.62,0.02),('2016-10-16',25.94,24.83,27.33,1004.4,94.46,1.13),('2016-10-17',26.56,24.33,29.17,1008,91.39,0.04),('2016-10-18',27.67,24.67,30.33,1008.7,85.3,0),('2016-10-19',27.89,26.17,29.67,1004.2,85.49,0),('2016-10-20',27.11,25.06,28.67,1005.2,89.04,0.02),('2016-10-21',27.5,25.83,29.83,1009,91.38,0.09),('2016-10-22',26.89,24.83,29.33,1010.2,89.2,0),('2016-10-23',27.39,25.17,29.83,1009.8,87.04,0.01),('2016-10-24',27.67,25.06,30.67,1011.2,86.38,0),('2016-10-25',27.61,25.17,29.83,1012.4,84.68,0),('2016-10-26',28,25.33,31.17,1013.1,86.64,0.2),('2016-10-27',26.56,25.17,28.67,1013.3,90.91,0.78),('2016-10-28',27.33,25.33,30.17,1011.6,91.79,0.63),('2016-10-29',27.11,25.67,29.17,1011.1,90.65,0.17),('2016-10-30',26.83,24.33,29.33,1011.8,90.08,1.06),('2016-10-31',27.39,25.56,30.17,1012.3,88.78,0.03),('2016-11-01',26.22,24.33,29.17,1011.6,89.13,0.47),('2016-11-02',26.11,24.67,27.33,1010.4,92.62,2.09),('2016-11-03',25.56,24.83,26.83,1010.5,95.69,1.69),('2016-11-04',24.78,24.33,25.33,1010.5,96.7,0.79),('2016-11-05',26.44,24.06,28.83,1010.9,89.74,0.01),('2016-11-06',26.39,24.06,30.17,1012.7,89.76,0.12),('2016-11-07',26.06,24.06,28.67,1013.7,87.71,0.13),('2016-11-08',26.67,24.17,29.67,1013.9,86.23,0.12),('2016-11-09',26.39,24.67,29.33,1013.6,87.87,0.21),('2016-11-10',26,24.17,29.06,1013.1,88.95,0.04),('2016-11-11',25.89,23.17,28.33,1012.8,90.48,1.02),('2016-11-12',27.5,26.06,29.06,1013.4,86.15,0),('2016-11-13',26.06,24.67,27.83,1012.3,90.46,0.24),('2016-11-14',26.89,25.17,29.33,1011.6,88.71,0.05),('2016-11-15',26.5,25.06,28.83,1011.3,90.78,1.35),('2016-11-16',27.22,25.06,29.17,1011.6,90.34,0.47),('2016-11-17',27.39,26.06,29.33,1012,89.87,0.2),('2016-11-18',26.5,25.06,29.56,1009.8,92.92,0.43),('2016-11-19',26,24.06,27.56,1008.9,88.82,1.5),('2016-11-20',27.61,25.06,29.83,1010.8,90.31,0.01),('2016-11-21',27.94,26.67,30.06,1010.3,86.4,0),('2016-11-22',26.5,25.56,27.67,1010,88.44,0.02),('2016-11-23',26.89,24.33,29.67,1010.2,86.62,0),('2016-11-24',26.5,24.06,28.17,1009.1,88.69,0.04),('2016-11-25',25.22,24.33,25.83,1006.1,94.22,1.38),('2016-11-26',26.28,23.67,28.06,1007.9,89.88,1.3),('2016-11-27',27.11,25.06,29.06,1007.5,87.81,0),('2016-11-28',27.17,24.06,30.06,1010,89.76,0.28),('2016-11-29',27.06,25.33,30.33,1012.3,88.17,1.77),('2016-11-30',26.67,24.33,29.06,1012.2,89.22,0.31),('2016-12-01',27.11,25.83,28.83,1011.8,89.43,0.1),('2016-12-02',26.72,25.67,27.56,1012.9,91.17,0.01),('2016-12-03',26.94,24.67,29.06,1012.7,88.28,0.02),('2016-12-04',27.44,26.06,29.33,1011.2,86.94,0.04),('2016-12-05',27,25.67,29.33,1011.1,87.9,0),('2016-12-06',26.72,24.33,29.56,1011.2,86.8,0.63),('2016-12-07',26.17,24.33,28.17,1008.9,91.53,0.04),('2016-12-08',26.11,25.06,27.67,1006.8,93.03,0.87),('2016-12-09',26.11,24.33,28.06,1006.7,93.34,0.67),('2016-12-10',25.94,24.33,28.17,1007.3,93.83,0.71),('2016-12-11',26.39,24.67,28.06,1007.3,94.12,0.43),('2016-12-12',26.5,25.06,28.83,1008.6,90.84,0.69),('2016-12-13',25.39,24.83,26.67,1009,95.37,0.35),('2016-12-14',25,24.06,26.33,1009.9,94.63,1.24),('2016-12-15',25.83,24.33,27.56,1011.1,94.31,0.54),('2016-12-16',25.28,24.33,26.56,1011.8,94.6,0.46),('2016-12-17',25.33,23.67,26.33,1012.8,89.56,0.09),('2016-12-18',25.5,24.83,26.56,1012.7,93.12,1.07),('2016-12-19',25.39,24.33,26.06,1011.7,94.52,0.06),('2016-12-20',26.11,24.56,28.17,1011.8,91.28,0.02),('2016-12-21',26.56,24.83,28.33,1011.8,91.05,0.08),('2016-12-22',26.78,25.83,28.83,1010.7,87.61,0.03),('2016-12-23',26.22,24.67,28.83,1010.1,90.05,0.06),('2016-12-24',25.83,24.56,27.83,1010.1,91.93,0.21),('2016-12-25',26.28,25.06,27.33,1008.5,90.5,0.03),('2016-12-26',24.78,23.56,28.06,1002.4,95,5.68),('2016-12-27',26.06,24.06,27.33,1007.7,87.39,0),('2016-12-28',26.67,24.83,28.67,1009,90.89,0.12),('2016-12-29',26.89,25.56,28.83,1011,89.78,0.08),('2016-12-30',27.39,25.17,29.56,1012.3,86.75,0),('2016-12-31',25.78,25.06,27.33,1011.4,94.15,1.08),('2017-01-01',26.56,25.17,28.67,1011.9,87.43,0.1),('2017-01-02',26.39,25.06,28.17,1011.3,89.13,0.19),('2017-01-03',26.39,24.67,28.67,1011,88.7,0),('2017-01-04',26,24.17,28.33,1010.3,89.68,0.39),('2017-01-05',26.22,24.83,28.06,1009.9,90.36,0.02),('2017-01-06',26,23.83,28.17,1010,89.49,0),('2017-01-07',25.94,24.17,27.83,1008.8,86.06,0),('2017-01-08',26.11,24.83,27.33,1007.7,86.72,0),('2017-01-09',26.06,24.83,28.06,1009,88.81,0.04),('2017-01-10',25.61,24.56,27.83,1009.5,91.35,0.76),('2017-01-11',25.06,23.33,26.83,1009.8,92.84,0.91),('2017-01-12',26.06,24.33,28.06,1009.1,91.53,0.16),('2017-01-13',26.11,23.67,28.67,1008.6,88.91,0),('2017-01-14',26.61,24.83,29.17,1009,85.2,0),('2017-01-15',26.44,25.06,28.83,1009.9,86.79,0.01),('2017-01-16',25.89,24.67,27.67,1012.1,87.31,0.19),('2017-01-17',25.28,23.67,26.83,1013.7,87.44,0.14),('2017-01-18',25,23.17,26.17,1015.4,86.48,0.04),('2017-01-19',25.28,23.33,27.67,1014.4,91.25,0),('2017-01-20',26.06,24.33,28.06,1014,87.84,0),('2017-01-21',26.06,24.17,28.06,1014.7,85.88,0),('2017-01-22',26.11,25.06,28.17,1014.4,87.01,0.05),('2017-01-23',26.17,24.83,28.06,1014.5,88.55,0.05),('2017-01-24',26.11,24.67,28.33,1015.8,88.63,0.01),('2017-01-25',24.89,24.06,26.56,1017,88.51,0.04),('2017-01-26',25.67,23.67,28.33,1015.3,88.5,0),('2017-01-27',24.94,23.83,27.17,1014.4,91.76,0.04),('2017-01-28',25,23.17,27.06,1013.4,90.7,0.83),('2017-01-29',24.94,23.67,26.06,1012.4,94.62,0.28),('2017-01-30',25.72,24.67,27.56,1012,92.36,0.06),('2017-01-31',25.67,24.33,27.17,1011.8,92.19,0.04),('2017-02-01',26.5,24.67,29.17,1013,90.74,0.55),('2017-02-02',25.72,24.56,27.83,1013.5,92.11,0.34),('2017-02-03',25.33,24.67,26.06,1013.4,91.91,0.09),('2017-02-04',25.61,23.67,27.83,1012.2,89.64,0),('2017-02-05',25.67,23.06,28.06,1009.4,88.66,0.02),('2017-02-06',25.89,24.33,27.56,1010.3,90.53,0.03),('2017-02-07',25.83,24.67,27.33,1012.1,88.27,0),('2017-02-08',25.5,24.17,27.17,1011.7,86.89,0),('2017-02-09',25.67,23.56,27.83,1011.4,87.45,0),('2017-02-10',25.39,24.06,27.56,1013.1,86.55,0),('2017-02-11',25.11,23.67,27.33,1016,85.86,0.04),('2017-02-12',24.78,22.83,27.06,1017.6,86.8,0.19),('2017-02-13',24.94,23.33,27.17,1019.8,87.77,0.02),('2017-02-14',25,23.17,27.06,1021.6,89.81,0.05),('2017-02-15',25,23.17,27.17,1019.6,86.71,0.12),('2017-02-16',25.22,23.06,27.56,1017.4,85.87,0.06),('2017-02-17',24.33,23.06,25.33,1016.6,93.37,0.09),('2017-02-18',25.06,23.56,26.83,1015.3,89.29,0),('2017-02-19',25.39,24.17,27.17,1014.1,89.29,0.05),('2017-02-20',25.67,23.83,27.67,1014.7,87.62,0),('2017-02-21',26.06,24.06,27.83,1016,87.4,0),('2017-02-22',25.72,24.17,27.17,1014.9,90.06,0.02),('2017-02-23',26.44,24.83,28.06,1014.9,88.64,0),('2017-02-24',26.17,24.67,28.56,1015.3,90.52,0.02),('2017-02-25',25.56,24.06,28.17,1013.7,90.18,0.21),('2017-02-26',26.28,24.83,28.67,1013.2,89.8,0),('2017-02-27',26.5,24.17,28.83,1015,86.87,0),('2017-02-28',26.33,24.67,28.17,1015,88.57,0),('2017-03-01',25.89,24.83,28.17,1013.9,88.87,0.04),('2017-03-02',26,24.67,27.83,1012.7,89.15,0),('2017-03-03',26,24.56,28.17,1011.7,88.92,0.17),('2017-03-04',25.83,24.06,28.06,1011,88.91,0),('2017-03-05',26.39,24.06,28.67,1011.5,87.49,0),('2017-03-06',26.11,23.17,28.83,1011.7,87.08,0),('2017-03-07',26.22,24.33,28.67,1012.2,88.93,0),('2017-03-08',26.28,24.06,28.56,1012.6,86.22,0.12),('2017-03-09',26.56,25.06,28.67,1012.7,84.16,0),('2017-03-10',26.83,25.17,28.83,1012.5,84.55,0),('2017-03-11',26.56,24.67,28.67,1012.4,84.86,0),('2017-03-12',26.61,25.06,29.06,1011.6,87.57,0),('2017-03-13',26.5,24.83,28.83,1011.3,90.08,0),('2017-03-14',26.78,25.06,29.17,1011.6,86.85,0),('2017-03-15',26.06,25.17,27.56,1012.9,90.76,0.02),('2017-03-16',26.44,24.06,28.33,1013,85.66,0),('2017-03-17',26.72,24.17,29.06,1014.2,85.79,0),('2017-03-18',26.39,24.33,28.56,1015,85.45,0),('2017-03-19',26,24.56,28.33,1014.7,86.91,0),('2017-03-20',26.33,24.33,28.67,1013.1,82.77,0.01),('2017-03-21',26.61,24.56,28.33,1011.8,84.72,0.04),('2017-03-22',26.72,24.83,29.06,1011.6,83.94,0),('2017-03-23',26.72,24.67,29.17,1012.4,87.58,0),('2017-03-24',26.67,24.67,29.33,1013.1,86.94,0),('2017-03-25',26.67,24.83,29.33,1013.2,83.09,0),('2017-03-26',27.5,25.17,29.33,1014.2,81.65,0),('2017-03-27',26.78,25.06,29.06,1015.9,86.36,0.12),('2017-03-28',26.61,24.83,28.67,1016,83.97,0.04),('2017-03-29',26.78,24.67,29.33,1016.3,86.04,0.01),('2017-03-30',26.39,24.67,29.67,1016.2,86.25,0),('2017-03-31',27.22,24.17,30.17,1013.8,82.08,0),('2017-04-01',27,23.56,30.33,1012.1,81.38,0),('2017-04-02',25.83,24.06,28.56,1013.2,88.76,0.46),('2017-04-03',25.22,23.83,27.17,1015.5,90,0),('2017-04-04',25.94,24.06,28.33,1015.7,87.74,0),('2017-04-05',26.44,24.33,29.17,1013.5,85.63,0),('2017-04-06',26.56,24.83,29.06,1012.4,87.18,0),('2017-04-07',27.28,25.67,30.06,1012.2,85.37,0),('2017-04-08',27.67,24.67,30.06,1011.6,84.17,0),('2017-04-09',27.89,25.83,30.33,1010.4,85.34,0.01),('2017-04-10',27.06,23.17,30.17,1010.4,84.17,0),('2017-04-11',27.5,24.06,30.83,1010.4,84.12,0),('2017-04-12',28,25.83,30.67,1011.3,83.23,0),('2017-04-13',28.17,26.67,30.67,1013,85.06,0),('2017-04-14',28.28,26.33,31.06,1012.4,82.77,0),('2017-04-15',27.78,25.17,30.33,1011.3,81.53,0),('2017-04-16',26.5,24.83,28.67,1010.1,91.09,2.5),('2017-04-17',26.89,24.83,29.67,1010.8,88.25,0),('2017-04-18',27.33,24.83,29.83,1010.9,85.63,0),('2017-04-19',27.5,25.06,29.67,1011,85.07,0),('2017-04-20',28.06,25.06,30.33,1011.2,84.41,0),('2017-04-21',28.44,25.33,30.83,1010.3,82.91,0),('2017-04-22',28.22,25.17,30.67,1009.7,82.22,0),('2017-04-23',28.94,25.56,33.33,1010.2,83.7,0.59),('2017-04-24',28.28,23.83,31.17,1011.4,83.78,1.22),('2017-04-25',28.44,25.83,31.17,1011.7,82.31,0.75),('2017-04-26',28.78,26.83,31.83,1010.7,81.33,0),('2017-04-27',28.61,25.06,31.67,1009.8,79.68,0),('2017-04-28',29.28,26.33,33.17,1009.7,80.3,0),('2017-04-29',29,26.33,32.67,1009.9,81.06,0),('2017-04-30',28.22,25.83,31.33,1010.6,84.34,0),('2017-05-01',28.78,26.17,31.67,1012,81.08,0),('2017-05-02',28.89,26.33,31.56,1011.9,81.93,0),('2017-05-03',29,26.17,31.67,1011.5,83.32,0.03),('2017-05-04',28.89,26.06,31.67,1011.5,83.24,0.02),('2017-05-05',28.78,25.83,31.56,1011.9,82.77,0.46),('2017-05-06',28.72,26.17,31.67,1012.5,83.44,0.2),('2017-05-07',28.89,26.33,31.06,1011.6,84.12,0.16),('2017-05-08',28.83,26.33,31.56,1011.1,82.92,0),('2017-05-09',28.5,25.67,31.17,1011.4,81.7,2.72),('2017-05-10',27.72,25.56,31.33,1011.7,86.07,1.13),('2017-05-11',27.11,24.83,29.67,1011.5,87.08,0.74),('2017-05-12',28.06,25.17,30.33,1010.1,86.25,0),('2017-05-13',28.06,25.17,30.17,1009.2,84.33,0.79),('2017-05-14',28.11,25.56,30.33,1008.7,84.51,0.24),('2017-05-15',28.28,25.56,30.67,1007.4,83.16,0),('2017-05-16',28.06,25.33,30.33,1008,84.16,0),('2017-05-17',27.72,25.67,31.06,1008.3,89.18,0.04),('2017-05-18',27.67,25.17,30.83,1009.1,87.2,0.02),('2017-05-19',28.5,25.67,30.83,1008.7,87.57,0),('2017-05-20',28.83,25.67,32.06,1007.1,85.92,0.35),('2017-05-21',28.94,25.83,32.83,1006.4,84.08,0.04),('2017-05-22',28.89,26.67,32.33,1008,81.87,0),('2017-05-23',27.56,25.33,30.67,1009.1,87.93,0.24),('2017-05-24',28.39,25.17,31.56,1008.4,86.95,0),('2017-05-25',27.17,25.17,30.33,1008.3,88.59,0.47),('2017-05-26',26.89,24.33,29.83,1008.2,92.42,2.68),('2017-05-27',27.44,25.56,30.17,1007.9,89.96,0.31),('2017-05-28',27.72,24.83,30.83,1008.1,90.45,0.03),('2017-05-29',27.56,25.67,30.17,1009.6,88.77,0),('2017-05-30',28.17,25.67,31.06,1010.6,85.92,0),('2017-05-31',28.39,26.17,31.17,1009.6,84.25,0),('2017-06-01',28.28,26.06,31.17,1009.4,84.27,0),('2017-06-02',28.33,25.83,30.83,1008.4,85.77,0),('2017-06-03',28.61,26.83,31.33,1009.5,83.87,0),('2017-06-04',29.17,26.67,32.83,1008.9,87.96,0),('2017-06-05',28.78,26.33,31.83,1009.8,84.55,0),('2017-06-06',28.06,26.06,30.33,1010.6,83.88,0),('2017-06-07',27.72,25.67,31.33,1010.5,86.54,1.15),('2017-06-08',27.61,25.83,30.67,1009.9,87.19,0.2),('2017-06-09',26.11,24.56,30.06,1008.4,95.24,6.22),('2017-06-10',27.22,24.33,30.33,1007.7,88.88,2.54),('2017-06-11',27.89,25.17,31.17,1009.4,88.34,0.04),('2017-06-12',27.28,25.17,29.67,1010.8,87.77,0),('2017-06-13',27.78,25.33,30.06,1011.5,84.34,0),('2017-06-14',27.94,25.83,30.17,1011.6,84.72,0),('2017-06-15',27.83,25.67,30.67,1011.1,84.65,0),('2017-06-16',28.89,25.17,31.83,1010,87.25,0),('2017-06-17',28.94,25.56,31.67,1008.3,86.26,0),('2017-06-18',29.17,26.17,32.56,1008.2,88.56,0),('2017-06-19',28.33,25.67,31.67,1008.9,84.28,0),('2017-06-20',28.11,25.17,31.06,1008.8,83.51,0.01),('2017-06-21',28.44,25.67,31.33,1009.2,84.99,0),('2017-06-22',28,25.83,30.33,1010.3,85.74,0),('2017-06-23',28.33,26.06,31.83,1010.1,89.75,0.03),('2017-06-24',28.22,25.33,31.67,1008.8,87.98,0),('2017-06-25',29.44,26.06,32.56,1009.2,90.49,0),('2017-06-26',29,26.17,31.67,1010.5,81.3,0),('2017-06-27',28.11,26.06,30.67,1010.9,85.05,0.02),('2017-06-28',27.94,25.67,31.56,1010.2,89.25,0.01),('2017-06-29',26.89,25.17,29.17,1009.8,89.86,0),('2017-06-30',28.33,24.83,31.83,1008.9,86.43,0),('2017-07-01',27.89,24.33,31.06,1008.2,85.51,1.38),('2017-07-02',27.11,24.67,30.17,1008.3,91.44,0.35),('2017-07-03',26.5,24.83,30.17,1009,91.64,0.43),('2017-07-04',25.89,22.17,29.17,1010,90.14,0.35),('2017-07-05',26.78,24.67,29.33,1011.3,88.54,0.02),('2017-07-06',26.72,24.67,29.83,1011.3,90.24,0),('2017-07-07',28.06,24.67,30.83,1010.8,86.99,0.02),('2017-07-08',27.06,25.56,29.17,1010.7,90.05,1.18),('2017-07-09',26.17,24.33,28.83,1010.4,92.08,0.98),('2017-07-10',26.17,24.17,28.33,1010.4,92.49,0.04),('2017-07-11',26.06,24.17,29.06,1010.9,90.31,1.54),('2017-07-12',25.83,23.67,29.67,1011.3,92.88,0.43),('2017-07-13',26.28,24.17,29.56,1010.1,90.17,0.36),('2017-07-14',26.11,24.06,29.33,1009.8,91.54,0.39),('2017-07-15',26.11,23.83,29.67,1009.4,90.16,0.31),('2017-07-16',26.11,23.83,28.83,1009.4,93.42,0.39),('2017-07-17',27.33,24.33,30.17,1010.3,90.29,0.04),('2017-07-18',25.28,24.17,27.83,1010.6,93.1,2.64),('2017-07-19',25.22,23.67,26.83,1008.7,94.8,1.57),('2017-07-20',26.61,24.56,28.83,1008.5,91.71,0.01),('2017-07-21',27.44,24.67,30.06,1009.8,88.18,0.12),('2017-07-22',27.17,25.17,29.83,1009.8,88.74,0),('2017-07-23',27.39,24.83,31.56,1008.4,87.79,0.11),('2017-07-24',27.17,24.83,30.17,1006.8,88.34,0),('2017-07-25',26.89,24.67,29.33,1006.3,89.44,0.09),('2017-07-26',26.06,24.33,28.17,1006.4,91.86,0.17),('2017-07-27',26.56,25.33,28.67,1006.1,89.46,0),('2017-07-28',26.89,24.83,29.83,1007,89.2,0.17),('2017-07-29',28.11,26.33,29.67,1005.5,88.23,0),('2017-07-30',29.44,27.33,31.83,1005.5,81.98,0),('2017-07-31',28.89,26.83,31.67,1007.1,85.12,0),('2017-08-01',27.83,25.56,31.17,1007.7,89.22,0),('2017-08-02',28.22,25.33,30.83,1006.7,86.86,0),('2017-08-03',27.56,26.33,29.33,1005.7,86.84,0),('2017-08-04',27.28,25.06,29.56,1006.4,87.18,0.06),('2017-08-05',27.11,25.17,29.83,1008,87.39,0.06),('2017-08-06',28.28,24.83,32.17,1009.1,86.62,0),('2017-08-07',28.89,25.67,32.83,1009.6,85.59,0),('2017-08-08',27.67,25.17,31.83,1010,88.07,0),('2017-08-09',29.11,25.33,33.06,1010,85.61,0),('2017-08-10',28.67,26.83,30.33,1010.1,84.2,0),('2017-08-11',29.11,26.17,32.33,1010,83.78,0),('2017-08-12',29.22,25.56,32.17,1010.1,85.82,0),('2017-08-13',28,24.83,30.83,1010,88.64,0.59),('2017-08-14',27,24.56,29.83,1009.9,92.26,3.5),('2017-08-15',28,25.17,30.83,1009.2,86.67,0),('2017-08-16',28.56,24.83,32.06,1008.5,86.56,0.04),('2017-08-17',28.61,25.33,31.17,1008.6,88.76,0),('2017-08-18',28.5,25.83,31.33,1009.4,89.31,0.31),('2017-08-19',28.06,26.56,30.33,1008.7,87.57,0.05),('2017-08-20',27.22,25.17,29.67,1006.9,87.36,0),('2017-08-21',26.72,25.33,30.33,1004.3,89.05,0.87),('2017-08-22',26.39,24.56,28.17,1004.8,90.95,0.2),('2017-08-23',27,24.67,28.83,1008.4,92.44,0.02),('2017-08-24',27.5,26.06,29.56,1009.7,90.07,0),('2017-08-25',25.78,25.06,26.83,1006.6,94.67,0.2),('2017-08-26',25.89,24.06,29.67,1007.2,93.81,2.37),('2017-08-27',27.5,24.17,30.17,1009.9,91.51,0),('2017-08-28',27.89,26.17,30.67,1008.7,88.51,0),('2017-08-29',27.39,25.17,29.67,1005.8,86.52,0),('2017-08-30',27.72,25.17,30.33,1005,90.48,0.03),('2017-08-31',27.22,25.83,29.33,1006.7,90.29,0.17),('2017-09-01',28.28,25.17,31.83,1007.4,86.7,0),('2017-09-02',28.94,25.06,32.17,1008.4,85.99,0),('2017-09-03',29,25.67,32.17,1009.8,86.96,0),('2017-09-04',28.33,26.56,31.17,1009.4,88.9,0),('2017-09-05',27.5,25.17,29.67,1009,88.91,0.02),('2017-09-06',28.5,25.67,32.67,1009.5,88.11,0),('2017-09-07',28,25.06,30.17,1010.1,86.18,0),('2017-09-08',28.61,25.67,32.06,1010,82.68,0),('2017-09-09',29.56,26.06,31.67,1008.8,85.52,0),('2017-09-10',28.06,25.06,31.33,1008.4,88.75,0.48),('2017-09-11',25.28,23.67,26.17,1005.6,95.1,0.94),('2017-09-12',24.78,23.33,26.17,1003.1,94.95,1.58),('2017-09-13',27,24.56,29.83,1005.6,93.25,0.7),('2017-09-14',26.94,24.83,28.67,1007.6,90.45,0.01),('2017-09-15',28.28,26.33,31.33,1009.1,88.06,0),('2017-09-16',28.39,25.83,31.56,1008.9,84.11,0),('2017-09-17',28.39,26.06,30.83,1008.3,83.58,0),('2017-09-18',28.39,26.56,31.17,1009.4,89.32,0),('2017-09-19',28,25.33,30.83,1009.8,84.73,0.01),('2017-09-20',27.61,25.17,30.17,1009.7,88.04,0.01),('2017-09-21',28.17,25.33,31.17,1009.2,89.63,0.03),('2017-09-22',27.56,24.33,30.83,1009.8,90.95,1.12),('2017-09-23',26.89,24.06,29.17,1011,95.4,0.67),('2017-09-24',27.44,24.17,30.17,1011.4,87.15,0),('2017-09-25',27.78,26.33,30.06,1010.2,90.2,0.22),('2017-09-26',25.89,24.33,29.06,1009.8,91.43,1.86),('2017-09-27',27.22,24.06,30.06,1009.9,92.02,0),('2017-09-28',27.44,25.33,29.83,1010.4,87.84,0),('2017-09-29',28.11,26.17,31.33,1011.3,89.26,0.02),('2017-09-30',25.89,24.83,27.17,1011.9,95.06,0.31),('2017-10-01',26.44,24.67,28.67,1010.2,96.2,0.56),('2017-10-02',27.44,24.83,30.33,1010.1,91.91,0.12),('2017-10-03',27.28,24.33,30.17,1011.2,91.62,0.94),('2017-10-04',27.83,25.33,30.67,1010.5,89.97,0.02),('2017-10-05',27.5,25.67,29.83,1009.7,86.44,0.35),('2017-10-06',27.56,25.06,30.17,1010,89.51,0),('2017-10-07',27.5,25.06,30.17,1008,89.22,0.01),('2017-10-08',27.44,25.17,29.33,1005.9,91.05,0),('2017-10-09',26.78,25.67,29.17,1007,92.11,0.2),('2017-10-10',27.39,24.83,29.56,1006.3,89.37,0),('2017-10-11',27.89,25.67,30.17,1004.7,92.62,0),('2017-10-12',27.89,25.83,30.06,1002.5,87.66,0),('2017-10-13',26.39,24.83,28.06,999.9,91.47,1.38),('2017-10-14',25.33,23.67,27.33,1001.3,95.27,1.14),('2017-10-15',26.28,23.67,28.83,1006.7,94.01,0.28),('2017-10-16',26.61,24.83,29.06,1007.5,93.1,0.23),('2017-10-17',26.94,24.67,29.06,1007.1,95.15,0.01),('2017-10-18',27.11,24.83,29.67,1006.5,89.88,0.05),('2017-10-19',26.56,24.17,28.56,1005.5,89.45,0),('2017-10-20',26.94,24.56,29.67,1005.7,87.36,0),('2017-10-21',27.61,24.67,30.17,1006.9,88.85,0),('2017-10-22',27,26.17,28.33,1007.8,89.34,0),('2017-10-23',27.17,25.17,30.06,1010.2,91.76,0),('2017-10-24',25.72,24.56,27.06,1012.4,93.37,0.8),('2017-10-25',26.39,24.17,28.83,1012.3,88.18,0),('2017-10-26',26.83,25.17,28.67,1010.5,88.24,0.01),('2017-10-27',27.06,23.83,30.33,1009,86.2,0),('2017-10-28',26.89,24.33,29.33,1009.9,89.61,0),('2017-10-29',27.39,24.67,29.67,1011.4,85.89,0),('2017-10-30',26.94,24.56,29.06,1011.1,94.62,0.4),('2017-10-31',24.94,24.06,26.17,1010,96.43,4.53),('2017-11-01',24.56,23.33,25.67,1007.6,95.78,8.66),('2017-11-02',25.89,24.06,27.67,1007.5,91.51,2.07),('2017-11-03',27.61,25.83,29.83,1008.7,86.82,0.03),('2017-11-04',26.17,24.33,28.33,1008.7,91.41,0.25),('2017-11-05',26.83,24.33,29.83,1009,94.36,1.2),('2017-11-06',26.72,24.83,29.17,1010,92.55,0),('2017-11-07',26.78,24.67,29.56,1010.7,88.24,0.79),('2017-11-08',27,24.67,29.33,1009.8,87.23,0.04),('2017-11-09',24.94,23.33,27.06,1007.1,96.3,4.29),('2017-11-10',26,23.67,30.06,1008.1,92.21,0.02),('2017-11-11',27,24.06,30.56,1010.1,89.75,0),('2017-11-12',27.11,24.17,30.17,1009.6,91.4,0),('2017-11-13',27.56,24.33,30.06,1009.6,88.33,0),('2017-11-14',27.72,25.17,30.06,1010.1,89.22,0.04),('2017-11-15',27.56,24.56,30.33,1011.9,90.78,0),('2017-11-16',27.28,25.83,28.83,1011,90.63,0.38),('2017-11-17',26.28,25.06,26.83,1009.4,92.55,2.71),('2017-11-18',27.17,25.83,28.83,1008.7,91.7,0.79),('2017-11-19',26,24.17,28.56,1010.8,92.52,1.58),('2017-11-20',26.89,24.17,30.33,1011.8,88.45,0),('2017-11-21',27.39,24.67,29.83,1011.6,89.91,0),('2017-11-22',27.72,25.06,30.83,1010.2,90.62,0.01),('2017-11-23',27.22,26.17,29.06,1010.6,88.68,0.03),('2017-11-24',26.78,25.67,28.06,1011.3,92.32,0.13),('2017-11-25',27.22,24.33,29.83,1012,93.66,0.07),('2017-11-26',27.06,24.33,29.17,1011.5,88.59,0.03),('2017-11-27',27,25.33,29.06,1010.2,87.16,0.05),('2017-11-28',27.06,24.06,30.33,1011,91.28,0.03),('2017-11-29',26.33,24.67,28.33,1010.4,94.21,0.51),('2017-11-30',26.78,25.56,29.67,1008.7,89.87,0.54),('2017-12-01',27.11,25.33,29.56,1010.2,91.18,0.58),('2017-12-02',27.44,25.83,29.56,1011,89.97,0.28),('2017-12-03',27.5,25.83,30.56,1010.8,90,0),('2017-12-04',27.33,25.06,30.17,1010.6,88.69,0),('2017-12-05',27.11,24.83,30.06,1010.6,90.68,0.44),('2017-12-06',25.56,23.67,27.17,1010.9,92.27,0.56),('2017-12-07',26.44,24.56,29.67,1010.1,89.93,0.21),('2017-12-08',27.39,24.83,31.33,1009.9,89.2,0.02),('2017-12-09',27.17,25.83,29.83,1009.6,89.98,0),('2017-12-10',27.06,24.83,30.06,1010.5,90.77,0.04),('2017-12-11',26.5,25.17,27.83,1010.4,91.05,0.61),('2017-12-12',25.11,24.56,26.17,1010.4,94.43,0.43),('2017-12-13',25.61,23.83,27.83,1010.1,90.76,0.43),('2017-12-14',25.39,24.06,27.06,1010.7,88.07,0.03),('2017-12-15',24.44,15.06,27.83,1011.5,82.35,0),('2017-12-16',23.83,22.17,25.06,1009.7,87.78,0.75),('2017-12-17',23.94,22.17,25.06,1008.3,92.15,0.91),('2017-12-18',25.94,24.17,27.67,1009.1,91.35,0.7),('2017-12-19',26.22,24.06,28.83,1010.5,89.01,0),('2017-12-20',26.28,24.33,28.83,1012.8,90.36,0.1),('2017-12-21',25.67,24.83,27.17,1012.9,93.62,0.42),('2017-12-22',25.67,24.33,28.06,1011.2,94.72,0.19),('2017-12-23',26,24.56,27.17,1008.7,91.35,0.89),('2017-12-24',26.56,24.17,29.17,1009.4,92,0),('2017-12-25',26.33,25.83,26.83,1011.2,90.89,0.26),('2017-12-26',25.78,24.67,27.56,1011.9,95.09,0.55),('2017-12-27',25.94,24.83,27.06,1012.6,92.35,0.35),('2017-12-28',25.61,24.33,27.06,1013.3,91.83,0.36),('2017-12-29',26,24.56,29.17,1014.2,92.59,0.01),('2017-12-30',25.5,24.17,27.17,1013.9,90.29,0.12),('2017-12-31',26.11,24.83,29.33,1012.3,87.42,0.03),('2018-01-01',25.39,24.56,26.17,1011.9,87.87,0.08),('2018-01-02',25.11,23.83,26.17,1011.5,90.95,0.12),('2018-01-03',24.39,23.06,25.83,1012.3,93.31,0.39),('2018-01-04',25.67,23.83,27.56,1012.5,92.08,0.16),('2018-01-05',26.22,23.83,28.56,1012.2,90.27,0.2),('2018-01-06',26.22,24.33,28.06,1012.6,89.42,0),('2018-01-07',26.39,25.17,28.67,1013.2,89.42,0),('2018-01-08',25.89,24.67,28.06,1013.8,92.09,0),('2018-01-09',26.17,24.56,29.33,1014.2,88.81,0),('2018-01-10',26.5,24.67,29.06,1014.3,89.9,0),('2018-01-11',25.72,24.67,27.17,1013.6,91.22,0.09),('2018-01-12',24.22,23.17,25.06,1014.7,90.4,0.03),('2018-01-13',23.33,22.67,24.33,1015.5,90.29,0.54),('2018-01-14',24.17,22.83,25.06,1014.5,87.99,0.09),('2018-01-15',25.22,23.17,27.17,1013.3,89.38,0.05),('2018-01-16',25.11,23.67,26.33,1011.1,90.46,0.16),('2018-01-17',25.17,24.06,26.33,1010.9,90.88,0.13),('2018-01-18',26.33,25.06,27.83,1012,90.12,0.01),('2018-01-19',26.17,25.06,27.67,1012.7,90.67,0.02),('2018-01-20',25.56,24.33,26.33,1011.9,90.55,0.01),('2018-01-21',26,24.17,28.56,1011.3,89.01,0.14),('2018-01-22',26.22,24.83,28.17,1010.8,89.73,0.04),('2018-01-23',26.83,24.67,30.06,1010.8,89.32,0),('2018-01-24',26.67,24.83,29.33,1010,89.27,0),('2018-01-25',26.44,24.83,27.83,1010.4,89.97,0),('2018-01-26',26.61,25.17,28.83,1010.1,90.45,0.04),('2018-01-27',25,24.33,25.83,1010.4,91.97,2.19),('2018-01-28',24.17,23.56,24.67,1011.2,92.44,0.51),('2018-01-29',25.61,23.17,27.67,1011.8,90.54,0),('2018-01-30',24.94,24.17,26.83,1012.8,88.88,0),('2018-01-31',25.94,24.06,28.17,1013.7,87.4,0),('2018-02-01',25.94,24.06,28.06,1013.6,91.19,0),('2018-02-02',25.89,24.06,28.17,1014,90.35,0.5),('2018-02-03',25.56,23.67,28.33,1014.1,86.32,0.01),('2018-02-04',25.44,24.06,27.56,1013.6,89.15,0),('2018-02-05',25.39,24.06,27.17,1014.2,91.32,0),('2018-02-06',25.39,23.83,26.83,1013.8,88.14,0.04),('2018-02-07',26.06,24.06,29.33,1012.8,87.76,0),('2018-02-08',25.89,23.83,29.06,1011.4,88.69,0),('2018-02-09',25.61,22.56,29.33,1011.6,88.94,0),('2018-02-10',25.72,23.67,28.33,1012.9,88.34,0),('2018-02-11',26.78,24.33,29.56,1013.9,88.19,0),('2018-02-12',26.06,25.17,27.67,1015,86.78,0.04),('2018-02-13',25.06,24.17,26.56,1015.4,86.25,0.04),('2018-02-14',24.78,23.83,25.33,1014.3,89.21,0.18),('2018-02-15',26.5,24.67,29.06,1013.9,90.66,0),('2018-02-16',26,24.17,28.06,1012.5,89.79,0.28),('2018-02-17',26.44,24.17,30.06,1012.4,89.39,0),('2018-02-18',26.72,24.67,29.33,1012.8,89.87,0),('2018-02-19',26.56,25.06,28.56,1013.3,87.1,0),('2018-02-20',26.39,24.67,28.67,1013.1,88.26,0),('2018-02-21',26.67,24.67,29.83,1011.6,88.82,0.03),('2018-02-22',27,25.56,30.06,1012.4,86.84,0),('2018-02-23',26.94,24.83,29.17,1013.5,84.66,0),('2018-02-24',26.94,25.33,30.06,1014.4,85.28,0),('2018-02-25',26.17,24.56,27.83,1012.5,87.53,0.16),('2018-02-26',26.89,24.83,29.33,1012,86.24,0.02),('2018-02-27',26.89,25.56,29.06,1011.7,87.3,0),('2018-02-28',27.44,25.06,29.83,1011.5,84.01,0),('2018-03-01',27,25.67,29.33,1011.1,88.49,0),('2018-03-02',27.22,24.83,30.17,1011.2,85.21,0.02),('2018-03-03',27.39,25.06,30.06,1011.2,89.59,0.04),('2018-03-04',26.67,24.83,28.83,1012.2,88.23,0),('2018-03-05',26.61,24.17,29.67,1012.6,87.81,0),('2018-03-06',27.33,24.67,30.33,1012.6,87.4,0.01),('2018-03-07',27.67,25.06,30.33,1012.2,86.91,0),('2018-03-08',27.22,25.83,29.17,1011.4,86.62,0),('2018-03-09',25.22,24.06,26.33,1012.1,91.57,0.11),('2018-03-10',24.61,23.67,26.06,1013.1,90.42,0.11),('2018-03-11',25.44,23.56,27.56,1014.3,86.07,0.17),('2018-03-12',26.33,24.83,28.17,1014.3,86.85,0.08),('2018-03-13',27,24.67,30.06,1013.7,82.46,0),('2018-03-14',26.94,25.33,29.33,1013.7,84.28,0),('2018-03-15',26.67,25.06,29.17,1013,88.02,0),('2018-03-16',27.06,24.83,29.33,1012.5,86.22,0),('2018-03-17',27.56,25.17,30.17,1013.2,85.97,0),('2018-03-18',28.06,25.17,32.83,1013.1,81.3,0.08),('2018-03-19',27.22,24.33,30.06,1011.8,84.37,0),('2018-03-20',27.5,25.33,30.06,1010.9,87.05,0),('2018-03-21',27.33,25.33,29.83,1009.9,86.31,0),('2018-03-22',27,25.06,29.56,1009.9,86.75,0),('2018-03-23',25.78,24.67,27.33,1012.8,91.63,0.07),('2018-03-24',24.67,24.06,25.17,1014.4,92.23,0.43),('2018-03-25',25.78,24.06,27.56,1014.9,82.19,0.03),('2018-03-26',26.11,24.67,28.06,1014.1,87.74,0),('2018-03-27',26.72,24.33,29.83,1011.9,84.07,0.01),('2018-03-28',26.78,24.56,29.83,1011.4,84.62,0),('2018-03-29',26.44,23.83,28.83,1010.7,87.25,0),('2018-03-30',26.83,24.67,30.06,1009.8,85.82,0),('2018-03-31',25.61,24.56,26.83,1010,87.9,0),('2018-04-01',26.56,24.33,29.06,1009.9,86.49,0),('2018-04-02',27.17,24.67,29.83,1011,85.61,0),('2018-04-03',26.89,24.56,29.33,1011.7,87.61,0.43),('2018-04-04',26.72,24.83,29.33,1011.1,89.33,0.09),('2018-04-05',26.89,25.67,28.83,1010.5,88.39,0),('2018-04-06',26.72,24.67,29.06,1011,88.47,0),('2018-04-07',26.72,25.17,29.33,1012.6,89.14,0),('2018-04-08',25.72,24.33,28.17,1013.3,91.73,0.43),('2018-04-09',26,24.83,27.83,1013,91.17,0.06),('2018-04-10',27.22,24.67,30.33,1012.7,88.6,0),('2018-04-11',27.78,24.67,30.17,1012.2,86.54,0),('2018-04-12',27.28,25.83,29.83,1011.2,87.71,0.04),('2018-04-13',28,25.06,31.06,1011.7,85.61,0.01),('2018-04-14',28.56,26.67,30.17,1011,82.95,0),('2018-04-15',28.78,26.83,31.33,1010.7,85.17,0),('2018-04-16',28.11,26.33,30.33,1011.2,84.27,0),('2018-04-17',28.28,25.83,30.67,1012.1,85.04,0),('2018-04-18',28.17,25.56,30.33,1011.9,85.01,0),('2018-04-19',27.83,25.06,30.56,1011.6,84.55,0),('2018-04-20',27.78,25.17,30.17,1011.7,84.68,0.13),('2018-04-21',28.61,26.83,30.83,1011.1,85.67,0),('2018-04-22',28.56,26.06,31.06,1010.7,84,0),('2018-04-23',28.5,26.67,30.83,1009.8,84.8,0.02),('2018-04-24',28.33,25.56,31.33,1009.9,87.79,0.2),('2018-04-25',29.39,26.83,32.83,1010.4,84.42,0),('2018-04-26',28.83,27.17,31.06,1011,83.67,0),('2018-04-27',29.17,26.67,32.06,1012,80.62,0),('2018-04-28',29.61,27.33,32.33,1011.8,78.9,0),('2018-04-29',29.39,27.06,32.83,1011.6,78.97,0),('2018-04-30',28.94,26.67,32.56,1012.2,82.54,0),('2018-05-01',28.5,26.33,32.83,1012,84.72,0),('2018-05-02',29.28,26.06,32.83,1012,82.97,0),('2018-05-03',28.44,27.17,30.56,1012.5,84.93,0),('2018-05-04',29.17,26.67,32.67,1012.8,84.97,0),('2018-05-05',27.28,25.67,30.06,1013.9,89.79,1.1),('2018-05-06',28.17,25.33,31.06,1013.1,83.98,0),('2018-05-07',29,27.33,31.67,1011.3,82.49,0),('2018-05-08',29.39,26.17,33.17,1010.8,83.3,0),('2018-05-09',29.33,26.67,32.33,1012.3,81.17,0),('2018-05-10',28.83,27.17,31.17,1012.5,83.53,0),('2018-05-11',28.61,26.67,31.83,1011.3,84.4,0),('2018-05-12',29.44,26.06,32.17,1010.5,80.09,0),('2018-05-13',29.72,27.06,32.56,1010.6,78.94,0),('2018-05-14',28.94,27.33,31.06,1010.6,82.85,0),('2018-05-15',29.33,26.67,32.33,1009.9,83.01,0.13),('2018-05-16',29.44,25.83,32.83,1009.6,78.64,0),('2018-05-17',29.33,27.33,32.17,1009.1,79.04,0),('2018-05-18',29.72,27.06,33.83,1008.1,81.39,0),('2018-05-19',29.56,27.06,32.83,1007.8,84.17,0),('2018-05-20',28.56,26.17,30.33,1008.2,85.05,0.2),('2018-05-21',28.28,25.83,31.06,1009.5,83.47,0),('2018-05-22',28.72,26.17,31.83,1010.3,85.55,0),('2018-05-23',28.72,26.56,31.17,1010.2,84.53,0.35),('2018-05-24',28.22,24.06,31.56,1009.4,87.59,2.44),('2018-05-25',28.22,25.06,31.67,1009.3,87.85,4.12),('2018-05-26',28.72,25.67,32.06,1009.5,81.92,0),('2018-05-27',29.06,26.56,32.33,1009.5,80.97,0),('2018-05-28',26.89,24.67,29.83,1009.9,86.87,2.44),('2018-05-29',29.06,25.33,32.33,1010.3,85.76,0.72),('2018-05-30',28.67,26.06,30.83,1009.9,86.75,0.12),('2018-05-31',27.72,26.33,29.67,1009.5,85.52,0.16),('2018-06-01',28.39,25.67,31.06,1009.1,84.32,0.2),('2018-06-02',27.78,25.33,30.06,1009.4,89.33,1.11),('2018-06-03',28.83,25.17,32.17,1008.8,84.12,0.2),('2018-06-04',28.11,26.17,30.83,1009.2,83.32,0),('2018-06-05',28.89,25.67,32.67,1009.4,86.75,0.01),('2018-06-06',28.33,26.06,30.56,1008.5,87.31,0.01),('2018-06-07',27.72,26.33,29.83,1006.4,85.73,0.01),('2018-06-08',25.56,24.67,26.17,1005,95.01,0.79),('2018-06-09',25.83,24.56,27.17,1004.9,91.9,1.73),('2018-06-10',25.17,24.33,26.06,1006.9,96.01,1.38),('2018-06-11',26.11,24.83,27.83,1008.3,93.1,0.48),('2018-06-12',27.22,24.67,30.83,1008.5,88.82,0.01),('2018-06-13',27.28,25.06,29.06,1007,92.11,0.01),('2018-06-14',27.56,25.83,29.83,1006.6,86.09,0),('2018-06-15',28.5,25.33,31.83,1007,83.62,0),('2018-06-16',28.83,26.56,32.06,1007.4,85.97,0),('2018-06-17',28.28,26.06,30.17,1008.1,87.29,0),('2018-06-18',28.22,26.17,30.67,1009.5,84.97,0),('2018-06-19',29.17,26.06,33.17,1010.8,84.9,0),('2018-06-20',28.33,26.17,31.56,1010.6,88.63,0),('2018-06-21',28.17,26.83,30.17,1010.6,83.95,0),('2018-06-22',27.56,26.06,31.56,1010.5,89.26,0.24),('2018-06-23',27.83,25.56,31.83,1010.4,90.69,0.01),('2018-06-24',27.67,25.06,30.17,1010.3,87.3,0),('2018-06-25',26.44,25.06,29.33,1010,91.98,0.19),('2018-06-26',26.94,24.56,30.83,1009.7,87.18,0.08),('2018-06-27',25.89,24.56,30.06,1009.6,92.5,0.71),('2018-06-28',26.61,23.56,29.67,1008.7,88.6,0),('2018-06-29',28.39,24.83,32.56,1007,83.62,0),('2018-06-30',27.78,25.33,30.33,1007,85.76,0),('2018-07-01',28.56,25.67,32.06,1008.6,83.8,0),('2018-07-02',28.72,25.17,32.17,1009,81.24,0),('2018-07-03',29,27.06,33.06,1008.7,84.73,0),('2018-07-04',28.22,25.83,30.33,1008.1,86.45,0),('2018-07-05',27.94,25.56,30.06,1007.6,83.91,0),('2018-07-06',28,25.56,30.06,1007.2,86.21,0.02),('2018-07-07',27.94,25.33,29.83,1005.6,87.42,0),('2018-07-08',26.94,25.33,29.56,1005.5,91.43,1.24),('2018-07-09',26.83,25.06,29.06,1005.7,91.44,0.3),('2018-07-10',26.22,24.83,27.83,1005.7,93.28,0.14),('2018-07-11',27.11,24.83,30.06,1005.6,90.97,0.14),('2018-07-12',27.22,25.33,29.56,1006.6,91.07,0.16),('2018-07-13',26.56,25.06,29.06,1006.3,90.76,1.34),('2018-07-14',26.56,24.56,29.06,1005.1,93.99,0.43),('2018-07-15',26.5,24.67,29.33,1005.7,92.99,0.55),('2018-07-16',25.94,24.83,27.56,1003.4,92.81,0.46),('2018-07-17',25.28,24.06,26.17,1003.7,95.07,0.84),('2018-07-18',26.89,24.17,29.17,1005.5,90.25,0.19),('2018-07-19',28,26.06,30.56,1007.1,87.09,0.03),('2018-07-20',26.89,25.83,28.67,1005.9,88.2,0),('2018-07-21',26.94,24.56,31.06,1004.6,89.23,0.47),('2018-07-22',24.83,23.83,27.06,1006.7,94.33,2.28),('2018-07-23',25.22,24.17,27.06,1007.6,94.4,0.43),('2018-07-24',26.61,21.06,29.06,1007.9,91.65,0.02),('2018-07-25',27.5,25.06,30.33,1008,89.77,0),('2018-07-26',27.28,25.67,29.56,1007.4,87.63,0.37),('2018-07-27',25.78,24.56,27.56,1007.4,93.66,1.07),('2018-07-28',26.61,24.17,29.83,1007.1,94.61,0.12),('2018-07-29',26.39,24.17,30.17,1007.2,92.82,0.28),('2018-07-30',26.56,24.67,28.67,1007.4,89.1,0),('2018-07-31',28.06,24.83,31.17,1007.6,89.9,0),('2018-08-01',28.72,25.83,31.83,1007.3,88.85,0),('2018-08-02',27.28,25.67,29.33,1007.1,89.08,0.08),('2018-08-03',27.44,24.67,29.67,1007,86.72,0),('2018-08-04',27.28,25.67,28.67,1006.1,91.42,0.02),('2018-08-05',27.22,25.67,29.83,1006.3,87.45,0.02),('2018-08-06',26.39,25.06,28.06,1005.9,91.24,0.83),('2018-08-07',26.39,24.17,28.83,1005.3,93.05,0.35),('2018-08-08',26.61,24.56,28.83,1006.1,91.44,0.02),('2018-08-09',26.56,25.17,28.67,1007.3,91.31,0.02),('2018-08-10',27.33,24.67,30.17,1007.3,85.66,0.03),('2018-08-11',26.72,24.83,28.83,1005.3,89.05,0.31),('2018-08-12',26.83,24.06,30.06,1004,89.31,0.2),('2018-08-13',26.5,25.67,28.17,1005.7,88.74,0.02),('2018-08-14',27.94,24.83,30.33,1006.4,87.67,0),('2018-08-15',28.67,26.17,31.06,1007.3,78.53,0),('2018-08-16',27.44,26.06,29.67,1005.7,85.34,0),('2018-08-17',27.89,25.06,30.56,1004.6,84.03,0),('2018-08-18',26.72,25.33,29.17,1006.2,92.17,0.05),('2018-08-19',26.11,24.83,27.83,1007.5,92.14,0.35),('2018-08-20',26.67,25.56,28.67,1007.3,89.13,0),('2018-08-21',28.39,24.83,31.83,1006.5,86.77,0),('2018-08-22',29,25.67,32.67,1006.5,86.02,0),('2018-08-23',27.72,26.17,29.83,1008,85.65,0),('2018-08-24',28.56,25.17,31.83,1008.3,82.95,0),('2018-08-25',28.17,27.06,30.06,1007,87.19,0),('2018-08-26',27.83,26.33,29.83,1007.4,85.43,0),('2018-08-27',27.67,26.06,29.83,1010.1,87.11,0),('2018-08-28',27.67,25.06,31.83,1011.2,87.3,0),('2018-08-29',28.17,25.56,31.06,1010.5,87.81,0),('2018-08-30',27.72,24.67,30.83,1010.9,84.73,0.12),('2018-08-31',27.67,25.33,30.83,1011.1,87.85,0.2),('2018-09-01',27.67,25.33,31.83,1008.7,90.03,1.1),('2018-09-02',27,24.67,30.56,1007.1,89.79,0.1),('2018-09-03',27.06,25.33,30.67,1008.3,88.03,0.14),('2018-09-04',26.5,24.67,29.33,1008.5,90.55,0.32),('2018-09-05',26.67,24.83,29.83,1007.2,88.99,0.01),('2018-09-06',26.5,25.06,28.56,1005.8,89.78,0.13),('2018-09-07',27.22,24.56,30.56,1007.1,88.91,0.04),('2018-09-08',28.33,25.06,31.67,1009.3,88.65,0.01),('2018-09-09',28.17,25.17,31.06,1010.5,87.3,0),('2018-09-10',27.78,25.33,31.56,1011.2,87.46,0.02),('2018-09-11',27.33,25.17,31.33,1010,89.8,0.01),('2018-09-12',27.89,24.67,32.17,1008.8,87.27,0),('2018-09-13',27.39,25.17,30.33,1006.9,88,0),('2018-09-14',26.61,25.17,28.56,1002,90.55,0.54),('2018-09-15',26.28,24.67,28.17,1001.5,91.17,0.51),('2018-09-16',27.28,24.33,29.06,1008.5,89.43,0.2),('2018-09-17',25.11,24.67,25.67,1010.5,93.26,0),('2018-09-18',25.5,24.83,26.17,1011,95.63,0.2),('2018-09-19',27.61,24.83,30.56,1009,88.48,0),('2018-09-20',27,25.67,29.67,1009.2,89.43,0.59),('2018-09-21',27.39,24.67,30.33,1011.2,88.85,0),('2018-09-22',28,24.83,30.67,1012.2,86.9,0.04),('2018-09-23',28.17,25.83,31.06,1011.2,83.98,0),('2018-09-24',27.61,25.17,30.67,1008.3,85.67,0.01),('2018-09-25',28.17,25.17,31.67,1006.4,86.96,0),('2018-09-26',28.28,26.17,31.83,1006.3,89.77,0),('2018-09-27',28.17,26.06,30.83,1006.5,87.77,0.01),('2018-09-28',28.5,25.56,31.56,1006.8,85.34,0),('2018-09-29',28.28,25.83,31.17,1007.2,90.08,0),('2018-09-30',28.72,25.33,31.17,1007.9,82.29,0),('2018-10-01',27.89,26.33,30.17,1008.9,87.12,0),('2018-10-02',27.5,25.56,30.17,1009.2,88.07,0),('2018-10-03',27.56,25.33,30.33,1009.8,86.11,0),('2018-10-04',28.17,24.67,31.17,1009.9,84.79,0),('2018-10-05',27.78,25.06,30.67,1010.4,86.26,0),('2018-10-06',27.83,25.17,30.17,1011.3,87.49,0),('2018-10-07',27.5,25.33,29.33,1011.1,87.41,0.51),('2018-10-08',27,24.83,29.67,1011,89.02,2.09),('2018-10-09',27.72,25.17,32.17,1010.6,88.43,0.02),('2018-10-10',27.33,24.56,30.67,1010.7,87.13,0.09),('2018-10-11',27.17,25.56,29.83,1011.6,87.95,0),('2018-10-12',28.39,25.67,31.06,1012.3,83.43,0),('2018-10-13',28.83,26.56,32.67,1012,86.02,0),('2018-10-14',27.17,25.83,29.67,1011.7,88.28,0.12),('2018-10-15',27.06,25.17,29.83,1011.9,87.47,0.16),('2018-10-16',28.28,25.17,32.06,1011.3,86.78,0),('2018-10-17',28,25.17,31.33,1010,87.55,0.06),('2018-10-18',27.78,25.06,30.83,1010.6,88.94,0.3),('2018-10-19',28.33,25.33,31.06,1012.5,82.15,0),('2018-10-20',28.28,26.17,31.56,1013,88.75,0),('2018-10-21',26.44,25.06,28.06,1012.3,92.29,0.35),('2018-10-22',26.78,25.17,28.17,1012.3,90.46,0.72),('2018-10-23',26.44,24.33,28.06,1013.2,89.11,0),('2018-10-24',26.89,25.17,29.33,1013.2,89.48,0.29),('2018-10-25',26.5,24.33,28.67,1013.2,89.89,0),('2018-10-26',27.39,25.17,30.06,1012.7,84.95,0.13),('2018-10-27',26.83,24.33,29.83,1011.9,86.63,0.03),('2018-10-28',27.17,25.06,31.06,1009.5,85.91,0),('2018-10-29',26.44,24.17,28.67,1005.8,89.12,0),('2018-10-30',27.78,25.06,31.67,1004.3,85.43,0),('2018-10-31',26.94,25.06,30.17,1008.9,91.4,2.99),('2018-11-01',26.78,23.83,29.67,1011.4,87.9,0),('2018-11-02',27.89,25.17,30.17,1013,86.54,0.12),('2018-11-03',28.11,26.33,30.33,1013.4,87.89,0),('2018-11-04',27.83,25.33,30.56,1012.7,87.25,0),('2018-11-05',27.22,26.17,29.67,1012.1,85.97,0.01),('2018-11-06',28.17,25.17,31.67,1012.4,88.7,0),('2018-11-07',27.44,25.33,30.17,1012.8,89.62,0.08),('2018-11-08',27.22,25.83,29.67,1012.2,87.73,0.06),('2018-11-09',26.94,25.17,28.33,1012.1,89.15,0.05),('2018-11-10',26.83,25.83,28.06,1012.4,88.83,0.02),('2018-11-11',27,24.56,29.56,1012.6,87.97,0.08),('2018-11-12',26.89,24.33,29.83,1010.9,89.45,0.09),('2018-11-13',27.78,25.33,32.67,1009.9,85.85,0),('2018-11-14',27.78,25.17,30.83,1011,87.91,0),('2018-11-15',27.28,25.83,29.67,1012.2,88.06,0),('2018-11-16',27,25.17,29.83,1012.7,87.77,0),('2018-11-17',27.72,24.83,32.17,1012.8,89.4,0),('2018-11-18',27.33,24.67,29.83,1013.3,85.7,0),('2018-11-19',27.67,25.83,30.33,1013.8,84.4,0.01),('2018-11-20',26.56,25.06,28.56,1012.7,89.14,0.17),('2018-11-21',26.17,25.17,27.33,1010.1,90.34,0.09),('2018-11-22',27.06,24.67,30.06,1011.5,88.17,0.39),('2018-11-23',26.11,24.67,28.56,1012.6,93.99,2.83),('2018-11-24',27.22,25.06,30.06,1013.9,89.4,0.03),('2018-11-25',25.72,24.33,28.83,1013.5,91.56,0.35),('2018-11-26',28.33,24.67,36.17,1014.4,82.36,0),('2018-11-27',27.06,25.17,29.56,1014.1,85.42,0),('2018-11-28',26.78,25.56,28.67,1014.9,90.2,0),('2018-11-29',27.06,25.56,29.56,1015.6,88.13,0.08),('2018-11-30',26,24.67,27.83,1014.9,89.7,0.17),('2018-12-01',25.94,24.06,27.83,1012.7,92.76,0.79),('2018-12-02',26.28,25.06,28.33,1012.7,91.2,0.18),('2018-12-03',26.44,24.67,28.83,1013.1,88.37,0),('2018-12-04',26.44,24.17,29.17,1011.6,92.45,0.47),('2018-12-05',27.39,24.67,30.06,1011.6,90.11,0),('2018-12-06',27.83,26.56,29.83,1011.4,87.02,0.03),('2018-12-07',27.17,26.06,29.06,1012.3,88.47,0),('2018-12-08',26.89,25.06,29.17,1013.2,89.57,0.01),('2018-12-09',27,24.67,29.06,1013,88.92,0.08),('2018-12-10',27,25.33,29.83,1012.5,88.58,0),('2018-12-11',27.72,24.83,30.67,1012.6,90.53,0),('2018-12-12',27.28,25.33,30.17,1014.1,88.04,0.01),('2018-12-13',26.28,25.33,27.83,1014.4,93.44,0.59),('2018-12-14',26.5,25.67,27.83,1014,91.88,0.49),('2018-12-15',27.17,24.33,29.83,1014.1,88.1,0.13),('2018-12-16',25.94,24.83,27.56,1014.1,92.05,0.28),('2018-12-17',26.56,25.33,27.83,1014.4,87.96,0),('2018-12-18',26.11,24.83,28.83,1015,89.51,0.12),('2018-12-19',25.5,24.06,27.06,1014.8,91.55,0.17),('2018-12-20',25.61,24.67,27.06,1013.2,90.87,0.03),('2018-12-21',26.39,24.33,28.67,1011,90.46,0.01),('2018-12-22',26.5,24.67,28.56,1011,89.79,0),('2018-12-23',25.61,24.56,27.06,1009.8,91.05,0.31),('2018-12-24',26.61,24.06,29.17,1008.2,90.02,0.12),('2018-12-25',27.33,24.83,30.17,1009.5,89.23,0.24),('2018-12-26',26.67,24.17,29.83,1009.8,90.51,0.67),('2018-12-27',26.17,23.17,29.83,1009,88.86,0),('2018-12-28',25.28,23.56,26.83,1008.8,91.48,1.08),('2018-12-29',23.78,23.06,24.83,1010.3,95.23,2.8),('2018-12-30',25.56,24.06,27.17,1012.6,93.06,2.48),('2018-12-31',25.33,24.56,26.56,1013.9,94.02,0.36),('2019-01-01',26,24.17,28.56,1014.9,92.8,1),('2019-01-02',25.56,24.06,27.83,1015.5,93.42,0.68),('2019-01-03',26.39,24.56,28.33,1016.7,89.03,0),('2019-01-04',26.39,25.06,28.67,1018.2,89.44,0),('2019-01-05',26.44,24.67,28.17,1017.2,88.16,0),('2019-01-06',25.78,25.06,27.56,1016.5,91.35,0.07),('2019-01-07',26.22,24.83,28.56,1016.1,89.09,0),('2019-01-08',26.61,24.67,29.17,1015.6,83.2,0),('2019-01-09',26.28,25.17,28.33,1016.1,85.52,0.16),('2019-01-10',26,24.83,27.67,1015.8,89.05,0.06),('2019-01-11',26.28,24.83,29.17,1015,84.95,0),('2019-01-12',26,24.33,29.06,1014.3,87.9,0.06),('2019-01-13',24.78,24.06,25.17,1013.1,91.9,0.17),('2019-01-14',26.11,24.06,28.67,1013,85.3,0),('2019-01-15',25.83,24.56,28.83,1013.5,82.77,0.02),('2019-01-16',25.72,23.83,29.06,1014.5,87.25,0),('2019-01-17',25.39,23.17,27.83,1014.5,87.2,0),('2019-01-18',25.61,23.83,27.83,1014.7,88.08,0),('2019-01-19',25.89,23.56,28.17,1014,90.39,0.01),('2019-01-20',26.22,24.06,28.83,1013.2,87.31,0.02),('2019-01-21',25.44,24.33,27.56,1011.5,88.78,0.04),('2019-01-22',25.67,23.17,28.83,1011.4,89,0.01),('2019-01-23',25.39,23.17,28.33,1012.5,91.11,0.04),('2019-01-24',25,24.06,27.56,1013.6,91.58,0.09),('2019-01-25',25.39,23.67,27.83,1015,89.4,0.02),('2019-01-26',25.72,23.83,28.17,1015.6,84.28,0.17),('2019-01-27',24.94,24.17,25.83,1016.9,82.32,0.01),('2019-01-28',24.22,22.06,26.33,1014.1,81.41,0.11),('2019-01-29',25.33,23.83,28.06,1016.6,77.78,0),('2019-01-30',25,23.06,27.33,1016.7,80.63,0),('2019-01-31',25.83,23.56,29.17,1015.8,85.87,0),('2019-02-01',26.11,24.56,28.83,1016.7,81.94,0),('2019-02-02',24.72,23.67,26.83,1015.9,84.99,0.05),('2019-02-03',25.72,23.56,28.06,1015.7,84.65,0),('2019-02-04',26.33,24.67,30.17,1015.9,83,0.01),('2019-02-05',25.94,24.06,28.17,1015.2,81,0),('2019-02-06',26.06,24.06,28.33,1014.6,79.03,0),('2019-02-07',25.67,23.56,28.17,1014.5,77.42,0),('2019-02-08',25.83,22.33,29.67,1014,80.47,0),('2019-02-09',26.17,23.33,29.33,1015.1,82.26,0),('2019-02-10',26,24.33,28.33,1017,89.54,0.01),('2019-02-11',26.67,24.83,29.17,1019,82.34,0),('2019-02-12',26.39,24.67,29.33,1019.1,86.07,0.02),('2019-02-13',26.22,24.17,29.06,1018.2,89.71,0.16),('2019-02-14',26.33,25.06,28.83,1017.8,84.36,0),('2019-02-15',26.39,24.17,29.06,1017.8,85.92,0),('2019-02-16',26.61,24.56,30.17,1016.5,88.5,0),('2019-02-17',26.39,24.67,28.56,1015.4,84.08,0),('2019-02-18',26.61,24.83,29.83,1015.9,84.09,0.01),('2019-02-19',26.72,24.83,29.67,1017.7,81.87,0),('2019-02-20',26.5,24.83,28.83,1018.1,78,0),('2019-02-21',26.72,24.83,29.83,1017.2,75.47,0),('2019-02-22',26.56,23.33,29.83,1015.3,80.17,0),('2019-02-23',26.83,24.67,29.83,1013.6,85.92,0),('2019-02-24',25.94,23.33,28.83,1013.4,84.47,0),('2019-02-25',26.5,23.06,30.17,1013.8,70.67,0),('2019-02-26',26.67,24.67,29.06,1013.7,70.9,0),('2019-02-27',26.39,24.17,30.06,1013.1,77.97,0),('2019-02-28',26.39,22.06,29.33,1012.5,75.45,0),('2019-03-01',26.17,23.17,29.17,1013.4,76.07,0),('2019-03-02',26.67,24.67,29.33,1012.5,75.89,0),('2019-03-03',26.33,24.06,29.17,1011.5,83.42,0),('2019-03-04',26.61,23.17,29.33,1012.8,83.1,0),('2019-03-05',27.22,24.83,30.17,1013.4,82.35,0),('2019-03-06',26.83,24.67,29.56,1013.3,88.01,0.01),('2019-03-07',27.44,25.06,30.67,1013.2,87.44,0),('2019-03-08',27.17,24.83,29.83,1013.5,76.88,0),('2019-03-09',26.61,24.56,29.33,1013,82.45,0),('2019-03-10',26.28,22.17,31.17,1013.1,84.45,0),('2019-03-11',26.72,24.06,30.33,1012.8,83.93,0),('2019-03-12',27,24.33,30.56,1012.9,83.05,0),('2019-03-13',26.94,24.06,30.33,1014.6,87.51,0),('2019-03-14',27.28,24.83,30.06,1014.9,81.78,0),('2019-03-15',27.61,25.67,29.83,1014.5,79.98,0),('2019-03-16',27.61,25.83,29.83,1013.7,83.75,0),('2019-03-17',27.67,25.17,30.67,1014.8,79.62,0.04),('2019-03-18',27.67,25.33,30.17,1013.3,78.42,0),('2019-03-19',27.78,25.56,30.33,1012.5,81.84,0),('2019-03-20',28,25.06,31.33,1012.5,84.94,0),('2019-03-21',28.17,25.83,31.06,1012,76.14,0),('2019-03-22',27.89,25.33,31.17,1011.4,77.64,0),('2019-03-23',27.28,24.67,30.33,1012.5,79.39,0.02),('2019-03-24',27.56,25.06,30.67,1012.9,85.42,0),('2019-03-25',27.78,25.56,31.17,1014.1,77.81,0),('2019-03-26',27.17,25.67,31.06,1015.5,80.91,0),('2019-03-27',27.39,25.83,29.33,1015.2,83.39,0),('2019-03-28',27.89,25.33,30.56,1012.9,84.37,0),('2019-03-29',27.56,25.17,30.33,1011.9,85.06,0),('2019-03-30',27.78,25.33,30.83,1012.9,83.7,0),('2019-03-31',27.94,24.67,30.56,1013.8,80.07,0),('2019-04-01',28.5,26.06,31.83,1014.3,74.07,0),('2019-04-02',27.94,25.83,30.33,1013.5,77.06,0),('2019-04-03',27.72,25.56,30.17,1013.6,75.76,0),('2019-04-04',27.67,25.56,30.06,1013.1,76.49,0),('2019-04-05',27.78,25.06,30.56,1012.9,76.59,0),('2019-04-06',30.06,25.33,39.06,1012.9,74.02,0),('2019-04-07',28.5,25.33,31.56,1012.6,83.07,0.02),('2019-04-08',28.78,26.67,31.33,1012,80.78,0),('2019-04-09',30.5,26.06,38.33,1010.9,76.46,0.16),('2019-04-10',28.83,24.67,34.33,1010.9,84.14,0.35),('2019-04-11',26.83,23.83,28.33,1010,92.09,0.94),('2019-04-12',27.89,25.33,30.33,1010.8,86.85,0),('2019-04-13',28.39,25.17,31.17,1011.4,85.46,0.68),('2019-04-14',28.22,25.06,31.33,1011.5,81.48,0),('2019-04-15',28.11,24.67,31.33,1011.2,77.66,0),('2019-04-16',28.22,25.06,31.17,1010.8,80.17,0),('2019-04-17',27.94,24.67,30.67,1010.4,85.03,0),('2019-04-18',28.67,25.17,31.83,1010.1,82.36,0),('2019-04-19',28.39,25.06,31.33,1009.2,79.84,0),('2019-04-20',28.72,25.33,31.83,1008.5,81.52,0),('2019-04-21',28.56,25.06,31.83,1009,83.34,0),('2019-04-22',29,26.83,31.83,1009.1,79.8,0),('2019-04-23',28.89,26.56,31.67,1010.4,77.27,0),('2019-04-24',29.06,25.56,32.33,1010.8,77.62,0),('2019-04-25',28.83,25.83,31.83,1010,80.84,0),('2019-04-26',28.89,26.06,31.83,1010.2,78.13,0),('2019-04-27',28.89,26.06,31.17,1010.8,81.45,0),('2019-04-28',28.83,26.33,31.83,1011.6,83.14,0),('2019-04-29',28.61,26.06,31.17,1011,81.3,0.13),('2019-04-30',28.78,26.06,31.67,1009.9,79.62,0),('2019-05-01',29.11,24.83,32.33,1010,79.19,0),('2019-05-02',29.78,26.06,32.83,1010.5,79.91,0),('2019-05-03',29.72,26.56,32.33,1011.3,78.78,0),('2019-05-04',29.78,26.33,33.83,1010.2,84.34,0),('2019-05-05',29.67,25.33,34.56,1009.6,81.6,0),('2019-05-06',29.44,26.17,33.67,1008.5,82.11,0),('2019-05-07',29.17,26.17,33.83,1007.4,85.08,0.04),('2019-05-08',28.5,25.67,32.33,1006.7,87.52,0.48),('2019-05-09',28.72,25.83,33.83,1007.7,84.7,0),('2019-05-10',29.11,27.33,33.06,1009.3,82.05,0),('2019-05-11',29.5,27.06,33.33,1010.3,88,0),('2019-05-12',29.28,25.17,32.83,1010.5,84.6,0),('2019-05-13',29.44,25.83,33.17,1011,83.03,0),('2019-05-14',29.56,26.06,32.67,1010.7,82.02,0),('2019-05-15',30.11,26.83,33.67,1011.6,82.23,0),('2019-05-16',30.28,27.56,33.67,1010.8,82.53,0),('2019-05-17',29.78,27.06,33.06,1009.6,82.78,0),('2019-05-18',30.22,26.67,34.33,1009.5,82.26,0),('2019-05-19',31.06,27.06,34.33,1010.3,80.44,0),('2019-05-20',30.78,27.06,34.67,1009,80.66,0),('2019-05-21',30.89,28.17,34.33,1008.4,79.74,0),('2019-05-22',29.44,26.56,34.33,1008.2,85.09,0),('2019-05-23',29.06,26.17,34.33,1007.8,83.58,0),('2019-05-24',28.83,25.83,32.83,1009.2,83.85,0),('2019-05-25',28.78,25.67,32.06,1008.3,86.84,0),('2019-05-26',27.61,25.56,31.06,1008.4,90.13,0.12),('2019-05-27',27.22,25.06,31.33,1008.7,89.84,0.51),('2019-05-28',27.89,24.33,32.67,1008.7,86.39,0),('2019-05-29',29.39,25.67,33.06,1007.9,83.23,0),('2019-05-30',30.06,25.83,33.17,1008.3,78.98,0),('2019-05-31',28.83,24.33,32.17,1007.7,83.22,1.3),('2019-06-01',28.94,24.33,33.17,1008.3,82.01,0.43),('2019-06-02',29.33,24.56,33.67,1007.8,83.96,0.43),('2019-06-03',29.06,25.56,32.17,1008,84.65,2.56),('2019-06-04',29.22,26.83,32.06,1008,82.77,0.2),('2019-06-05',29,24.17,32.06,1009,83.11,0.79),('2019-06-06',28.78,24.33,31.83,1009.8,82.77,0.16),('2019-06-07',29.56,26.83,32.17,1010.2,81.64,0.04),('2019-06-08',29.72,27.06,32.33,1009,81.73,0.02),('2019-06-09',29.5,26.83,32.17,1008,84.88,0),('2019-06-10',28.94,26.67,32.33,1006.9,82.95,0.02),('2019-06-11',29.67,26.17,33.06,1007.2,83.68,0),('2019-06-12',29.61,26.06,33.06,1008.1,85.43,0),('2019-06-13',29.56,26.17,33.17,1007.2,84.36,0),('2019-06-14',29.67,26.83,32.83,1006.9,85.26,0),('2019-06-15',29.28,26.67,32.17,1006.8,87.88,0),('2019-06-16',29.28,26.83,32.67,1007.3,86.26,0.01),('2019-06-17',29.39,26.06,32.67,1008.9,84.5,0),('2019-06-18',29.5,26.17,32.67,1009,83.72,0),('2019-06-19',28.28,24.33,31.83,1007.6,88.56,1.85),('2019-06-20',29.33,26.06,32.06,1007.4,84.35,0.2),('2019-06-21',29.72,26.83,32.17,1007.4,81.97,0),('2019-06-22',29.56,27.06,32.83,1006.2,87.36,0),('2019-06-23',29.39,26.17,32.83,1006.6,85.45,0),('2019-06-24',29.22,26.83,32.67,1008.3,84.87,0.01),('2019-06-25',29.06,26.17,32.67,1008.4,85.09,0.01),('2019-06-26',27.28,25.67,29.83,1006.8,90.94,0.91),('2019-06-27',26,24.33,28.17,1005.6,94.85,0.43),('2019-06-28',27.78,24.83,30.17,1005.5,87.54,0),('2019-06-29',28.22,26.06,30.83,1005.3,86.93,0.03),('2019-06-30',27.33,25.83,29.06,1003.8,89.74,0.06),('2019-07-01',27.22,25.67,29.06,1004.8,89.62,1.57),('2019-07-02',26.61,25.06,28.17,1007.6,92.08,0.38),('2019-07-03',28.22,24.33,32.33,1009.6,88.4,0),('2019-07-04',28.33,25.33,32.06,1010.3,86.24,0),('2019-07-05',28.72,25.17,31.67,1008.7,82.48,0),('2019-07-06',29.28,26.83,33.17,1007.2,84.52,0),('2019-07-07',27.89,25.06,31.56,1008.5,87.66,0.02),('2019-07-08',28.89,25.33,31.83,1009.8,83.48,0),('2019-07-09',28.89,26.33,31.67,1009.1,83.25,0),('2019-07-10',29,25.17,33.33,1009.3,85.68,0),('2019-07-11',28.94,25.17,32.67,1010.7,85.3,0),('2019-07-12',29.83,26.67,33.06,1010,77.58,0),('2019-07-13',29.33,26.33,33.56,1008.2,85.96,0.01),('2019-07-14',27.67,25.33,31.56,1006.4,88.33,0.16),('2019-07-15',27.61,25.83,30.83,1005.2,87.57,0),('2019-07-16',27.72,25.67,30.83,1002.5,84.33,0),('2019-07-17',25.72,24.06,26.83,1001.3,91.54,0.43),('2019-07-18',27.28,24.17,30.56,1004.7,89.21,0.2),('2019-07-19',28.89,25.83,31.56,1006.5,83.57,0),('2019-07-20',29.28,26.17,32.83,1008.3,87.1,0),('2019-07-21',28.72,26.06,31.83,1007.9,87.53,0),('2019-07-22',28.61,26.33,31.17,1006.5,83.98,1.23),('2019-07-23',28.11,25.67,31.33,1006.2,84.62,0),('2019-07-24',28.56,25.33,32.83,1007.3,86.96,0),('2019-07-25',28.28,25.67,32.06,1009.1,87.82,0),('2019-07-26',28.39,25.83,31.83,1008,87.14,0.13),('2019-07-27',27.28,25.33,30.83,1007,90.38,1.65),('2019-07-28',26.06,24.83,28.56,1007.3,92.68,0.06),('2019-07-29',27.11,24.83,30.06,1007.7,87.47,0.02),('2019-07-30',27.56,25.67,31.17,1006.7,87.07,0.75),('2019-07-31',27.56,25.56,31.17,1006.2,89.79,0.28),('2019-08-01',27.39,25.33,30.83,1007.5,89.05,0.39),('2019-08-02',27.56,26.17,30.17,1006.6,88.55,0.13),('2019-08-03',25.44,24.67,26.06,1005.1,95.07,2.2),('2019-08-04',25.06,24.06,26.83,1003.4,96.66,0.65),('2019-08-05',26.61,24.56,28.83,1002.9,93.32,0.05),('2019-08-06',26.44,24.67,28.33,1002.1,93.81,0.25),('2019-08-07',26.22,24.83,27.83,1000.5,94.97,0.07),('2019-08-08',26.22,25.17,28.17,1001.1,92.85,0.14),('2019-08-09',27.89,24.83,30.56,1003.9,87.87,0.01),('2019-08-10',29.61,26.83,32.67,1006.8,79.91,0),('2019-08-11',30.06,27.67,32.83,1007.6,77.15,0),('2019-08-12',29.28,26.56,32.83,1007.5,81.35,0),('2019-08-13',28.94,26.17,31.83,1007.8,84.31,0),('2019-08-14',29.22,26.06,32.06,1007.9,82.27,0),('2019-08-15',29,26.83,32.33,1008.9,82.56,0),('2019-08-16',29.11,27.17,32.17,1009.8,82.63,0),('2019-08-17',28.17,23.56,31.56,1010.5,86.86,0),('2019-08-18',29.11,26.06,32.56,1009.7,87.53,0),('2019-08-19',29.22,26.06,32.83,1008,86.52,0),('2019-08-20',28.33,25.83,33.17,1007.3,89.48,0),('2019-08-21',28.44,26.33,33.17,1008,87.66,0),('2019-08-22',28,25.56,31.33,1007.2,88.8,0.04),('2019-08-23',27.89,25.17,30.17,1006,83.25,0),('2019-08-24',26.94,25.06,30.67,1007.6,89.97,0.33),('2019-08-25',27.56,25.17,30.56,1009.1,92.62,0),('2019-08-26',28.22,25.83,31.56,1007.8,92.39,0.38),('2019-08-27',27.78,25.33,29.67,1004.8,88.08,0.17),('2019-08-28',27.33,25.17,29.83,1005.5,92.87,0.05),('2019-08-29',27.5,25.06,30.17,1008.5,90.81,0.08),('2019-08-30',27.56,25.33,31.06,1009,90.3,0.28),('2019-08-31',26.94,25.06,30.06,1008,91.89,0.02),('2019-09-01',26.61,24.33,29.83,1007.4,92.58,0.12),('2019-09-02',27.06,24.17,29.83,1006.9,91.31,0.02),('2019-09-03',27.39,24.83,30.17,1008.5,88.97,0.31),('2019-09-04',27.94,25.67,30.56,1008.1,93.18,0),('2019-09-05',27.94,24.33,32.06,1007.7,86.39,0),('2019-09-06',29.44,26.33,32.67,1007,81.87,0),('2019-09-07',30.67,28.56,32.83,1008.4,74.97,0),('2019-09-08',28.83,26.33,31.56,1008.9,84.35,0),('2019-09-09',29.5,25.67,33.33,1008.6,85.83,0),('2019-09-10',29.22,26.67,32.17,1009.8,82.67,0),('2019-09-11',27.5,26.33,28.83,1007.9,93.21,0.16),('2019-09-12',27.61,25.33,29.17,1005.8,89.05,0.16),('2019-09-13',26.72,25.67,28.17,1005.8,91.34,0.11),('2019-09-14',27.28,24.17,31.67,1007.6,91.37,0.16),('2019-09-15',26.39,25.33,27.83,1007.8,94.44,0.17),('2019-09-16',26.22,24.83,28.06,1006.6,96.26,1.06),('2019-09-17',26.72,24.67,28.83,1006.9,92.18,0.42),('2019-09-18',25.72,24.56,27.67,1008.6,95.96,1.22),('2019-09-19',26.06,23.83,28.33,1008.9,93.1,0.24),('2019-09-20',25.72,24.67,28.56,1007.7,93.73,0.74),('2019-09-21',26.83,24.06,31.33,1008.5,91.02,0.24),('2019-09-22',27.78,24.17,30.83,1011.7,88.18,0),('2019-09-23',28,24.56,32.56,1013.2,90.12,0),('2019-09-24',28.22,25.83,31.17,1012.7,85.6,0),('2019-09-25',28.67,26.06,33.06,1012.6,90.76,0),('2019-09-26',28.17,25.56,31.83,1012.2,89.55,0),('2019-09-27',28.5,25.67,32.83,1011.5,90.34,0.02),('2019-09-28',28.5,25.33,32.17,1010.7,88.71,0),('2019-09-29',28.94,25.67,32.56,1009.1,84.48,0),('2019-09-30',28.94,25.83,32.17,1009.5,82.95,0),('2019-10-01',28.44,26.06,32.33,1011.4,84.71,0),('2019-10-02',28.61,25.17,33.83,1011.9,83.21,0),('2019-10-03',28.11,24.17,32.83,1011.3,82.5,0),('2019-10-04',27.33,24.06,32.56,1010.3,83.09,0),('2019-10-05',28.39,24.67,32.83,1010.2,81.51,0),('2019-10-06',28.39,24.83,31.56,1010.6,86.79,0.02),('2019-10-07',28.67,26.83,30.83,1011,84.93,0.02),('2019-10-08',28.28,26.17,31.17,1010.8,86.65,0.02),('2019-10-09',28.06,26.06,30.17,1010.2,86.06,0),('2019-10-10',28.61,26.06,32.17,1010.6,80.4,0),('2019-10-11',28.89,25.67,32.17,1009.7,77.22,0),('2019-10-12',28.39,25.56,32.33,1009.6,81.09,0.17),('2019-10-13',27.28,25.06,30.17,1010.8,87.19,1.61),('2019-10-14',28.06,24.33,32.33,1012,86.29,0),('2019-10-15',28.28,25.67,31.83,1012,84.54,0),('2019-10-16',28.44,25.33,32.06,1010.8,83.87,0),('2019-10-17',28.22,25.33,31.67,1011.2,82.51,0),('2019-10-18',28.39,25.67,31.83,1011.4,83.54,0.04),('2019-10-19',28.11,25.67,30.56,1011.6,84.19,0),('2019-10-20',26.78,25.56,29.06,1011.8,92.78,0.54),('2019-10-21',28.22,25.06,32.83,1009.9,89.13,0.31),('2019-10-22',27.94,24.83,31.17,1008.9,86.47,0.04),('2019-10-23',28.17,25.06,31.17,1009.5,84.34,0),('2019-10-24',28.39,25.83,31.56,1011.1,82.26,0),('2019-10-25',28.5,25.67,31.67,1011.9,82.82,0),('2019-10-26',27.56,25.56,30.83,1011.5,87.75,0.12),('2019-10-27',27.17,25.17,29.56,1009.6,91.19,0.1),('2019-10-28',26.5,25.06,29.06,1008.4,92.55,0.43),('2019-10-29',26.89,24.33,29.67,1009.6,90.74,1.83),('2019-10-30',27.67,25.06,30.83,1010.5,90.09,0.94),('2019-10-31',27.61,24.83,30.67,1009.7,88.26,0.17),('2019-11-01',27.56,25.33,29.83,1008.6,89.05,0),('2019-11-02',27.67,24.83,31.06,1007.6,91.22,2.25),('2019-11-03',26.56,23.83,29.83,1008.7,93.86,0.55),('2019-11-04',28,25.56,30.83,1008.5,91.94,0.24),('2019-11-05',27.89,25.33,30.33,1005.7,90.09,0),('2019-11-06',27.39,25.67,31.06,1004.6,92.99,0.2),('2019-11-07',26.67,24.67,29.17,1005.6,89.8,0.13),('2019-11-08',26.67,24.67,28.06,1008,91.67,0.01),('2019-11-09',27.5,24.56,30.17,1009.7,88.47,0),('2019-11-10',28.11,24.06,32.67,1010.3,88.89,0),('2019-11-11',27.67,25.33,31.33,1010.5,91.2,0),('2019-11-12',27.06,25.17,28.83,1011.4,91.72,0.02),('2019-11-13',27,25.17,30.67,1010.9,90.99,0.02),('2019-11-14',27.06,24.33,30.17,1008.1,91.46,0.05),('2019-11-15',28.11,25.06,31.83,1009.1,86.53,0.01),('2019-11-16',28.44,26.06,32.56,1009.6,87.92,0),('2019-11-17',28.39,25.06,32.33,1009.2,87.71,0),('2019-11-18',28.5,24.67,33.56,1009.1,88.21,0),('2019-11-19',28.28,25.56,32.06,1008.4,86.23,0),('2019-11-20',27.94,25.33,32.67,1008.1,88.15,0),('2019-11-21',27.67,25.06,30.83,1009.9,89.05,0.03),('2019-11-22',27.44,24.83,30.17,1011.5,88.9,0.11),('2019-11-23',28.28,25.83,31.56,1012.1,85.49,0.03),('2019-11-24',28.5,27.06,30.83,1011.8,87.8,0.01),('2019-11-25',26.61,25.17,28.06,1011.8,93.27,0.72),('2019-11-26',26.78,24.33,29.06,1011.8,91.95,1.14),('2019-11-27',27.78,25.33,30.06,1011,91.54,0.11),('2019-11-28',27.28,24.67,29.67,1011.5,91.74,0.41),('2019-11-29',27,24.83,29.06,1012.9,86.7,0.02),('2019-11-30',26.17,24.17,29.06,1013.1,89.67,0.12),('2019-12-01',26.33,23.83,29.33,1010.3,87.23,0),('2019-12-02',27.11,24.33,29.33,1006.9,86.41,0.09),('2019-12-03',24.61,23.67,25.56,999.3,94.8,4.1),('2019-12-04',26.22,24.56,30.56,1007.9,91.41,0),('2019-12-05',27.22,24.83,30.67,1011.1,88.33,0),('2019-12-06',28.33,25.67,31.56,1011,85.82,0),('2019-12-07',28,26.17,31.67,1011.7,87.69,0),('2019-12-08',26.5,25.33,28.06,1013.3,86.02,0),('2019-12-09',26.72,25.17,30.17,1013.3,86.52,0.09),('2019-12-10',26.78,24.33,30.33,1012.3,87.54,0.35),('2019-12-11',25.89,24.67,27.83,1011.9,94.27,0.17),('2019-12-12',26.28,24.17,28.33,1012.9,91.37,0.04),('2019-12-13',27.61,25.33,30.17,1014.3,85.88,0),('2019-12-14',27.56,25.17,30.17,1014.2,86.11,0.02),('2019-12-15',27.28,25.56,29.83,1013.4,89.03,0.12),('2019-12-16',27.11,25.17,29.67,1012.7,91.82,0.2),('2019-12-17',26.72,24.33,29.56,1013.3,92.08,0.05),('2019-12-18',26.89,25.17,29.83,1013.5,93.34,0.11),('2019-12-19',26.89,24.17,29.17,1012.9,91.76,0.01),('2019-12-20',27.28,25.17,30.17,1012,90.32,0),('2019-12-21',27.61,25.33,30.06,1012.1,86.47,0),('2019-12-22',27,25.33,29.83,1011.7,88.19,0.08),('2019-12-23',25.89,24.56,28.06,1011.6,92.36,0.31),('2019-12-24',26.83,24.17,29.83,1011.9,85.29,0.04),('2019-12-25',24.94,23.83,26.67,1008.6,96.77,1.52),('2019-12-26',26.61,23.83,29.06,1009.5,90.68,0.06),('2019-12-27',26.89,24.83,29.83,1010.9,93.39,0),('2019-12-28',26.89,24.33,30.17,1012.3,93.47,0.39),('2019-12-29',27.72,25.06,32.67,1013.8,90.46,0),('2019-12-30',27.06,24.67,31.67,1014.7,91.61,0.35),('2019-12-31',27.67,24.67,31.17,1016,86.46,0.16),('2020-01-01',26.89,25.67,29.06,1016.1,90.03,0.24),('2020-01-02',27.11,25.56,29.33,1016.7,90.36,0),('2020-01-03',26.22,24.83,27.83,1015.5,89.27,0),('2020-01-04',26.28,24.06,28.67,1013.7,87.93,0.1),('2020-01-05',25.89,24.17,27.06,1014.3,89.36,0.16),('2020-01-06',26.06,24.06,27.67,1014.3,90.44,0.01),('2020-01-07',25,24.06,26.17,1013.7,93.14,0.67),('2020-01-08',26.28,23.83,30.06,1013.1,90.37,0.51),('2020-01-09',26.61,23.83,29.33,1012.7,88.66,0.12),('2020-01-10',26.78,25.17,29.33,1011,87.42,0.05),('2020-01-11',27.39,24.33,30.17,1010.2,86.46,0.04),('2020-01-12',26.17,23.83,29.06,1009.7,87.65,0),('2020-01-13',26,23.06,28.83,1010.1,88.66,0.04),('2020-01-14',26.44,24.33,28.06,1012.8,86.23,0.08),('2020-01-15',26.17,24.06,28.67,1013.5,87.81,0.36),('2020-01-16',26.56,24.17,29.83,1012.9,87.7,0.02),('2020-01-17',26.06,24.06,28.17,1012.7,91.14,0.08),('2020-01-18',26.5,24.67,28.17,1012.9,90.1,0),('2020-01-19',26.06,24.17,28.17,1014.6,90.48,0.12),('2020-01-20',26.89,24.06,29.83,1015.9,86.47,0),('2020-01-21',26.44,24.56,29.17,1017.7,85.56,0),('2020-01-22',26.61,23.83,29.56,1017,82.04,0.02),('2020-01-23',26.56,24.83,29.33,1015.3,81.96,0),('2020-01-24',26.17,24.56,29.17,1013.8,89.59,1.85),('2020-01-25',25.5,24.17,27.17,1012.2,92.8,2.05),('2020-01-26',27,24.33,30.06,1010.8,91.07,0),('2020-01-27',27.11,24.67,30.17,1010.9,88.39,0),('2020-01-28',26.61,23.56,29.83,1011.6,86.79,0),('2020-01-29',26.89,24.17,29.67,1012,85.2,0),('2020-01-30',26.72,23.67,29.56,1011.9,85.08,0),('2020-01-31',25.39,24.67,27.17,1014.3,86.49,0),('2020-02-01',25.72,23.67,28.17,1015.9,81.52,0.08),('2020-02-02',25,24.06,27.56,1016.4,88.74,0.08),('2020-02-03',25.11,23.83,27.56,1016.3,81.95,0),('2020-02-04',25.61,24.17,28.06,1014.6,85.14,0),('2020-02-05',26.06,24.17,28.17,1013.4,86.94,0.2),('2020-02-06',26.11,24.06,28.83,1013.6,90.38,0.39),('2020-02-07',26.22,24.06,28.67,1013.4,92.86,0.28),('2020-02-08',27.06,24.67,29.17,1014.5,88.71,0),('2020-02-09',25.39,24.17,26.17,1015.6,93.87,0.14),('2020-02-10',25.17,23.83,26.17,1017.2,85.97,0.12),('2020-02-11',25.89,23.67,28.33,1018,83.44,0),('2020-02-12',26.22,23.06,28.83,1016.8,85.37,0),('2020-02-13',26.39,24.67,28.83,1015.4,87.17,0),('2020-02-14',26.33,25.06,28.67,1013.8,89.54,0.04),('2020-02-15',26.72,24.67,29.06,1014.1,89.01,0.12),('2020-02-16',26.78,24.17,29.17,1014.5,87.74,0),('2020-02-17',26.89,24.83,29.33,1015.5,86.7,0),('2020-02-18',25.39,23.67,27.17,1016.6,91.52,0.26),('2020-02-19',26.5,24.06,29.56,1017.2,87.25,0),('2020-02-20',26.33,24.67,29.06,1017.8,88.28,0),('2020-02-21',25.78,24.06,28.83,1018.3,87.34,0.17),('2020-02-22',26.28,23.33,29.17,1019.1,87.26,0),('2020-02-23',25.94,24.06,28.17,1016.7,91.63,0.39),('2020-02-24',26.61,25.17,28.83,1015,90.13,0),('2020-02-25',26.89,25.06,29.06,1014,85.99,0),('2020-02-26',27,24.83,29.67,1013.7,85.38,0),('2020-02-27',27.17,24.83,29.56,1013.6,84.66,0.08),('2020-02-28',26.56,24.83,28.67,1013.8,86.26,0),('2020-02-29',26.67,25.17,29.17,1013.1,86.8,0.02),('2020-03-01',27.22,25.17,29.83,1012.8,84.06,0),('2020-03-02',27.44,25.17,30.17,1013.2,84.5,0),('2020-03-03',27.11,25.17,29.17,1013.5,85.5,0),('2020-03-04',27.22,25.17,29.33,1012.6,86.9,0),('2020-03-05',27.5,25.33,30.17,1012.6,85.81,0),('2020-03-06',27.72,24.83,30.56,1013,84.51,0),('2020-03-07',27.33,24.67,31.06,1012.4,88.78,0),('2020-03-08',27.56,25.06,30.17,1011.1,90.66,0),('2020-03-09',27.78,25.33,30.83,1010.2,87.94,0),('2020-03-10',27.72,25.67,30.67,1011.6,86.21,0),('2020-03-11',27.89,25.67,30.33,1013.4,83.21,0),('2020-03-12',27.78,25.33,30.56,1014.7,83.03,0),('2020-03-13',26.78,24.83,29.56,1015.2,85.89,0.02),('2020-03-14',26.11,23.33,28.83,1013.5,86.84,0),('2020-03-15',27.56,24.56,31.06,1013.5,86.59,0),('2020-03-16',27,25.33,30.17,1014.7,87.11,0.2),('2020-03-17',25.06,24.06,27.17,1015.8,89.98,0.28),('2020-03-18',26.67,23.83,29.06,1013.9,87.37,0.16),('2020-03-19',27.61,25.56,30.17,1013.2,87.79,0),('2020-03-20',27.83,25.17,31.17,1013.4,89.85,0),('2020-03-21',28.61,26.33,31.06,1013.8,85.97,0),('2020-03-22',28.33,26.06,31.17,1013.4,87.95,0),('2020-03-23',28.61,26.33,31.33,1012.5,84.52,0),('2020-03-24',28.33,26.17,30.17,1012,85.48,0),('2020-03-25',27.94,25.56,31.17,1011.7,86.13,0.12),('2020-03-26',28.06,25.17,30.56,1012.8,84.67,0),('2020-03-27',28.67,25.83,31.56,1012.5,85.77,0),('2020-03-28',28.83,26.83,31.56,1011.4,86.55,0),('2020-03-29',28.72,26.56,31.56,1011.1,84.63,0),('2020-03-30',28.94,26.33,31.83,1011.3,83.65,0),('2020-03-31',28.61,26.67,31.33,1012,81.15,0.08),('2020-04-01',28.61,25.56,30.83,1012,80.09,0),('2020-04-02',28.78,27.17,30.67,1013.1,80.56,0),('2020-04-03',30.06,27.06,39.56,1013.7,77.2,0),('2020-04-04',29.22,26.83,32.06,1013.3,79.81,0),('2020-04-05',28.83,26.83,31.17,1013,80.53,0),('2020-04-06',29.06,27.06,31.17,1011.9,79.1,0),('2020-04-07',28.44,26.67,30.67,1010.9,82.63,0.04),('2020-04-08',28.33,24.83,31.06,1011.4,82.58,0),('2020-04-09',28.11,25.83,31.17,1013.1,85.26,0),('2020-04-10',29.22,26.06,32.33,1014,80.67,0),('2020-04-11',29.11,27.06,31.67,1012.5,81.98,0),('2020-04-12',28.89,26.56,32.06,1011.2,83.6,0),('2020-04-13',28.83,25.33,31.83,1011.1,82.84,0.03),('2020-04-14',27.61,25.56,31.33,1012.9,87.47,0.87),('2020-04-15',27.56,24.56,30.83,1012.7,87.31,0.71),('2020-04-16',28.39,25.56,31.67,1012,85.09,0),('2020-04-17',29,27.06,31.17,1012.8,88.46,0),('2020-04-18',29.22,26.83,32.17,1012.9,86.01,0),('2020-04-19',28.83,26.06,32.06,1012.3,84.61,0.31),('2020-04-20',28.72,26.06,31.83,1012.4,84.93,0),('2020-04-21',29.33,26.67,32.33,1011.6,82.26,0),('2020-04-22',28.94,26.33,31.83,1011.1,82.78,0),('2020-04-23',29.33,26.17,32.17,1011.6,83.25,0),('2020-04-24',29.56,27.33,32.33,1011.1,83.44,0),('2020-04-25',29.44,27.83,32.83,1011.3,84.03,0),('2020-04-26',29.83,27.56,32.33,1011.9,82.39,0),('2020-04-27',29.89,27.83,32.17,1011.7,82.2,0),('2020-04-28',30,27.67,32.06,1011.8,80.01,0),('2020-04-29',29.61,27.33,32.17,1011.7,81.26,0.91),('2020-04-30',29.89,27.33,32.83,1012,80.4,0),('2020-05-01',29.83,27.06,32.17,1010.6,78.55,0),('2020-05-02',29.78,26.83,32.56,1009.6,79.66,0.02),('2020-05-03',28.83,26.83,30.83,1009.5,86.62,0.24),('2020-05-04',29.44,27.33,32.67,1010.1,83.7,0.01),('2020-05-05',29.39,27.17,32.33,1010,82,0),('2020-05-06',29.56,27.06,32.67,1009.7,81.03,0),('2020-05-07',30.61,27.67,34.83,1009.7,81.13,0),('2020-05-08',30.39,27.56,33.83,1009.6,75.97,0),('2020-05-09',31.5,28.06,34.83,1009.7,67.93,0),('2020-05-10',31.44,29.06,34.83,1009.8,73.24,0),('2020-05-11',30.83,28.56,33.17,1009.4,75.37,0),('2020-05-12',30.22,27.83,33.67,1009.6,77.84,0.16),('2020-05-13',30.56,28.06,33.83,1010,77.21,0),('2020-05-14',30.22,27.83,34.56,1009,79.98,0.01),('2020-05-15',28.5,27.17,30.83,1005.9,85.07,0.12),('2020-05-16',28.22,25.83,32.17,1007.8,86.53,0.63),('2020-05-17',28.72,26.06,30.83,1006.9,85.68,0.02),('2020-05-18',28.06,26.06,31.67,1007.6,84.39,0),('2020-05-19',28.83,26.06,31.17,1008.5,82.32,0.09),('2020-05-20',29.11,26.17,31.33,1009.1,84.32,0),('2020-05-21',29.44,27.17,33.33,1009.1,85.05,0),('2020-05-22',28.78,26.67,33.17,1009,86.91,0.08),('2020-05-23',28.83,26.06,32.56,1010,85.23,0.01),('2020-05-24',28.94,26.17,33.67,1011.7,84.34,0.02),('2020-05-25',29.67,27.67,32.33,1012,79.87,0),('2020-05-26',29.61,27.06,33.67,1011.3,82.01,0),('2020-05-27',29.5,26.83,33.33,1011.1,82.13,0),('2020-05-28',29.67,26.56,33.17,1011.7,83.26,0),('2020-05-29',29.89,26.83,33.67,1011.8,79.63,0),('2020-05-30',29.67,26.17,34.17,1012.8,81.91,0.02),('2020-05-31',30.39,26.56,32.33,1012.2,76.44,0),('2020-06-01',29.28,26.83,32.17,1011.5,82.46,0.35),('2020-06-02',29.06,27.06,32.67,1010.9,81.21,0.31),('2020-06-03',29.22,25.17,33.67,1011,82.13,0),('2020-06-04',29.67,25.33,33.17,1010,79.16,0),('2020-06-05',30.22,26.17,33.56,1009.8,79.73,0),('2020-06-06',30.39,28.06,33.56,1009.5,78.47,0),('2020-06-07',29.89,26.17,33.67,1008.9,79.31,1.85),('2020-06-08',28,24.06,31.67,1009.4,82.92,2.09),('2020-06-09',28.83,25.67,32.33,1009.5,79.63,0.79),('2020-06-10',28.94,25.06,31.83,1008.8,85.46,0.43),('2020-06-11',27.11,25.17,30.67,1006.3,91.85,1.86),('2020-06-12',25.89,24.17,27.83,1006.8,93.92,0.04),('2020-06-13',28.17,25.06,31.06,1009.2,87.13,0),('2020-06-14',28.28,25.33,30.83,1011.8,85.04,0.11),('2020-06-15',28.56,26.17,31.33,1012.1,84.44,0.01),('2020-06-16',28.83,26.06,32.17,1010.1,84.73,0),('2020-06-17',28.83,25.83,31.83,1009.5,84.48,1.1),('2020-06-18',28.72,25.67,32.06,1009.6,86.51,1.65),('2020-06-19',27.61,24.06,30.33,1010.4,87.16,0.67),('2020-06-20',28.33,24.83,31.67,1010.2,88.1,0.12),('2020-06-21',28.39,25.06,31.67,1008.2,86.04,0),('2020-06-22',28.56,25.33,31.83,1008.4,87.04,0),('2020-06-23',29.33,25.83,32.56,1009.1,85.61,0),('2020-06-24',30,27.56,32.83,1008.9,85.5,0),('2020-06-25',28.67,25.67,31.67,1009.1,87.37,1.89),('2020-06-26',28.22,25.83,31.06,1009.7,86.32,1.18),('2020-06-27',27.61,24.67,30.17,1009.7,89.85,0.71),('2020-06-28',28.11,25.06,30.67,1010,86.3,0.83),('2020-06-29',27.72,26.06,29.83,1009.6,85.73,0),('2020-06-30',27.94,25.67,31.17,1009.5,89.32,0.04),('2020-07-01',28.06,25.17,31.67,1008.7,83.88,0),('2020-07-02',28.11,25.33,31.33,1008.6,85.37,0.02),('2020-07-03',27.78,24.06,31.06,1010.1,87.6,0.77),('2020-07-04',26.72,24.56,29.33,1010.6,87.25,0.24),('2020-07-05',27.33,25.06,29.83,1009.4,86.35,0),('2020-07-06',28.5,25.56,31.17,1010,85.8,0.02),('2020-07-07',28.17,25.06,31.17,1010.7,87.13,1.4),('2020-07-08',28,26.06,30.33,1009,86.83,0.2),('2020-07-09',28.83,25.67,32.06,1007.5,85.24,0),('2020-07-10',28.61,26.33,31.83,1008.9,85.48,0.01),('2020-07-11',27.94,25.83,30.33,1009.3,85.47,0),('2020-07-12',28.78,25.33,31.83,1008.4,86.87,0),('2020-07-13',28.78,26.67,31.33,1008.6,83.51,0),('2020-07-14',28.72,26.17,31.83,1009.1,85.53,0),('2020-07-15',28.61,25.56,32.06,1008.8,85.58,1.73),('2020-07-16',27.94,24.83,30.83,1009,86.84,0.1),('2020-07-17',28.67,25.67,30.83,1010.1,85.48,0.2),('2020-07-18',29.33,25.33,32.06,1009.7,84.43,0.24),('2020-07-19',27.44,24.56,30.17,1009.1,88.37,1.5),('2020-07-20',26.89,23.56,29.67,1009.9,89.91,1.33),('2020-07-21',27.72,24.83,31.83,1010.1,90.84,2.2),('2020-07-22',27.72,24.67,30.17,1009.3,88.6,0),('2020-07-23',28.33,25.67,31.17,1008.9,84.81,0.08),('2020-07-24',27.89,25.83,30.17,1009.2,86.54,0),('2020-07-25',28.17,26.06,31.83,1008.9,86.7,0.24),('2020-07-26',28.11,25.17,31.67,1008.7,87.18,1.02),('2020-07-27',29.06,25.33,32.17,1007.7,85.76,0),('2020-07-28',27,25.06,30.17,1007.7,92.44,2.95),('2020-07-29',27,24.33,29.33,1005.3,90.33,0.35),('2020-07-30',27.06,25.06,30.06,1005.2,91.94,0.14),('2020-07-31',27.39,25.83,29.83,1006.8,89.55,0.02),('2020-08-01',27.5,25.33,30.56,1008.9,90.96,0.08),('2020-08-02',27.78,26.17,29.56,1009.4,89.45,0),('2020-08-03',28.72,25.83,31.83,1008.2,83.8,0),('2020-08-04',28.56,26.06,31.17,1007.9,85.69,0.47),('2020-08-05',28,26.06,30.67,1008.3,86.68,0.03),('2020-08-06',28.06,25.83,32.17,1008.4,87.62,1.73),('2020-08-07',27,25.33,29.17,1007.3,91.96,0.26),('2020-08-08',26.72,25.33,29.06,1005.9,91.12,0.67),('2020-08-09',26.56,25.06,28.17,1007,91.6,0.17),('2020-08-10',28.5,25.56,31.33,1009.8,85.82,0),('2020-08-11',28.17,25.56,31.17,1011.5,85.31,0),('2020-08-12',27.61,25.67,30.17,1012.1,92.22,0.2),('2020-08-13',27.17,24.83,31.83,1011.1,90.71,0.29),('2020-08-14',27.17,24.83,32.06,1009.2,91.09,0.12),('2020-08-15',28,25.67,30.17,1008.7,89.93,0.01),('2020-08-16',27.22,25.06,31.06,1008.3,90.29,0.02),('2020-08-17',27.5,24.83,30.83,1007.9,90.43,0.02),('2020-08-18',28.28,25.17,31.83,1007.5,88.92,0.35),('2020-08-19',28.06,26.06,31.17,1007.2,89.81,0),('2020-08-20',28,25.56,30.83,1008.4,86.69,0.03),('2020-08-21',28.89,25.67,31.83,1010,85.7,0),('2020-08-22',27.78,25.83,31.33,1010.6,89.06,0.02),('2020-08-23',28.06,25.06,31.67,1010.3,88.13,0),('2020-08-24',29.33,25.17,33.56,1010.1,85.6,0),('2020-08-25',29.83,27.06,33.83,1009,82.74,0),('2020-08-26',28.94,25.06,33.67,1008.2,83.26,0),('2020-08-27',29.72,25.33,33.83,1007.3,81.79,0),('2020-08-28',29.39,26.06,33.33,1007.1,82.55,0),('2020-08-29',28.33,26.17,31.83,1005.8,85.71,0),('2020-08-30',28.89,25.83,32.67,1005.5,84.39,0),('2020-08-31',29.11,26.83,33.33,1006.4,84.67,0),('2020-09-01',28.89,26.06,32.67,1007.5,85.54,0),('2020-09-02',29.44,26.06,33.67,1009.1,84.69,0),('2020-09-03',29.11,26.56,33.06,1010.1,86.2,0),('2020-09-04',28.78,25.83,32.67,1008.8,86.35,0),('2020-09-05',29.89,25.67,33.83,1006.8,86.2,0),('2020-09-06',28.56,25.83,33.83,1006.9,88.8,0.28),('2020-09-07',28.67,25.83,33.33,1009,85.93,0),('2020-09-08',28.33,25.33,31.56,1011.2,88.41,0.04),('2020-09-09',28.44,25.56,31.56,1009.6,89.03,0.39),('2020-09-10',28.28,26.06,31.17,1007.5,88.38,0),('2020-09-11',29.5,25.67,33.17,1008.9,83.57,0),('2020-09-12',26,24.83,27.83,1010.5,94.4,1.05),('2020-09-13',27.5,23.56,30.83,1009.7,87.51,0),('2020-09-14',29.17,26.06,33.17,1008.1,85.57,0.35),('2020-09-15',26.56,25.33,27.83,1005.8,93.58,3.94),('2020-09-16',27.11,24.83,29.67,1005.9,88.91,0.3),('2020-09-17',25.61,25.06,26.17,1008,93.55,0.21),('2020-09-18',26.06,24.67,27.33,1011.4,94.21,0.06),('2020-09-19',28.06,24.33,31.17,1011.1,84.05,0),('2020-09-20',29.67,26.06,32.06,1009.4,84.78,0),('2020-09-21',29,27.17,31.06,1008.5,84.82,0),('2020-09-22',28.67,25.67,31.33,1008.6,83.77,0),('2020-09-23',28.94,25.67,33.83,1008.9,88.38,0),('2020-09-24',28.61,26.83,31.06,1008.8,87.48,0),('2020-09-25',28.17,25.83,31.17,1007.8,88.9,0),('2020-09-26',28.22,25.33,31.17,1008.3,89.79,0.04),('2020-09-27',28.17,25.83,31.17,1009.7,89.42,0),('2020-09-28',28.11,25.06,31.67,1010.2,87.57,0),('2020-09-29',28.89,25.33,33.17,1008.8,88.39,0),('2020-09-30',29.67,26.06,32.83,1006.6,84.97,0),('2020-10-01',29.28,26.17,33.17,1006.9,83.7,0),('2020-10-02',27.83,25.33,30.06,1008.5,89.93,1.97),('2020-10-03',28.56,26.67,32.33,1008.2,89.34,0.24),('2020-10-04',28.11,25.83,31.83,1006.7,88.41,0),('2020-10-05',28.28,26.06,31.83,1006.6,88,0.28),('2020-10-06',27.83,26.06,30.56,1007.8,91.09,1.01),('2020-10-07',27.78,25.06,30.67,1007.7,91.88,0.47),('2020-10-08',25.89,25.17,26.83,1007.6,96.74,2.29),('2020-10-09',26,24.83,28.83,1008.6,94.33,1.61),('2020-10-10',27.28,24.83,30.17,1007.3,89.48,1.62),('2020-10-11',27.56,25.33,29.83,1006.3,90.42,0.17),('2020-10-12',26.11,24.17,29.56,1007.4,93.77,0.5),('2020-10-13',27.11,24.06,30.83,1008.5,89.26,0.02),('2020-10-14',24.61,23.06,26.17,1008.3,95.61,1.28),('2020-10-15',25.39,24.33,27.06,1006.8,95.38,1.46),('2020-10-16',27.67,24.83,31.17,1008.3,84.37,0.75),('2020-10-17',27.78,25.33,30.33,1008.8,90.43,0.12),('2020-10-18',27.89,25.83,30.17,1008.9,90.67,0),('2020-10-19',28.44,26.83,30.83,1007.7,87.83,0.87),('2020-10-20',26.17,25.17,26.83,1004.6,91.8,0.2),('2020-10-21',26.33,25.56,27.56,1004.5,92.78,0.43),('2020-10-22',27.17,25.06,30.17,1005.8,90.92,0.55),('2020-10-23',27.78,25.33,30.83,1007.2,90.24,0.02),('2020-10-24',27.56,25.56,30.56,1009.1,90.88,0.17),('2020-10-25',27.17,24.83,29.33,1006,91.48,1.77),('2020-10-26',26.56,25.33,29.17,996.6,93.22,4.35),('2020-10-27',26.56,25.06,28.83,1007.9,93.16,0.04),('2020-10-28',27.17,24.56,30.67,1011.7,87.54,0.16),('2020-10-29',27.94,24.56,31.83,1012.2,85.58,0),('2020-10-30',28.11,26.17,29.67,1010.4,88.4,0.02),('2020-10-31',28.44,26.67,30.83,1009,82.87,0.15),('2020-11-01',24.5,22.83,26.33,1004.8,95.88,2.37),('2020-11-02',26.11,23.06,28.33,1008.2,93.28,0.01),('2020-11-03',26.78,24.67,29.33,1010.3,92.03,0),('2020-11-04',26.22,24.83,27.83,1011.4,94.63,1.03),('2020-11-05',26,24.56,27.83,1012.4,93.86,0.12),('2020-11-06',26.83,24.67,29.67,1012,92.43,0),('2020-11-07',26.83,24.06,29.83,1010.6,90.09,0.28),('2020-11-08',24.78,22.67,28.56,1007.2,92.38,1.42),('2020-11-09',27.06,24.67,29.17,1009,90.38,0.04),('2020-11-10',26.89,24.83,29.83,1010.4,91.77,0.59),('2020-11-11',26.22,25.17,27.17,1004.8,93.99,1.1),('2020-11-12',25.17,23.33,27.06,1005,94.6,1.86),('2020-11-13',27.17,26.06,28.83,1009.5,87.93,0.31),('2020-11-14',27.56,25.33,30.17,1011.4,86.68,0.04),('2020-11-15',28.17,25.67,30.56,1012.4,86.66,0),('2020-11-16',27.83,26.06,29.83,1011.7,87.88,0),('2020-11-17',28.06,25.83,30.33,1010.6,86.18,0),('2020-11-18',28.28,25.67,30.56,1010.1,90.64,0.01),('2020-11-19',27.94,26.17,29.83,1010.2,90.8,0),('2020-11-20',27.83,25.83,30.17,1009.9,90.3,0),('2020-11-21',27.89,26.06,29.83,1010.9,91,0),('2020-11-22',27.61,26.06,29.17,1012,88.97,0.02),('2020-11-23',26.94,25.17,29.06,1012.4,89.6,0.17),('2020-11-24',27.83,25.06,30.06,1012.2,86.71,0.04),('2020-11-25',27.94,26.33,29.83,1011.6,85.15,0.08),('2020-11-26',27.67,24.83,30.33,1011,87.49,0.16),('2020-11-27',27.17,25.56,28.83,1010.9,92.71,0.47),('2020-11-28',27.28,25.56,29.33,1010.9,91.34,0.24),('2020-11-29',27.28,26.06,29.17,1011,90.53,0.01),('2020-11-30',27.72,25.33,30.17,1011.5,87.24,0.43),('2020-12-01',26.67,25.56,28.33,1011.1,88.42,0.02),('2020-12-02',27.22,25.67,29.17,1008.1,87.93,0),('2020-12-03',27.33,25.33,30.17,1007.2,87.75,0.04),('2020-12-04',26.22,25.56,26.83,1008.4,93.15,1.38),('2020-12-05',27.22,25.67,29.83,1009.9,90.18,0),('2020-12-06',27.83,25.83,30.06,1010.4,89.62,0.17),('2020-12-07',27,26.06,27.83,1010.4,91.79,0.27),('2020-12-08',26.56,24.06,28.56,1011.2,93.31,3.38),('2020-12-09',27.39,25.06,30.17,1010.4,91.91,0.02),('2020-12-10',26.11,24.83,27.06,1010.4,95.25,0.43),('2020-12-11',27.17,24.83,29.83,1010.5,93.16,0.01),('2020-12-12',27.61,26.06,29.67,1010,89.76,0.43),('2020-12-13',27.56,26.17,30.17,1009.7,89.88,0.12),('2020-12-14',27.67,25.83,30.33,1010.7,88.66,0),('2020-12-15',27.39,25.67,29.56,1011.7,91.27,0.01),('2020-12-16',27.33,26.06,29.17,1012.2,90.49,0.02),('2020-12-17',27.5,26.06,29.33,1011,87.03,0.02),('2020-12-18',27,25.67,29.56,1010.2,89.51,0.18),('2020-12-19',25.61,25.06,26.17,1008.8,95.15,0.13),('2020-12-20',27.11,25.33,29.67,1009.7,87.99,0),('2020-12-21',27.61,25.33,29.56,1009.8,85.58,0.04),('2020-12-22',27.06,25.33,29.06,1010.2,90.16,0),('2020-12-23',27.5,24.83,30.17,1010.3,90.2,0.35),('2020-12-24',28,25.56,30.67,1010.3,86.72,0),('2020-12-25',27.61,25.33,29.83,1010.7,89.92,0),('2020-12-26',26.94,25.56,28.83,1009.9,89.2,0.43),('2020-12-27',26.06,25.06,29.06,1008.6,93.81,0.59),('2020-12-28',26.11,24.67,27.83,1008.2,93.84,0),('2020-12-29',27,24.83,29.33,1008.8,91.83,0),('2020-12-30',27.83,25.33,30.56,1009.5,90.27,0.55),('2020-12-31',25.06,24.06,26.06,1012,92.25,3.6),('2021-01-01',24.94,23.56,26.33,1013.5,91.58,0.34),('2021-01-02',25.06,23.83,26.56,1012.7,93.17,0.24),('2021-01-03',25.67,24.06,27.17,1012,94.11,0.09),('2021-01-04',26.78,25.56,28.67,1012.2,91.32,0.02),('2021-01-05',27.11,25.17,29.83,1011.6,91.18,0.24),('2021-01-06',26.72,25.17,28.83,1011.2,90.69,0),('2021-01-07',26.94,24.83,29.17,1010.4,90.07,0),('2021-01-08',26.89,25.17,29.33,1010.5,89.5,0.08),('2021-01-09',25.5,24.06,26.67,1011.6,89.02,0),('2021-01-10',24.78,23.06,26.17,1013.1,92.47,0.74),('2021-01-11',24.44,23.83,25.33,1013.2,88.95,0),('2021-01-12',24.72,23.83,26.06,1012.5,91.23,0.04),('2021-01-13',25.56,22.17,28.33,1011.9,89.19,0.2),('2021-01-14',26.06,24.67,28.17,1011,89.27,0.16),('2021-01-15',24.89,24.06,26.17,1009.6,94.46,0.64),('2021-01-16',25.67,24.17,27.67,1010.2,92.33,0.61),('2021-01-17',25.5,23.67,28.83,1010.3,93.41,0.04),('2021-01-18',25.11,24.17,26.17,1010.7,92.31,0.24),('2021-01-19',25.28,24.67,26.33,1010.1,92.88,0.2),('2021-01-20',25.56,24.56,27.17,1009.6,94.51,0.47),('2021-01-21',26.17,24.33,28.67,1009.3,93.48,0),('2021-01-22',26.61,25.33,28.83,1009.3,92.08,0.31),('2021-01-23',27.06,25.06,30.06,1010,92.81,0),('2021-01-24',27.11,24.83,29.67,1011.3,89.89,0),('2021-01-25',27.44,25.33,29.56,1011.7,88.11,0),('2021-01-26',27.56,25.33,30.17,1010.6,87.92,0),('2021-01-27',26.56,24.83,28.33,1010.8,90.49,0),('2021-01-28',26.39,24.67,28.67,1012.5,92.02,0),('2021-01-29',26.39,24.67,28.56,1013.8,86.51,0),('2021-01-30',25.06,24.67,26.06,1015.1,83.67,0.02),('2021-01-31',25.72,24.33,27.06,1015.4,81.17,0.1),('2021-02-01',26.28,24.67,29.06,1014.5,83.59,0),('2021-02-02',25.89,23.67,28.17,1014,90.41,0),('2021-02-03',25.83,23.67,28.06,1014.3,87.89,0.01),('2021-02-04',25.56,24.17,28.06,1014.4,88.58,0.04),('2021-02-05',25.06,24.33,26.83,1013.2,90.96,0.09),('2021-02-06',25.67,23.83,28.33,1012.8,91.14,0.03),('2021-02-07',26.89,24.67,30.17,1011.7,90.76,0),('2021-02-08',26.67,25.67,28.83,1012.3,88.6,0),('2021-02-09',25.78,24.83,28.06,1010.9,92.87,0.13),('2021-02-10',25.5,24.67,26.33,1010.5,91.4,0.03),('2021-02-11',25.17,25.17,25.17,1010.3,94.2,0.11),('2021-02-13',26.33,25.83,26.83,1011.9,90.69,0),('2021-02-14',26.44,25.33,28.06,1011.4,91.4,0),('2021-02-15',26.44,24.06,28.67,1011.4,89.65,0),('2021-02-16',26.83,25.06,29.17,1012.1,87.26,0),('2021-02-17',26,23.17,28.56,1013,88.12,0),('2021-02-18',25.83,23.67,28.33,1014.5,88.87,0.36),('2021-02-19',24.72,23.56,25.83,1015.4,88.46,0.37),('2021-02-21',25.17,25.17,25.17,1011.5,88.16,0.12),('2021-02-22',25.17,24.17,25.83,1010.6,92.61,0.43),('2021-02-23',25.61,24.06,28.06,1008.9,94.2,1.28),('2021-02-24',26.44,24.83,29.33,1008.9,90.82,0.04),('2021-02-25',27.11,25.06,29.83,1008.4,87.79,0),('2021-02-26',27.44,25.67,30.33,1008.5,88.07,0),('2021-02-27',27.33,25.33,30.06,1010,90.84,0.01),('2021-02-28',27.83,25.67,30.17,1011.7,88.64,0.04),('2021-03-01',27.72,25.67,30.06,1013.1,87.98,0),('2021-03-02',27.72,25.83,30.33,1014.1,88.16,0),('2021-03-03',28.78,26.56,30.17,1014.5,83.97,0),('2021-03-04',28.61,26.56,30.17,1015.3,85.19,0),('2021-03-05',28.28,26.83,30.33,1014.9,85,0),('2021-03-06',27.5,25.67,30.67,1015,88.76,0),('2021-03-07',27.94,26.17,29.83,1014.1,85.1,0),('2021-03-08',27.28,25.67,30.33,1014.5,88.06,0),('2021-03-09',26.89,26.06,27.83,1014.5,89.39,0.04),('2021-03-10',26.67,25.17,29.06,1014.7,88.13,0.08),('2021-03-11',27.67,25.67,29.33,1014,86.37,0),('2021-03-12',26.17,25.17,28.17,1013.3,91.89,0.02),('2021-03-13',25.22,24.33,26.17,1012.2,92.81,0.05),('2021-03-14',26.5,24.56,28.67,1010.6,88.99,0),('2021-03-15',27.39,25.67,29.33,1010,92.68,0.02),('2021-03-16',26.56,25.33,29.17,1010.6,91.2,0.35),('2021-03-17',27.28,24.33,30.17,1010.4,90.6,0.02),('2021-03-18',28.56,25.06,31.83,1009.7,88.01,0),('2021-03-19',28.44,26.83,31.33,1009.3,87.18,0),('2021-03-20',28.22,26.06,30.56,1008.2,87.17,0),('2021-03-21',28.72,26.67,31.06,1009.3,87.73,0.12),('2021-03-22',28,26.06,30.67,1012,89.32,0.04),('2021-03-23',26.78,24.33,29.33,1012.9,90.04,0.3),('2021-03-24',27.17,25.06,29.17,1011.5,89.32,0),('2021-03-25',27.94,25.56,30.17,1011.8,85.75,0),('2021-03-26',27.78,25.56,30.33,1010.9,85.35,0),('2021-03-27',28.17,25.67,30.56,1010.1,84.71,0),('2021-03-28',27.67,25.17,29.83,1009.2,87.06,0.94),('2021-03-29',27.56,25.06,30.33,1008.4,84.55,0.04),('2021-03-30',28.11,25.17,30.83,1007.3,87.09,0),('2021-03-31',28.22,26.56,30.56,1007,86.96,0),('2021-04-01',27.5,25.56,29.67,1007.9,86.05,0),('2021-04-02',27.89,25.17,30.17,1009.4,85.71,0),('2021-04-03',28.22,26.06,31.06,1009.7,83.25,0),('2021-04-04',28.56,25.67,31.33,1010.1,85.55,0),('2021-04-05',28.33,26.67,30.83,1012.2,83.22,0),('2021-04-06',27.89,26.06,29.83,1012.3,83.4,0.04),('2021-04-07',27.94,26.33,30.33,1011.8,83.91,0),('2021-04-08',27.89,25.83,30.06,1010.4,85.95,0),('2021-04-09',27.39,24.56,30.33,1011.1,86.06,0.16),('2021-04-10',27.83,26.06,30.17,1013.1,84.62,0),('2021-04-11',27.5,25.06,29.83,1014,85.94,0.05),('2021-04-12',27.5,25.06,29.67,1012.9,83.69,0.04),('2021-04-13',28.5,25.56,32.06,1011.3,85.87,0),('2021-04-14',28.67,25.83,31.33,1010.4,88.86,0.24),('2021-04-15',28.83,27.06,30.67,1010.6,82.84,0),('2021-04-16',29.83,29.83,29.83,1011.9,79.18,0),('2021-04-17',26.44,25.33,27.56,1010.8,90.46,0),('2021-04-18',28.61,25.17,31.33,1008.1,86.42,0),('2021-04-19',28.94,25.67,31.83,1005.5,84.17,0),('2021-04-20',28.94,26.67,32.17,1005.5,86.49,0),('2021-04-21',28.56,26.17,31.83,1006.4,84.56,0),('2021-04-22',28.61,26.17,31.67,1006.5,83.51,0),('2021-04-23',28.83,25.83,32.17,1007.1,85.15,0),('2021-04-24',28.61,25.83,32.06,1008.9,85.66,0),('2021-04-25',29,26.06,32.33,1009.3,85.24,0),('2021-04-26',28.39,26.17,30.56,1011,85.16,0),('2021-04-27',27.94,26.33,30.67,1012.9,88.75,0),('2021-04-28',28,25.33,31.17,1013.2,89.36,0),('2021-04-29',28.33,25.83,31.06,1011.4,84.72,0),('2021-04-30',28.72,25.17,32.17,1011.3,84.39,0),('2021-05-01',28.72,26.56,31.56,1012.2,83.48,0),('2021-05-02',28.78,25.17,32.06,1012.4,83.15,0),('2021-05-03',28.39,25.17,31.67,1011,85.91,0),('2021-05-04',28.67,25.83,31.67,1010.7,85.01,0),('2021-05-05',29.67,27.17,33.17,1010.8,84.35,0),('2021-05-06',29.06,27.17,31.33,1011.4,84.4,0),('2021-05-07',29.39,26.67,32.06,1010.9,84.28,0.04),('2021-05-08',29.17,26.67,31.83,1009.9,84.65,0),('2021-05-09',28.83,26.33,31.56,1009.3,84.07,0.08),('2021-05-10',27.83,25.83,29.83,1009.6,89.81,0.24),('2021-05-11',29.17,26.17,32.17,1009.5,86.74,0.01),('2021-05-12',28.72,26.83,31.67,1009.3,85.18,0),('2021-05-13',29.06,26.67,31.83,1009,86.13,0.28),('2021-05-14',29.28,27.17,32.17,1009.2,86.28,0.55),('2021-05-15',29,26.33,32.33,1009.6,85.77,0.06),('2021-05-16',28.89,26.06,31.83,1010,86.33,1.35),('2021-05-17',29.39,27.56,31.83,1010,85.08,0),('2021-05-18',29.39,27.06,32.33,1009.7,85.72,0.01),('2021-05-19',29.11,27.06,31.33,1009.5,86.36,0.12),('2021-05-20',28.94,27.17,31.17,1010.3,89.75,0.05),('2021-05-21',28.78,27.06,31.06,1010.2,87.06,0),('2021-05-22',29.11,26.67,31.83,1009.3,87.16,0),('2021-05-23',29.11,25.83,32.17,1009.3,86.19,0),('2021-05-24',29.17,25.83,32.33,1009.9,84.42,0.08),('2021-05-25',29.22,26.83,32.06,1010.4,86.75,0.47),('2021-05-26',29.39,27.06,32.06,1010.2,86.44,0.02),('2021-05-27',29.22,27.17,31.83,1010.6,85.57,0.01),('2021-05-28',29,26.83,31.83,1010.6,86.72,1.34),('2021-05-29',28.72,25.06,32.06,1009,85.11,1.4),('2021-05-30',29.67,26.17,32.67,1007.8,86.44,0),('2021-05-31',29.61,26.83,33.06,1006.7,86.01,0.03),('2021-06-01',29.33,25.83,32.67,1007,85.9,0),('2021-06-02',26.17,24.67,28.67,1003.8,95.08,3.94),('2021-06-03',27.78,24.33,31.33,1008.5,92.57,0),('2021-06-04',30,27.67,31.67,1009,85.97,0),('2021-06-05',28.83,26.06,32.17,1008.6,87.14,0),('2021-06-06',30.22,28.17,32.33,1008.8,86.22,0),('2021-06-07',29.56,26.83,32.06,1009.2,85,0),('2021-06-08',27.94,25.33,31.33,1009.8,87.9,0.08),('2021-06-09',27.39,25.17,31.06,1008.4,89.7,0.8),('2021-06-10',27.56,24.67,30.06,1007,88.16,0.47),('2021-06-11',28.33,26.06,31.17,1007.7,85.94,0),('2021-06-12',27.78,25.83,29.83,1010.2,89.96,0.02),('2021-06-13',27.28,25.06,30.17,1011.1,91.2,1.54),('2021-06-14',28,26.06,30.83,1010,86.73,0.08),('2021-06-15',28.72,25.83,31.83,1009.1,87.46,0),('2021-06-16',28.89,25.33,31.83,1010.6,86.18,0),('2021-06-17',29.17,27.17,32.67,1011.1,85.25,0),('2021-06-18',29.44,26.33,32.56,1010.4,86.04,0),('2021-06-19',29.33,26.17,32.33,1009.4,86.34,0),('2021-06-20',29.39,26.67,33.56,1008.1,87.72,0),('2021-06-21',29.44,27.17,32.67,1008.5,83.07,0),('2021-06-22',29.28,26.33,32.83,1009.9,88,0.02),('2021-06-23',28.89,26.67,32.83,1010.3,87.28,0.08),('2021-06-24',28.28,26.67,31.83,1010,88.07,0.12),('2021-06-25',29.22,25.67,32.83,1010.2,85.34,0),('2021-06-26',28.83,25.06,32.83,1011,87.21,0),('2021-06-27',28.78,25.17,31.67,1010.7,85.32,0),('2021-06-28',29.06,26.17,32.83,1009.9,86.89,0),('2021-06-29',29.56,26.83,32.83,1009.8,81.84,0),('2021-06-30',30,27.33,33.06,1009.8,86.37,0),('2021-07-01',29.72,26.33,33.06,1009.6,84.73,0),('2021-07-02',29.44,27.33,33.06,1009.2,86.87,0),('2021-07-03',27.28,26.67,28.56,1006.9,93.68,0.12),('2021-07-04',27.61,25.67,30.33,1005.3,91.11,0.27),('2021-07-05',27.72,25.17,30.17,1006.5,88.65,0.01),('2021-07-06',27.94,26.06,30.56,1008.9,91.21,1.1),('2021-07-07',28,25.83,31.67,1010.5,88.77,0.91),('2021-07-08',28.11,24.83,31.67,1010,88.78,2.6),('2021-07-09',28.67,26.33,31.33,1009.1,84.42,0.2),('2021-07-10',27.61,26.06,29.17,1009.9,91.81,0.63),('2021-07-11',28.44,25.83,30.83,1010.1,88.68,0.39),('2021-07-12',28.61,26.06,30.67,1009.7,87.95,0.18),('2021-07-13',28.11,26.06,30.17,1008.5,87.34,0.12),('2021-07-14',28.67,26.33,31.83,1007.8,87.34,0),('2021-07-15',27.83,26.17,31.06,1008.2,90.4,0.31),('2021-07-16',28.22,25.56,31.17,1008,88.04,0),('2021-07-17',27.94,26.06,30.67,1005.7,89.43,0.04),('2021-07-18',28.17,25.83,31.17,1005.2,92.42,0.08),('2021-07-19',28.28,26.06,30.83,1006,89.69,0.14),('2021-07-20',27.72,25.83,30.17,1006.5,90.11,0.15),('2021-07-21',25.44,24.67,26.17,1006.2,95,2.4),('2021-07-22',25.11,24.17,26.06,1004.2,96.15,3.9),('2021-07-23',24.67,24.06,25.17,1003.4,96.5,3.58),('2021-07-24',25.28,24.67,26.17,1004.8,95.43,0.98),('2021-07-25',27.33,24.56,31.17,1006.2,90.37,0.35),('2021-07-26',29.61,26.17,33.56,1004.4,84.98,0),('2021-07-27',28.78,26.56,31.67,1002.9,86.45,0.04),('2021-07-28',27.5,25.83,28.83,1004.3,90.93,0.39),('2021-07-29',27.78,26.06,30.06,1006.4,89.51,0.21),('2021-07-30',29.11,26.67,31.56,1007.6,90.01,0.02),('2021-07-31',28.83,26.83,31.33,1007.3,86.84,0),('2021-08-01',30.06,27.17,33.06,1005.5,78.9,0),('2021-08-02',30.06,27.83,33.17,1005.1,79.05,0),('2021-08-03',28.78,27.67,30.83,1005.4,86.95,0),('2021-08-04',28.78,26.83,31.17,1006.6,87.91,0.05),('2021-08-05',29.33,26.83,32.83,1007.3,85.17,0),('2021-08-06',29.67,27.67,32.06,1008.2,84.28,0),('2021-08-07',30.06,27.06,33.17,1009.1,78.96,0),('2021-08-08',29.22,25.33,32.17,1010.3,82.61,0),('2021-08-09',28.72,25.83,32.83,1009.4,86.08,0),('2021-08-10',27.11,25.67,30.06,1009.6,89.44,0.02),('2021-08-11',27.83,24.83,32.06,1011.9,88.79,0.02),('2021-08-12',27.56,24.83,30.17,1012.2,90.09,0),('2021-08-13',28.61,25.83,31.06,1010.1,86.5,0),('2021-08-14',28.11,26.06,31.83,1009.7,86.12,0.47),('2021-08-15',26.61,25.06,29.06,1011.5,93.15,0.24),('2021-08-16',27.89,24.33,31.17,1012.3,86.86,0),('2021-08-17',28,25.33,31.83,1010.9,88.98,0),('2021-08-18',27.67,25.06,30.56,1008.9,89.7,0),('2021-08-19',27.78,25.33,31.17,1008.8,89.87,0),('2021-08-20',28.72,25.67,32.33,1009.6,86.78,0),('2021-08-21',27.94,25.33,30.17,1009.4,90.15,0),('2021-08-22',27.89,25.06,30.67,1009.1,89.63,0.59),('2021-08-23',27.33,25.56,30.56,1009.5,90.94,0.43),('2021-08-24',26.33,25.33,27.83,1009.9,94.49,0.16),('2021-08-25',27.72,24.33,31.17,1009.8,87.68,0.17),('2021-08-26',25.5,23.17,27.33,1009.7,91.91,1.97),('2021-08-27',26,23.33,29.33,1009.4,93.62,0.49),('2021-08-28',27.72,25.06,30.67,1008.6,90.22,0.22),('2021-08-29',27,25.17,29.83,1009.1,90.23,0.46),('2021-08-30',26.94,25.17,30.56,1009.9,91.79,0.04),('2021-08-31',27.5,24.33,30.33,1010.2,89.6,0.01),('2021-09-01',27.22,25.67,29.67,1010,89.35,0.13),('2021-09-02',27.06,24.83,30.33,1009.3,90.91,0.08),('2021-09-03',27.61,24.83,30.56,1008.4,90.69,0.12),('2021-09-04',28.28,25.67,31.83,1009,88.55,0),('2021-09-05',28,25.17,31.33,1009.2,88.9,0),('2021-09-06',27.72,25.06,31.17,1009.3,89.92,0.69),('2021-09-07',27.06,24.33,31.33,1007.6,91.95,0.39),('2021-09-08',25.44,24.17,26.56,1003.3,96.8,2.52),('2021-09-09',27.44,24.33,31.17,1006.7,88.27,0),('2021-09-10',26.94,25.17,29.83,1007.2,90.79,1.57),('2021-09-11',26.39,24.67,29.33,1008.1,93.11,1.05),('2021-09-12',27.44,25.67,30.17,1007.9,89.03,0),('2021-09-13',27.72,25.67,30.56,1010.1,86,0),('2021-09-14',27.94,25.17,30.56,1012.1,89.26,0.12),('2021-09-15',28.06,25.33,30.67,1011.4,90.66,0.02),('2021-09-16',27.67,24.83,31.17,1009.8,86.56,0.35),('2021-09-17',26.94,24.33,29.83,1008.6,90.65,0.76),('2021-09-18',28.17,25.06,31.33,1009.3,85.87,0),('2021-09-19',25.56,24.67,26.67,1010.5,95.08,1.57),('2021-09-20',26.94,24.17,30.06,1009.7,91.2,0.01),('2021-09-21',27.56,25.33,29.83,1008.9,89.05,0.83),('2021-09-22',27.83,25.83,31.33,1010.1,86.04,0),('2021-09-23',28,25.67,30.67,1011.7,86.29,0),('2021-09-24',27.67,25.56,30.17,1010.9,86.69,0),('2021-09-25',27.67,25.06,30.67,1009.2,87.7,0.04),('2021-09-26',28.89,26.06,31.56,1008.2,88.05,0),('2021-09-27',28.39,26.56,30.33,1007.7,86.85,0),('2021-09-28',28.78,26.06,32.83,1007.5,84.21,1.18),('2021-09-29',27.33,25.67,31.83,1007.5,90.15,0.02),('2021-09-30',27.83,25.06,31.17,1008.4,90.11,0),('2021-10-01',28,25.83,31.83,1009.2,85.65,0),('2021-10-02',27.83,25.56,31.56,1009.3,88.05,0.02),('2021-10-03',27.72,24.83,31.06,1008.6,88.83,3.89),('2021-10-04',27.17,25.56,29.83,1007.3,88.38,0.14),('2021-10-05',26.72,25.83,28.56,1005.5,92.71,0.61),('2021-10-06',27.5,25.17,30.17,1007,91.26,0.02),('2021-10-07',28.28,25.67,31.06,1006.9,89.5,0.02),('2021-10-08',28.33,26.33,30.33,1007.6,88.06,0),('2021-10-09',28.11,26.06,30.33,1006.8,89.48,0),('2021-10-10',28.11,26.06,30.33,1003.1,87.44,0),('2021-10-11',28.78,26.17,31.83,998.5,87.08,0),('2021-10-12',27.39,26.06,28.33,1000.7,89.28,0.17),('2021-10-13',26.94,25.33,29.33,1006.6,89.77,0.57),('2021-10-14',27.17,25.06,30.06,1007.9,91.89,0.05),('2021-10-15',27.5,25.56,29.83,1006.3,90.27,0),('2021-10-16',26.89,25.67,30.06,1008.7,90.52,0.5),('2021-10-17',26.83,25.17,29.83,1010.9,92.75,1.06),('2021-10-18',28.11,26.06,30.33,1012.4,86.62,0.27),('2021-10-19',27.83,26.17,31.17,1013.7,86.15,0.28),('2021-10-20',28,26.67,30.17,1013.3,88.64,0.2),('2021-10-21',27.89,26.17,30.33,1012.3,87.53,0),('2021-10-22',28.44,26.06,31.17,1011.9,81.51,0),('2021-10-23',27.06,25.17,29.33,1011.7,90.17,0.51),('2021-10-24',26.67,25.33,28.67,1011,92.94,1.02),('2021-10-25',25.61,25.17,26.17,1010.6,95.92,1.69),('2021-10-26',26.72,25.06,29.83,1011.6,91.94,0.15),('2021-10-27',26.89,24.33,29.17,1012.3,90.96,0.55),('2021-10-28',27.39,25.67,29.67,1012.5,87.51,0),('2021-10-29',26.83,25.17,28.33,1014.1,91.61,0.08),('2021-10-30',28.17,26.56,30.06,1014.2,86.07,0.01),('2021-10-31',28.28,26.33,30.33,1013.9,87.14,0),('2021-11-01',27.83,26.06,30.06,1013.3,87.11,0.47),('2021-11-02',28.06,25.67,30.33,1012.3,83.43,0.31),('2021-11-03',27.78,26.33,30.33,1011.7,84.35,0),('2021-11-04',27.44,26.17,28.56,1011.1,91.16,0.02),('2021-11-05',27.22,25.17,29.06,1009.1,90.47,0.27),('2021-11-06',28.11,25.67,30.17,1008.7,87.2,0),('2021-11-07',27.94,26.17,30.17,1009.2,90.24,0.04),('2021-11-08',28.17,26.83,30.17,1009.9,88.88,0),('2021-11-09',28.44,26.67,30.67,1011,83.24,0),('2021-11-10',28.28,27.06,30.17,1011.6,87.1,0),('2021-11-11',28,26.33,30.33,1010.9,88.69,0),('2021-11-12',28.11,26.06,30.33,1011.6,84.78,0),('2021-11-13',28.06,26.83,30.33,1011,87.42,0.01),('2021-11-14',28.44,26.67,30.67,1010.9,86.46,0),('2021-11-15',28.78,26.83,31.33,1010.1,83.43,0),('2021-11-16',28.22,27.17,30.17,1009.9,88.73,0),('2021-11-17',28,26.83,30.33,1010.3,90.33,0),('2021-11-18',28.44,26.17,31.33,1008.4,83.38,0),('2021-11-19',27.78,25.83,30.56,1007.5,87.2,0),('2021-11-20',27.44,26.17,29.67,1008.3,89.23,0.27),('2021-11-21',27.78,26.06,30.06,1010,87.83,0.39),('2021-11-22',28.5,27.06,31.06,1010.9,88.52,0),('2021-11-23',28.39,27.06,30.67,1010.9,88.16,0.09),('2021-11-24',27.5,25.67,29.83,1011.3,90.89,0.32),('2021-11-25',27.94,25.17,30.67,1010.5,89.56,1.67),('2021-11-26',28.11,26.67,30.83,1010.4,86.43,0.24),('2021-11-27',28.56,26.33,30.83,1010.5,84.65,0.22),('2021-11-28',28,27.06,29.33,1010.5,88.83,0),('2021-11-29',27.83,26.33,30.17,1009.6,89.4,0.03),('2021-11-30',28.39,26.33,31.06,1009,86.36,0),('2021-12-01',26.5,25.56,27.83,1009.8,91.63,0.05),('2021-12-02',27.28,25.67,28.83,1011.4,85.34,0),('2021-12-03',26.28,24.67,27.33,1013.4,80.57,0.12),('2021-12-04',24.78,23.06,27.17,1013.8,91.5,0.28),('2021-12-05',26.56,24.06,29.17,1013.1,87.95,0.31),('2021-12-06',25.89,23.33,27.67,1011.6,84.49,0.35),('2021-12-07',26.11,25.33,28.06,1012.7,86.58,0.16),('2021-12-08',26.06,24.06,28.33,1014.4,90.68,0.02),('2021-12-09',26.28,25.33,27.17,1014.5,83.41,0),('2021-12-10',26.28,25.33,27.17,1013.4,88.19,0),('2021-12-11',26.33,25.56,27.67,1013.3,91.53,0.14),('2021-12-12',26.06,25.17,27.06,1012.7,90.76,0.82),('2021-12-13',25.39,24.83,25.83,1012,92.17,0.17),('2021-12-14',26.11,24.06,28.33,1012.8,90.91,0.06),('2021-12-15',26.06,24.67,28.17,1011.3,88.36,0.09),('2021-12-16',26.22,24.67,27.83,1009.1,92.32,0.16),('2021-12-17',26.11,24.67,28.17,1006.5,94,0.71),('2021-12-18',26.78,24.83,29.83,1009.2,92.07,1.54),('2021-12-21',28.11,26.33,30.33,1012.9,85.81,0),('2021-12-22',27.17,25.33,29.83,1012.5,91.36,0),('2021-12-23',28.06,26.17,30.17,1012.1,88.5,0.2),('2021-12-24',27.83,25.67,30.06,1012.3,85.12,0),('2021-12-25',27.22,26.17,29.06,1013.5,89.61,0),('2021-12-26',27.17,25.17,29.33,1014.4,89.78,1.54),('2021-12-27',25.5,24.83,26.17,1015.3,89.76,0.04),('2021-12-28',25,23.83,25.83,1016.3,92.59,0.33),('2021-12-29',25.78,24.06,28.33,1016.3,91.31,0.06),('2021-12-30',25.94,24.83,27.83,1016.9,86.52,0.03),('2021-12-31',25.61,24.17,28.06,1017,89.33,0.02),('2022-01-01',26.11,24.06,28.33,1016.4,88.43,0.04),('2022-01-02',25.17,24.33,26.67,1016,85.04,0.16),('2022-01-03',25.72,24.06,27.83,1015.1,90.47,0.08),('2022-01-04',26.11,25.06,27.83,1014.9,88.79,0),('2022-01-05',26.89,24.67,29.67,1014.3,79.19,0),('2022-01-06',26.06,24.67,28.56,1014.4,88.33,0),('2022-01-07',26.5,24.17,28.83,1014.7,91.41,0),('2022-01-08',26.83,25.17,29.17,1013.4,85.98,0),('2022-01-09',26.67,25.17,28.83,1012.2,90.01,0),('2022-01-10',26,23.22,29.33,1012.3,89,0),('2022-01-11',25.28,21.22,31.17,1012.7,81.9,0.02),('2022-01-12',24.39,22.56,28.06,1013.8,85.8,0.27),('2022-01-13',24.22,21.94,29.33,1014.5,90,0.52),('2022-01-14',23.72,20.67,27.06,1015.1,81.3,0.12),('2022-01-15',23.83,21.22,28.17,1015.5,77.9,0.05),('2022-01-16',24.28,21.17,28.56,1015.6,83,0.16),('2022-01-17',24.06,20.83,29.06,1015.2,78.6,0.09),('2022-01-18',23.94,21.44,28.06,1013.7,79.9,0.05),('2022-01-19',23.89,21.94,28.17,1011.2,89.7,0.45),('2022-01-20',23.28,22.28,26.33,1011.2,91.6,1),('2022-01-21',24.72,22.44,28.56,1011.4,87.4,0.27),('2022-01-22',25.06,21.44,29.33,1011.2,82.2,0.14),('2022-01-23',25.33,22.44,28.83,1010.8,83.4,0.29),('2022-01-24',25.44,22.83,29.17,1010.5,85.3,0.04),('2022-01-25',25.22,23.06,29.33,1010.7,85.3,0.03),('2022-01-26',25.06,23.67,28.33,1010,93,1.33),('2022-01-27',25.61,22.83,28.67,1010.2,88.3,0.66),('2022-01-28',25.56,22.72,29.06,1010.9,85.7,1.14),('2022-01-29',25.56,22.06,30.06,1010.1,85.7,0.34),('2022-01-30',25.72,22.28,31.06,1010.2,87.4,0.1),('2022-01-31',24.61,22.33,28.17,1012.8,90.3,1.14),('2022-02-01',24.56,22.28,28.83,1013.8,90.5,0.75),('2022-02-02',23.72,22.56,26.17,1014,91.7,0.53),('2022-02-03',24.17,22.44,26.83,1013.1,92.1,0.8),('2022-02-04',24.11,22.28,28.17,1013,90.8,0.91),('2022-02-05',24.06,22.17,28.67,1014,87.2,0.73),('2022-02-06',24.44,21.72,27.67,1014.4,84.8,0.39),('2022-02-07',24.89,22.33,30.06,1013.3,87.8,0.17),('2022-02-08',25.17,22.94,29.17,1013.1,87.7,0.5),('2022-02-09',25.44,22.67,29.17,1013.5,81.4,0.13),('2022-02-10',25.06,22.28,28.33,1012.5,85.1,0.13),('2022-02-11',25,21.83,29.17,1012,83.4,0.06),('2022-02-12',24.39,23.06,28.83,1010.9,92.1,0.94),('2022-02-13',25.22,21.72,28.83,1009.9,85,0.34),('2022-02-14',25.61,22.44,29.22,1010.5,82.3,0),('2022-02-15',25.67,22.67,29.67,1010.8,81.8,0.03),('2022-02-16',25,21.44,28.83,1010.2,85.4,0.09),('2022-02-17',25.5,22.33,29.83,1010,82.8,0.15),('2022-02-18',25.56,22.56,29.17,1011.1,82.1,0.05),('2022-02-19',26.06,23.44,30.06,1011,85.2,0.55),('2022-02-20',25.39,23.06,29.67,1011.2,87.3,0.29),('2022-02-21',24.94,22.33,29.06,1012.6,88,0.28),('2022-02-22',24.44,22.56,28.33,1013.3,91.8,2.76),('2022-02-23',25.11,22.44,28.06,1014.7,87.4,0.48),('2022-02-24',25,22.17,29.33,1015.2,88,0.51),('2022-02-25',25.11,21.94,29.67,1015.5,84.7,0.35),('2022-02-26',24.44,21.83,28.83,1014.7,89.5,0.81),('2022-02-27',25.22,21.67,29.56,1014.3,84.8,0.25),('2022-02-28',25,22.33,28.83,1014.4,87.5,0.22),('2022-03-01',24.83,22.67,29.33,1014,86.9,0.25),('2022-03-02',25.17,22.56,28.56,1013.2,88.9,0.28),('2022-03-03',25.61,22.83,30.06,1012.6,88.6,0.65),('2022-03-04',26,22.72,30.17,1012,84.6,0.05),('2022-03-05',25.72,22.44,29.17,1010.9,85.7,0.03),('2022-03-06',25.78,23.56,29.17,1011.6,82.9,0.07),('2022-03-07',25.28,22.72,29.17,1010.9,82,0.02),('2022-03-08',25.44,21.67,29.17,1009.7,81.4,0.23),('2022-03-09',24.89,23.56,28.83,1011,88.1,0.49),('2022-03-10',24.06,23.33,26.06,1010.8,90.6,0.57),('2022-03-11',26.11,23.44,29.83,1008.1,85.3,0.75),('2022-03-12',26.5,22.83,30.67,1008.6,84,0.09),('2022-03-13',26.44,23.22,29.94,1009,86.1,0.14),('2022-03-14',26.33,23.33,30.56,1009.1,87.2,0.5),('2022-03-15',26.39,23.33,29.83,1007.7,85.8,0.36),('2022-03-16',26.83,23.83,31.22,1008.1,83.9,0.36),('2022-03-17',26.28,23.72,30.33,1008.7,85.9,0.41),('2022-03-18',26.89,23.56,30.94,1007.7,80.1,0.03),('2022-03-19',27,23.06,31.56,1007.8,78,0.03),('2022-03-20',27.44,24.22,31.67,1010.3,81.1,1.17),('2022-03-21',27.39,23.83,31.44,1011.9,79.9,0.14),('2022-03-22',27.33,24.06,31.22,1012.1,81.3,0.07),('2022-03-23',27.33,24.33,31.67,1011.1,82.4,0.02),('2022-03-24',27.22,23.94,31.67,1011.6,78.6,0.01),('2022-03-25',27.11,22.67,31.33,1012.1,78.2,0.03),('2022-03-26',27.67,24.33,31.56,1012.1,78.3,0.02),('2022-03-27',27.06,23.67,31.06,1011.7,80.8,0.13),('2022-03-28',26.83,23.44,31.67,1011.4,81.3,0.27),('2022-03-29',26.83,22.94,31.83,1011.5,79.4,0.13),('2022-03-30',26.83,23.33,30.67,1011.9,77.1,0.14),('2022-03-31',26.83,23.44,31.06,1012.1,80.8,0.38),('2022-04-01',26.67,23.56,30.83,1012.1,83.7,0.42),('2022-04-02',26.72,23.06,30.56,1012.1,77.1,0.05),('2022-04-03',26.28,23.06,30.06,1012,80.2,0.13),('2022-04-04',26.28,22.56,30.67,1012.9,81,0.19),('2022-04-05',25.22,23.56,30.83,1012.4,92.6,1.98),('2022-04-06',25.67,23.22,29.83,1011,89.4,0.63),('2022-04-07',25.22,22.67,30.17,1009.4,90.8,1.34),('2022-04-08',25.61,22.67,30.33,1008.4,86.2,0.26),('2022-04-09',25.94,22.72,30.33,1008.3,83.4,0.28),('2022-04-10',25.11,22.72,29.33,1008.4,86.8,0.7),('2022-04-11',25.17,22.72,29.44,1007.3,86,0.45),('2022-04-12',24,21.94,27.33,1007,88.4,0.31),('2022-04-13',25.83,22.44,30.17,1006.6,82.1,0.08),('2022-04-14',26.28,22.17,32.17,1007.1,84.3,0.2),('2022-04-15',26.56,22.56,31.33,1008.4,82.1,0.02),('2022-04-16',26.39,23.06,30.33,1009.2,83.3,2.21),('2022-04-17',24.94,23.06,27.56,1011,88.1,0.81),('2022-04-18',25.5,23.22,29.44,1011.9,83.7,0.46),('2022-04-19',25.83,22.67,30.06,1011.7,76.3,0.02),('2022-04-20',26.17,23.56,30.06,1011.1,83.2,0.31),('2022-04-21',26.56,23.67,31.06,1011,82.6,0.23),('2022-04-22',26.72,23.72,31.33,1011.1,79.9,0.08),('2022-04-23',26.83,23.94,30.72,1010.5,78.5,0.09),('2022-04-24',26.78,23.67,31.06,1009.2,80.9,0.33),('2022-04-25',27.11,23.72,31.72,1008.6,78.9,0.21),('2022-04-26',27.8,21.73,35.85,1009.44,77.07,0.04),('2022-04-27',27.7,22.58,34.25,1009.37,77,0.08),('2022-04-28',27.76,22.78,33.35,1009.46,78.63,0.17),('2022-04-29',27.73,22.58,33,1009.5,79.71,0.13),('2022-04-30',27.83,22.4,33.85,1009.46,78.59,0.06),('2022-05-01',28.3,23.25,34.15,1009.07,78.35,0.04),('2022-05-02',28.25,23.36,34.15,1009.06,79.12,0.06),('2022-05-03',28.36,24.47,34.15,1008.99,80.38,0.1),('2022-05-04',28.21,23.22,34.06,1009.29,81.07,0.09),('2022-05-05',28.75,24,33.45,1009.39,78.67,0.07),('2022-05-06',28.64,24.03,33.72,1009.03,79.08,0.06),('2022-05-07',28.75,22.35,33.58,1008.68,77.63,0.05),('2022-05-08',28.66,23.37,33.46,1008.32,78.44,0.12),('2022-05-09',28.45,23.45,33.85,1008.53,80.99,0.13),('2022-05-10',28.42,24.05,34.25,1008.88,79.52,0.04),('2022-05-11',28.55,23.77,33.75,1008.73,79.56,0.08),('2022-05-12',28.42,23.48,34.65,1008.83,80.29,0.09);
/*!40000 ALTER TABLE `weather_data_table` ENABLE KEYS */;
UNLOCK TABLES;

--
-- Table structure for table `weather_disease`
--

DROP TABLE IF EXISTS `weather_disease`;
/*!40101 SET @saved_cs_client     = @@character_set_client */;
/*!50503 SET character_set_client = utf8mb4 */;
CREATE TABLE `weather_disease` (
  `weather_disease_id` int NOT NULL AUTO_INCREMENT,
  `weather_id` int NOT NULL,
  `disease_id` int NOT NULL,
  PRIMARY KEY (`weather_disease_id`),
  KEY `fk_weather_table_has_disease_table_disease_table1_idx` (`disease_id`),
  KEY `fk_weather_table_has_disease_table_weather_table1_idx` (`weather_id`),
  CONSTRAINT `fk_weather_table_has_disease_table_disease_table1` FOREIGN KEY (`disease_id`) REFERENCES `disease_table` (`disease_id`),
  CONSTRAINT `fk_weather_table_has_disease_table_weather_table1` FOREIGN KEY (`weather_id`) REFERENCES `weather_table` (`weather_id`)
) ENGINE=InnoDB AUTO_INCREMENT=23 DEFAULT CHARSET=utf8mb4 COLLATE=utf8mb4_0900_ai_ci;
/*!40101 SET character_set_client = @saved_cs_client */;

--
-- Dumping data for table `weather_disease`
--

LOCK TABLES `weather_disease` WRITE;
/*!40000 ALTER TABLE `weather_disease` DISABLE KEYS */;
INSERT INTO `weather_disease` VALUES (4,4,1),(5,7,1),(6,4,2),(7,5,2),(8,4,3),(9,6,3),(10,7,3),(15,4,5),(16,5,5),(18,5,4),(19,4,4),(20,4,6),(21,6,7),(22,4,7);
/*!40000 ALTER TABLE `weather_disease` ENABLE KEYS */;
UNLOCK TABLES;

--
-- Table structure for table `weather_forecast_table`
--

DROP TABLE IF EXISTS `weather_forecast_table`;
/*!40101 SET @saved_cs_client     = @@character_set_client */;
/*!50503 SET character_set_client = utf8mb4 */;
CREATE TABLE `weather_forecast_table` (
  `forecast_id` int NOT NULL AUTO_INCREMENT,
  `date` date NOT NULL,
  `time` varchar(10) DEFAULT NULL,
  `weather_id` int NOT NULL,
  `desc` varchar(45) DEFAULT NULL,
  `humidity` float NOT NULL,
  `max_temp` float NOT NULL,
  `min_temp` float NOT NULL,
  `name` varchar(45) DEFAULT NULL,
  `pressure` float NOT NULL,
  `rainfall` float NOT NULL,
  `time_uploaded` int NOT NULL,
  `icon` tinytext,
  PRIMARY KEY (`forecast_id`),
  UNIQUE KEY `forecast_id_UNIQUE` (`forecast_id`)
) ENGINE=InnoDB AUTO_INCREMENT=1078 DEFAULT CHARSET=utf8mb4 COLLATE=utf8mb4_0900_ai_ci;
/*!40101 SET character_set_client = @saved_cs_client */;

--
-- Dumping data for table `weather_forecast_table`
--

LOCK TABLES `weather_forecast_table` WRITE;
/*!40000 ALTER TABLE `weather_forecast_table` DISABLE KEYS */;
INSERT INTO `weather_forecast_table` VALUES (1048,'2022-05-12',NULL,500,'light rain',60,32.22,27.44,NULL,1007,1.36,18,'10d'),(1049,'2022-05-13',NULL,500,'light rain',58,32.92,27.52,NULL,1007,3.82,18,'10d'),(1050,'2022-05-14',NULL,500,'light rain',59,32.96,27.52,NULL,1006,12.83,18,'10d'),(1051,'2022-05-15',NULL,501,'moderate rain',70,30.28,27.41,NULL,1008,20.64,18,'10d'),(1052,'2022-05-16',NULL,500,'light rain',76,28.97,27.26,NULL,1007,7.88,18,'10d'),(1053,'2022-05-17',NULL,500,'light rain',86,27.9,26.86,NULL,1007,10.66,18,'10d'),(1054,'2022-05-18',NULL,501,'moderate rain',83,28.82,26.37,NULL,1006,9.11,18,'10d'),(1055,'2022-05-19',NULL,501,'moderate rain',73,30.44,26.37,NULL,1005,15.06,18,'10d'),(1056,'2022-05-20',NULL,501,'moderate rain',87,28.62,27.21,NULL,1004,16.91,18,'10d'),(1057,'2022-05-21',NULL,501,'moderate rain',90,27.66,26.63,NULL,1004,41.08,18,'10d'),(1058,'2022-05-22',NULL,501,'moderate rain',90,28.15,26.63,NULL,1004,30.65,18,'10d'),(1059,'2022-05-23',NULL,500,'light rain',79,29.38,27.09,NULL,1002,2.89,18,'10d'),(1060,'2022-05-24',NULL,500,'light rain',86,28.17,26.68,NULL,1001,8.91,18,'10d'),(1061,'2022-05-25',NULL,500,'light rain',86,28.41,26.68,NULL,1003,12.1,18,'10d'),(1062,'2022-05-26',NULL,501,'moderate rain',90,27.42,26.54,NULL,1005,19.29,18,'10d'),(1063,'2022-05-27',NULL,501,'moderate rain',91,27.3,26.54,NULL,1004,28.36,18,'10d'),(1064,'2022-05-28',NULL,501,'moderate rain',89,27.69,26.61,NULL,1005,21.07,18,'10d'),(1065,'2022-05-29',NULL,500,'light rain',87,27.4,26.61,NULL,1006,8.15,18,'10d'),(1066,'2022-05-30',NULL,500,'light rain',77,28.77,26.7,NULL,1007,2.51,18,'10d'),(1067,'2022-05-31',NULL,500,'light rain',77,28.25,26.32,NULL,1006,4.34,18,'10d'),(1068,'2022-06-01',NULL,500,'light rain',82,28.17,26.32,NULL,1006,7.71,18,'10d'),(1069,'2022-06-02',NULL,500,'light rain',82,28.13,26.58,NULL,1006,4.43,18,'10d'),(1070,'2022-06-03',NULL,500,'light rain',85,27.81,26.63,NULL,1006,3.56,18,'10d'),(1071,'2022-06-04',NULL,500,'light rain',84,28.21,26.57,NULL,1006,5.99,18,'10d'),(1072,'2022-06-05',NULL,500,'light rain',75,29.42,26.57,NULL,1006,3.93,18,'10d'),(1073,'2022-06-06',NULL,500,'light rain',76,29.32,26.34,NULL,1007,5.56,18,'10d'),(1074,'2022-06-07',NULL,501,'moderate rain',83,28.21,26.34,NULL,1008,11.56,18,'10d'),(1075,'2022-06-08',NULL,500,'light rain',78,28.7,26.07,NULL,1006,6.74,18,'10d'),(1076,'2022-06-09',NULL,500,'light rain',79,28.51,26.07,NULL,1006,13.7,18,'10d'),(1077,'2022-06-10',NULL,500,'light rain',85,27.43,26.37,NULL,1006,8.43,18,'10d');
/*!40000 ALTER TABLE `weather_forecast_table` ENABLE KEYS */;
UNLOCK TABLES;

--
-- Table structure for table `weather_pest`
--

DROP TABLE IF EXISTS `weather_pest`;
/*!40101 SET @saved_cs_client     = @@character_set_client */;
/*!50503 SET character_set_client = utf8mb4 */;
CREATE TABLE `weather_pest` (
  `weather_pest_id` int NOT NULL AUTO_INCREMENT,
  `weather_id` int NOT NULL,
  `pest_id` int NOT NULL,
  PRIMARY KEY (`weather_pest_id`),
  KEY `fk_weather_table_has_pest_table_pest_table1_idx` (`pest_id`),
  KEY `fk_weather_table_has_pest_table_weather_table1_idx` (`weather_id`),
  CONSTRAINT `fk_weather_table_has_pest_table_pest_table1` FOREIGN KEY (`pest_id`) REFERENCES `pest_table` (`pest_id`),
  CONSTRAINT `fk_weather_table_has_pest_table_weather_table1` FOREIGN KEY (`weather_id`) REFERENCES `weather_table` (`weather_id`)
) ENGINE=InnoDB AUTO_INCREMENT=23 DEFAULT CHARSET=utf8mb4 COLLATE=utf8mb4_0900_ai_ci;
/*!40101 SET character_set_client = @saved_cs_client */;

--
-- Dumping data for table `weather_pest`
--

LOCK TABLES `weather_pest` WRITE;
/*!40000 ALTER TABLE `weather_pest` DISABLE KEYS */;
INSERT INTO `weather_pest` VALUES (4,5,1),(5,4,2),(6,6,2),(7,4,3),(8,4,4),(9,5,5),(10,7,5),(11,4,6),(12,6,6),(13,4,7),(14,6,7),(15,7,7),(16,4,8),(17,6,8),(18,4,9),(19,6,9),(22,4,10);
/*!40000 ALTER TABLE `weather_pest` ENABLE KEYS */;
UNLOCK TABLES;

--
-- Table structure for table `weather_table`
--

DROP TABLE IF EXISTS `weather_table`;
/*!40101 SET @saved_cs_client     = @@character_set_client */;
/*!50503 SET character_set_client = utf8mb4 */;
CREATE TABLE `weather_table` (
  `weather_id` int NOT NULL AUTO_INCREMENT,
  `weather` varchar(45) NOT NULL,
  `weather_desc` tinytext,
  `min_temp` float DEFAULT NULL,
  `max_temp` float DEFAULT NULL,
  `precipitation` float DEFAULT NULL,
  `soil_moisture` float DEFAULT NULL,
  `humidity` float DEFAULT NULL,
  PRIMARY KEY (`weather_id`)
) ENGINE=InnoDB AUTO_INCREMENT=8 DEFAULT CHARSET=utf8mb4 COLLATE=utf8mb4_0900_ai_ci;
/*!40101 SET character_set_client = @saved_cs_client */;

--
-- Dumping data for table `weather_table`
--

LOCK TABLES `weather_table` WRITE;
/*!40000 ALTER TABLE `weather_table` DISABLE KEYS */;
INSERT INTO `weather_table` VALUES (4,'Rainy','High rainfall, strong winds and high humidity',21,28,80,80,80),(5,'Sunny','Hot and sunny day',30,40,0,40,60),(6,'Cloudy','Cloudy day with little to no rain',25,35,20,60,70),(7,'Windy','High winds and humid air',23,30,10,60,50);
/*!40000 ALTER TABLE `weather_table` ENABLE KEYS */;
UNLOCK TABLES;

--
-- Table structure for table `wo_resources_table`
--

DROP TABLE IF EXISTS `wo_resources_table`;
/*!40101 SET @saved_cs_client     = @@character_set_client */;
/*!50503 SET character_set_client = utf8mb4 */;
CREATE TABLE `wo_resources_table` (
  `wo_resources_id` int NOT NULL AUTO_INCREMENT,
  `work_order_id` int NOT NULL,
  `type` enum('Pesticide','Fertilizer','Seed','Others') NOT NULL,
  `units` varchar(20) DEFAULT NULL,
  `qty` float NOT NULL,
  `item_id` int DEFAULT NULL,
  PRIMARY KEY (`wo_resources_id`),
  UNIQUE KEY `wo_resources_id_UNIQUE` (`wo_resources_id`),
  KEY `wo_ref_id_idx` (`work_order_id`),
  CONSTRAINT `wo_ref_id` FOREIGN KEY (`work_order_id`) REFERENCES `work_order_table` (`work_order_id`)
) ENGINE=InnoDB AUTO_INCREMENT=697 DEFAULT CHARSET=utf8mb4 COLLATE=utf8mb4_0900_ai_ci;
/*!40101 SET character_set_client = @saved_cs_client */;

--
-- Dumping data for table `wo_resources_table`
--

LOCK TABLES `wo_resources_table` WRITE;
/*!40000 ALTER TABLE `wo_resources_table` DISABLE KEYS */;
INSERT INTO `wo_resources_table` VALUES (284,729,'Seed',NULL,3,4),(285,732,'Seed',NULL,3,4),(286,735,'Seed',NULL,3,4),(287,738,'Seed',NULL,3,4),(288,740,'Fertilizer',NULL,8,1),(289,741,'Fertilizer',NULL,8,2),(290,742,'Fertilizer',NULL,8,7),(291,743,'Fertilizer',NULL,8,1),(292,744,'Fertilizer',NULL,8,2),(293,745,'Fertilizer',NULL,8,7),(329,747,'Seed',NULL,3,4),(330,765,'Seed',NULL,3,4),(331,756,'Seed',NULL,3,4),(332,783,'Seed',NULL,3,8),(333,774,'Seed',NULL,6,8),(344,760,'Fertilizer',NULL,8,7),(346,750,'Fertilizer',NULL,8,2),(347,751,'Fertilizer',NULL,8,7),(348,769,'Fertilizer',NULL,10,7),(350,768,'Fertilizer',NULL,10,2),(353,759,'Fertilizer',NULL,8,2),(354,786,'Fertilizer',NULL,10,2),(356,778,'Fertilizer',NULL,18,7),(357,777,'Fertilizer',NULL,18,2),(358,787,'Fertilizer',NULL,10,7),(359,793,'Pesticide',NULL,3,6),(360,791,'Pesticide',NULL,3,6),(361,794,'Pesticide',NULL,3,6),(362,795,'Pesticide',NULL,3,6),(363,792,'Pesticide',NULL,3,6),(364,752,'Fertilizer',NULL,8,1),(365,762,'Fertilizer',NULL,8,2),(366,763,'Fertilizer',NULL,8,7),(367,753,'Fertilizer',NULL,8,2),(368,754,'Fertilizer',NULL,8,7),(369,770,'Fertilizer',NULL,10,1),(370,761,'Fertilizer',NULL,8,1),(371,772,'Fertilizer',NULL,10,7),(372,771,'Fertilizer',NULL,10,2),(373,781,'Fertilizer',NULL,18,7),(374,780,'Fertilizer',NULL,18,2),(375,779,'Fertilizer',NULL,18,1),(376,788,'Fertilizer',NULL,10,1),(377,789,'Fertilizer',NULL,10,2),(378,790,'Fertilizer',NULL,10,7),(448,842,'Seed',NULL,3,4),(450,833,'Seed',NULL,3,7),(451,851,'Seed',NULL,3,7),(453,860,'Seed',NULL,6,8),(454,869,'Seed',NULL,3,8),(460,837,'Fertilizer',NULL,8,7),(462,845,'Fertilizer',NULL,8,2),(463,846,'Fertilizer',NULL,8,7),(465,854,'Fertilizer',NULL,10,2),(466,855,'Fertilizer',NULL,10,7),(467,836,'Fertilizer',NULL,8,2),(469,872,'Fertilizer',NULL,10,2),(470,873,'Fertilizer',NULL,10,7),(473,864,'Fertilizer',NULL,18,7),(474,863,'Fertilizer',NULL,18,2),(475,877,'Pesticide',NULL,3,6),(476,878,'Pesticide',NULL,3,6),(477,879,'Pesticide',NULL,3,6),(478,880,'Pesticide',NULL,3,6),(479,881,'Pesticide',NULL,3,6),(480,856,'Fertilizer',NULL,10,1),(481,848,'Fertilizer',NULL,8,2),(482,847,'Fertilizer',NULL,8,1),(483,840,'Fertilizer',NULL,8,7),(484,839,'Fertilizer',NULL,8,2),(485,838,'Fertilizer',NULL,8,1),(486,857,'Fertilizer',NULL,10,2),(487,849,'Fertilizer',NULL,8,7),(488,858,'Fertilizer',NULL,10,7),(489,867,'Fertilizer',NULL,18,7),(490,875,'Fertilizer',NULL,10,2),(491,866,'Fertilizer',NULL,18,2),(492,865,'Fertilizer',NULL,18,1),(493,876,'Fertilizer',NULL,10,7),(494,874,'Fertilizer',NULL,10,1),(497,767,'Fertilizer',NULL,10,1),(498,758,'Fertilizer',NULL,8,1),(499,776,'Fertilizer',NULL,18,1),(500,785,'Fertilizer',NULL,10,1),(501,844,'Fertilizer',NULL,8,1),(502,853,'Fertilizer',NULL,10,1),(503,835,'Fertilizer',NULL,8,1),(504,862,'Fertilizer',NULL,18,1),(505,871,'Fertilizer',NULL,10,1),(506,749,'Fertilizer',NULL,8,1),(514,892,'Seed',NULL,3,7),(516,895,'Fertilizer',NULL,8,2),(517,896,'Fertilizer',NULL,8,7),(518,897,'Fertilizer',NULL,8,1),(519,898,'Fertilizer',NULL,8,2),(520,899,'Fertilizer',NULL,8,7),(521,901,'Seed',NULL,3,7),(523,904,'Fertilizer',NULL,8,2),(524,905,'Fertilizer',NULL,8,7),(525,906,'Fertilizer',NULL,8,1),(526,907,'Fertilizer',NULL,8,2),(527,908,'Fertilizer',NULL,8,7),(528,910,'Seed',NULL,3,7),(530,913,'Fertilizer',NULL,10,2),(531,914,'Fertilizer',NULL,10,7),(532,915,'Fertilizer',NULL,10,1),(533,916,'Fertilizer',NULL,10,2),(534,917,'Fertilizer',NULL,10,7),(535,919,'Seed',NULL,6,4),(537,922,'Fertilizer',NULL,18,2),(538,923,'Fertilizer',NULL,18,7),(539,924,'Fertilizer',NULL,18,1),(540,925,'Fertilizer',NULL,18,2),(541,926,'Fertilizer',NULL,18,7),(542,928,'Seed',NULL,3,4),(544,931,'Fertilizer',NULL,10,2),(545,932,'Fertilizer',NULL,10,7),(546,933,'Fertilizer',NULL,10,1),(547,934,'Fertilizer',NULL,10,2),(548,935,'Fertilizer',NULL,10,7),(549,912,'Fertilizer',NULL,10,1),(550,903,'Fertilizer',NULL,8,1),(551,894,'Fertilizer',NULL,8,1),(552,921,'Fertilizer',NULL,18,1),(553,930,'Fertilizer',NULL,10,1),(554,937,'Seed',NULL,3,8),(556,940,'Fertilizer',NULL,8,2),(557,941,'Fertilizer',NULL,8,7),(558,942,'Fertilizer',NULL,8,1),(559,943,'Fertilizer',NULL,8,2),(560,944,'Fertilizer',NULL,8,7),(561,946,'Seed',NULL,3,8),(563,949,'Fertilizer',NULL,8,2),(564,950,'Fertilizer',NULL,8,7),(565,951,'Fertilizer',NULL,8,1),(566,952,'Fertilizer',NULL,8,2),(567,953,'Fertilizer',NULL,8,7),(568,955,'Seed',NULL,3,7),(570,958,'Fertilizer',NULL,10,2),(571,959,'Fertilizer',NULL,10,7),(572,960,'Fertilizer',NULL,10,1),(573,961,'Fertilizer',NULL,10,2),(574,962,'Fertilizer',NULL,10,7),(575,964,'Seed',NULL,6,4),(577,967,'Fertilizer',NULL,18,2),(578,968,'Fertilizer',NULL,18,7),(579,969,'Fertilizer',NULL,18,1),(580,970,'Fertilizer',NULL,18,2),(581,971,'Fertilizer',NULL,18,7),(582,973,'Seed',NULL,3,4),(584,976,'Fertilizer',NULL,10,2),(585,977,'Fertilizer',NULL,10,7),(586,978,'Fertilizer',NULL,10,1),(587,979,'Fertilizer',NULL,10,2),(588,980,'Fertilizer',NULL,10,7),(589,957,'Fertilizer',NULL,10,1),(590,948,'Fertilizer',NULL,8,1),(591,939,'Fertilizer',NULL,8,1),(592,966,'Fertilizer',NULL,18,1),(593,975,'Fertilizer',NULL,10,1),(594,982,'Seed',NULL,3,4),(596,985,'Fertilizer',NULL,6,7),(597,986,'Fertilizer',NULL,3,1),(598,987,'Fertilizer',NULL,3,1),(599,988,'Fertilizer',NULL,6,7),(600,989,'Fertilizer',NULL,3,1),(601,990,'Fertilizer',NULL,1,1),(602,992,'Seed',NULL,3,7),(604,995,'Fertilizer',NULL,6,7),(605,996,'Fertilizer',NULL,3,1),(606,997,'Fertilizer',NULL,3,1),(607,998,'Fertilizer',NULL,6,7),(608,999,'Fertilizer',NULL,3,1),(609,1000,'Fertilizer',NULL,1,1),(610,1002,'Seed',NULL,3,4),(612,1005,'Fertilizer',NULL,7,7),(613,1006,'Fertilizer',NULL,3,1),(614,1007,'Fertilizer',NULL,3,1),(615,1008,'Fertilizer',NULL,7,7),(616,1009,'Fertilizer',NULL,3,1),(617,1010,'Fertilizer',NULL,1,1),(618,1012,'Seed',NULL,6,7),(620,1015,'Fertilizer',NULL,13,7),(621,1016,'Fertilizer',NULL,3,1),(622,1017,'Fertilizer',NULL,3,1),(623,1018,'Fertilizer',NULL,13,7),(624,1019,'Fertilizer',NULL,3,1),(625,1020,'Fertilizer',NULL,39,2),(626,1021,'Fertilizer',NULL,1,1),(627,1023,'Seed',NULL,3,7),(629,1026,'Fertilizer',NULL,8,7),(630,1027,'Fertilizer',NULL,3,1),(631,1028,'Fertilizer',NULL,3,1),(632,1029,'Fertilizer',NULL,8,7),(633,1030,'Fertilizer',NULL,3,1),(634,1031,'Fertilizer',NULL,22,2),(635,1032,'Fertilizer',NULL,1,1),(636,1004,'Fertilizer',NULL,21,2),(637,984,'Fertilizer',NULL,18,2),(638,994,'Fertilizer',NULL,17,2),(639,1014,'Fertilizer',NULL,2,1),(640,1025,'Fertilizer',NULL,2,1),(641,1033,'Pesticide',NULL,3,6),(642,1034,'Pesticide',NULL,3,6),(643,1035,'Pesticide',NULL,3,6),(644,1036,'Pesticide',NULL,3,6),(645,1037,'Pesticide',NULL,3,6),(646,1038,'Pesticide',NULL,3,6),(647,1039,'Pesticide',NULL,3,6),(648,1040,'Pesticide',NULL,3,6),(649,1041,'Pesticide',NULL,3,6),(650,1042,'Pesticide',NULL,3,6),(651,1044,'Seed',NULL,3,4),(653,1047,'Fertilizer',NULL,6,7),(654,1048,'Fertilizer',NULL,3,1),(655,1049,'Fertilizer',NULL,3,1),(656,1050,'Fertilizer',NULL,6,7),(657,1051,'Fertilizer',NULL,3,1),(658,1052,'Fertilizer',NULL,1,1),(659,1054,'Seed',NULL,3,4),(661,1057,'Fertilizer',NULL,6,7),(662,1058,'Fertilizer',NULL,3,1),(663,1059,'Fertilizer',NULL,3,1),(664,1060,'Fertilizer',NULL,6,7),(665,1061,'Fertilizer',NULL,3,1),(666,1062,'Fertilizer',NULL,1,1),(667,1064,'Seed',NULL,3,8),(669,1067,'Fertilizer',NULL,7,7),(670,1068,'Fertilizer',NULL,3,1),(671,1069,'Fertilizer',NULL,3,1),(672,1070,'Fertilizer',NULL,7,7),(673,1071,'Fertilizer',NULL,3,1),(674,1072,'Fertilizer',NULL,1,1),(675,1074,'Seed',NULL,6,7),(677,1077,'Fertilizer',NULL,13,7),(678,1078,'Fertilizer',NULL,3,1),(679,1079,'Fertilizer',NULL,3,1),(680,1080,'Fertilizer',NULL,13,7),(681,1081,'Fertilizer',NULL,3,1),(682,1082,'Fertilizer',NULL,1,1),(683,1083,'Fertilizer',NULL,39,2),(684,1085,'Seed',NULL,3,7),(686,1088,'Fertilizer',NULL,8,7),(687,1089,'Fertilizer',NULL,3,1),(688,1090,'Fertilizer',NULL,3,1),(689,1091,'Fertilizer',NULL,8,7),(690,1092,'Fertilizer',NULL,3,1),(691,1093,'Fertilizer',NULL,1,1),(692,1046,'Fertilizer',NULL,18,2),(693,1056,'Fertilizer',NULL,17,2),(694,1066,'Fertilizer',NULL,21,2),(695,1087,'Fertilizer',NULL,22,2),(696,1076,'Fertilizer',NULL,2,1);
/*!40000 ALTER TABLE `wo_resources_table` ENABLE KEYS */;
UNLOCK TABLES;

--
-- Table structure for table `work_order_table`
--

DROP TABLE IF EXISTS `work_order_table`;
/*!40101 SET @saved_cs_client     = @@character_set_client */;
/*!50503 SET character_set_client = utf8mb4 */;
CREATE TABLE `work_order_table` (
  `work_order_id` int NOT NULL AUTO_INCREMENT,
  `type` tinytext NOT NULL,
  `crop_calendar_id` int NOT NULL,
  `date_created` date NOT NULL,
  `date_due` date DEFAULT NULL,
  `status` enum('Pending','In-Progress','Completed','Cancelled') NOT NULL,
  `desc` varchar(45) DEFAULT NULL,
  `notes` varchar(100) DEFAULT NULL,
  `date_start` date DEFAULT NULL,
  `date_completed` date DEFAULT NULL,
  `stage` enum('Land Preparation','Sow Seed','Vegetation','Reproductive','Ripening','Harvesting') DEFAULT NULL,
  PRIMARY KEY (`work_order_id`),
  UNIQUE KEY `work_order_id_UNIQUE` (`work_order_id`),
  KEY `work_order_fk_idx` (`crop_calendar_id`),
  CONSTRAINT `work_order_fk` FOREIGN KEY (`crop_calendar_id`) REFERENCES `crop_calendar_table` (`calendar_id`)
) ENGINE=InnoDB AUTO_INCREMENT=1094 DEFAULT CHARSET=utf8mb4 COLLATE=utf8mb4_0900_ai_ci;
/*!40101 SET character_set_client = @saved_cs_client */;

--
-- Dumping data for table `work_order_table`
--

LOCK TABLES `work_order_table` WRITE;
/*!40000 ALTER TABLE `work_order_table` DISABLE KEYS */;
INSERT INTO `work_order_table` VALUES (746,'Land Preparation',79,'2019-05-04','2019-05-30','Completed',NULL,'Generated Land Preparation Work Order','2019-05-09','2019-05-30',NULL),(747,'Sow Seed',79,'2019-05-04','2019-06-02','Completed',NULL,'Generated Sow Seed Work Order','2019-05-15','2019-06-02',NULL),(748,'Harvest',79,'2019-05-04','2019-10-27','Completed',NULL,'Generated Harvest Work Order','2019-10-20','2019-10-23',NULL),(749,'Fertilizer Application',79,'2019-05-04','2019-06-06','Completed',NULL,'Custom Recommendation Item','2019-06-06','2019-06-06',NULL),(750,'Fertilizer Application',79,'2019-05-04','2019-06-06','Completed',NULL,'Custom Recommendation Item','2019-06-06','2019-06-06',NULL),(751,'Fertilizer Application',79,'2019-05-04','2019-06-06','Completed',NULL,'Custom Recommendation Item','2019-06-06','2019-06-06',NULL),(752,'Fertilizer Application',79,'2019-05-04','2019-06-30','Completed',NULL,'Custom Recommendation Item','2019-06-30','2019-06-30',NULL),(753,'Fertilizer Application',79,'2019-05-04','2019-06-30','Completed',NULL,'Custom Recommendation Item','2019-06-30','2019-06-30',NULL),(754,'Fertilizer Application',79,'2019-05-04','2019-06-30','Completed',NULL,'Custom Recommendation Item','2019-06-30','2019-06-30',NULL),(755,'Land Preparation',80,'2019-05-04','2019-05-30','Completed',NULL,'Generated Land Preparation Work Order','2019-05-09','2019-05-30',NULL),(756,'Sow Seed',80,'2019-05-04','2019-06-02','Completed',NULL,'Generated Sow Seed Work Order','2019-05-15','2019-06-02',NULL),(757,'Harvest',80,'2019-05-04','2019-10-27','Completed',NULL,'Generated Harvest Work Order','2019-10-20','2019-10-23',NULL),(758,'Fertilizer Application',80,'2019-05-04','2019-06-06','Completed',NULL,'Custom Recommendation Item','2019-06-06','2019-06-06',NULL),(759,'Fertilizer Application',80,'2019-05-04','2019-06-06','Completed',NULL,'Custom Recommendation Item','2019-06-06','2019-06-06',NULL),(760,'Fertilizer Application',80,'2019-05-04','2019-06-06','Completed',NULL,'Custom Recommendation Item','2019-06-06','2019-06-06',NULL),(761,'Fertilizer Application',80,'2019-05-04','2019-06-30','Completed',NULL,'Custom Recommendation Item','2019-06-30','2019-06-30',NULL),(762,'Fertilizer Application',80,'2019-05-04','2019-06-30','Completed',NULL,'Custom Recommendation Item','2019-06-30','2019-06-30',NULL),(763,'Fertilizer Application',80,'2019-05-04','2019-06-30','Completed',NULL,'Custom Recommendation Item','2019-06-30','2019-06-30',NULL),(764,'Land Preparation',81,'2019-05-04','2019-05-30','Completed',NULL,'Generated Land Preparation Work Order','2019-05-09','2019-05-30',NULL),(765,'Sow Seed',81,'2019-05-04','2019-06-02','Completed',NULL,'Generated Sow Seed Work Order','2019-05-15','2019-06-02',NULL),(766,'Harvest',81,'2019-05-04','2019-10-27','Completed',NULL,'Generated Harvest Work Order','2019-10-20','2019-10-23',NULL),(767,'Fertilizer Application',81,'2019-05-04','2019-06-06','Completed',NULL,'Custom Recommendation Item','2019-06-06','2019-06-06',NULL),(768,'Fertilizer Application',81,'2019-05-04','2019-06-06','Completed',NULL,'Custom Recommendation Item','2019-06-06','2019-06-06',NULL),(769,'Fertilizer Application',81,'2019-05-04','2019-06-06','Completed',NULL,'Custom Recommendation Item','2019-06-06','2019-06-06',NULL),(770,'Fertilizer Application',81,'2019-05-04','2019-06-30','Completed',NULL,'Custom Recommendation Item','2019-06-30','2019-06-30',NULL),(771,'Fertilizer Application',81,'2019-05-04','2019-06-30','Completed',NULL,'Custom Recommendation Item','2019-06-30','2019-06-30',NULL),(772,'Fertilizer Application',81,'2019-05-04','2019-06-30','Completed',NULL,'Custom Recommendation Item','2019-06-30','2019-06-30',NULL),(773,'Land Preparation',82,'2019-05-04','2019-05-30','Completed',NULL,'Generated Land Preparation Work Order','2019-05-09','2019-05-30',NULL),(774,'Sow Seed',82,'2019-05-04','2019-06-03','Completed',NULL,'Generated Sow Seed Work Order','2019-05-31','2019-06-02',NULL),(775,'Harvest',82,'2019-05-04','2019-10-28','Completed',NULL,'Generated Harvest Work Order','2019-10-21','2019-10-23',NULL),(776,'Fertilizer Application',82,'2019-05-04','2019-06-07','Completed',NULL,'Custom Recommendation Item','2019-06-07','2019-06-07',NULL),(777,'Fertilizer Application',82,'2019-05-04','2019-06-07','Completed',NULL,'Custom Recommendation Item','2019-06-07','2019-06-06',NULL),(778,'Fertilizer Application',82,'2019-05-04','2019-06-07','Completed',NULL,'Custom Recommendation Item','2019-06-07','2019-06-06',NULL),(779,'Fertilizer Application',82,'2019-05-04','2019-07-01','Completed',NULL,'Custom Recommendation Item','2019-07-01','2019-07-01',NULL),(780,'Fertilizer Application',82,'2019-05-04','2019-07-01','Completed',NULL,'Custom Recommendation Item','2019-07-01','2019-07-01',NULL),(781,'Fertilizer Application',82,'2019-05-04','2019-07-01','Completed',NULL,'Custom Recommendation Item','2019-07-01','2019-07-01',NULL),(782,'Land Preparation',83,'2019-05-04','2019-05-30','Completed',NULL,'Generated Land Preparation Work Order','2019-05-09','2019-05-30',NULL),(783,'Sow Seed',83,'2019-05-04','2019-06-03','Completed',NULL,'Generated Sow Seed Work Order','2019-05-31','2019-06-02',NULL),(784,'Harvest',83,'2019-05-04','2019-10-28','Completed',NULL,'Generated Harvest Work Order','2019-10-21','2019-10-23',NULL),(785,'Fertilizer Application',83,'2019-05-04','2019-06-07','Completed',NULL,'Custom Recommendation Item','2019-06-07','2019-06-07',NULL),(786,'Fertilizer Application',83,'2019-05-04','2019-06-07','Completed',NULL,'Custom Recommendation Item','2019-06-07','2019-06-06',NULL),(787,'Fertilizer Application',83,'2019-05-04','2019-06-07','Completed',NULL,'Custom Recommendation Item','2019-06-07','2019-06-06',NULL),(788,'Fertilizer Application',83,'2019-05-04','2019-07-01','Completed',NULL,'Custom Recommendation Item','2019-07-01','2019-07-01',NULL),(789,'Fertilizer Application',83,'2019-05-04','2019-07-01','Completed',NULL,'Custom Recommendation Item','2019-07-01','2019-07-01',NULL),(790,'Fertilizer Application',83,'2019-05-04','2019-07-01','Completed',NULL,'Custom Recommendation Item','2019-07-01','2019-07-01',NULL),(791,'Pesticide Application',79,'2019-06-02','2019-06-21','Completed',NULL,'Worm Pesticide Application','2019-06-14','2019-06-14','Sow Seed'),(792,'Pesticide Application',80,'2019-06-02','2019-06-21','Completed',NULL,'Worm Pesticide Application','2019-06-14','2019-06-14','Sow Seed'),(793,'Pesticide Application',81,'2019-06-02','2019-06-21','Completed',NULL,'Worm Pesticide Application','2019-06-14','2019-06-14','Sow Seed'),(794,'Pesticide Application',82,'2019-06-02','2019-06-21','Completed',NULL,'Worm Pesticide Application','2019-06-14','2019-06-14','Sow Seed'),(795,'Pesticide Application',83,'2019-06-02','2019-06-21','Completed',NULL,'Worm Pesticide Application','2019-06-14','2019-06-14','Sow Seed'),(832,'Land Preparation',88,'2019-11-04','2019-12-05','Completed',NULL,'Generated Land Preparation Work Order','2019-11-14','2019-12-04',NULL),(833,'Sow Seed',88,'2019-11-04','2019-12-08','Completed',NULL,'Generated Sow Seed Work Order','2019-11-20','2019-12-04',NULL),(834,'Harvest',88,'2019-11-04','2020-05-03','Completed',NULL,'Generated Harvest Work Order','2020-04-26','2020-04-29',NULL),(835,'Fertilizer Application',88,'2019-11-04','2019-12-12','Completed',NULL,'Custom Recommendation Item','2019-12-12','2019-12-12',NULL),(836,'Fertilizer Application',88,'2019-11-04','2019-12-12','Completed',NULL,'Custom Recommendation Item','2019-12-12','2019-12-12',NULL),(837,'Fertilizer Application',88,'2019-11-04','2019-12-12','Completed',NULL,'Custom Recommendation Item','2019-12-12','2019-12-12',NULL),(838,'Fertilizer Application',88,'2019-11-04','2020-01-05','Completed',NULL,'Custom Recommendation Item','2020-01-05','2020-01-05',NULL),(839,'Fertilizer Application',88,'2019-11-04','2020-01-05','Completed',NULL,'Custom Recommendation Item','2020-01-05','2020-01-05',NULL),(840,'Fertilizer Application',88,'2019-11-04','2020-01-05','Completed',NULL,'Custom Recommendation Item','2020-01-05','2020-01-05',NULL),(841,'Land Preparation',89,'2019-11-04','2019-12-05','Completed',NULL,'Generated Land Preparation Work Order','2019-11-14','2019-12-04',NULL),(842,'Sow Seed',89,'2019-11-04','2019-12-08','Completed',NULL,'Generated Sow Seed Work Order','2019-11-20','2019-12-04',NULL),(843,'Harvest',89,'2019-11-04','2020-05-03','Completed',NULL,'Generated Harvest Work Order','2020-04-26','2020-04-29',NULL),(844,'Fertilizer Application',89,'2019-11-04','2019-12-12','Completed',NULL,'Custom Recommendation Item','2019-12-12','2019-12-12',NULL),(845,'Fertilizer Application',89,'2019-11-04','2019-12-12','Completed',NULL,'Custom Recommendation Item','2019-12-12','2019-12-12',NULL),(846,'Fertilizer Application',89,'2019-11-04','2019-12-12','Completed',NULL,'Custom Recommendation Item','2019-12-12','2019-12-12',NULL),(847,'Fertilizer Application',89,'2019-11-04','2020-01-05','Completed',NULL,'Custom Recommendation Item','2020-01-05','2020-01-05',NULL),(848,'Fertilizer Application',89,'2019-11-04','2020-01-05','Completed',NULL,'Custom Recommendation Item','2020-01-05','2020-01-05',NULL),(849,'Fertilizer Application',89,'2019-11-04','2020-01-05','Completed',NULL,'Custom Recommendation Item','2020-01-05','2020-01-05',NULL),(850,'Land Preparation',90,'2019-11-04','2019-12-05','Completed',NULL,'Generated Land Preparation Work Order','2019-11-14','2019-12-04',NULL),(851,'Sow Seed',90,'2019-11-04','2019-12-08','Completed',NULL,'Generated Sow Seed Work Order','2019-11-20','2019-12-04',NULL),(852,'Harvest',90,'2019-11-04','2020-05-03','Completed',NULL,'Generated Harvest Work Order','2020-04-26','2020-04-29',NULL),(853,'Fertilizer Application',90,'2019-11-04','2019-12-12','Completed',NULL,'Custom Recommendation Item','2019-12-12','2019-12-12',NULL),(854,'Fertilizer Application',90,'2019-11-04','2019-12-12','Completed',NULL,'Custom Recommendation Item','2019-12-12','2019-12-12',NULL),(855,'Fertilizer Application',90,'2019-11-04','2019-12-12','Completed',NULL,'Custom Recommendation Item','2019-12-12','2019-12-12',NULL),(856,'Fertilizer Application',90,'2019-11-04','2020-01-05','Completed',NULL,'Custom Recommendation Item','2020-01-05','2020-01-05',NULL),(857,'Fertilizer Application',90,'2019-11-04','2020-01-05','Completed',NULL,'Custom Recommendation Item','2020-01-05','2020-01-05',NULL),(858,'Fertilizer Application',90,'2019-11-04','2020-01-05','Completed',NULL,'Custom Recommendation Item','2020-01-05','2020-01-05',NULL),(859,'Land Preparation',91,'2019-11-04','2019-12-05','Completed',NULL,'Generated Land Preparation Work Order','2019-11-14','2019-12-04',NULL),(860,'Sow Seed',91,'2019-11-04','2019-12-09','Completed',NULL,'Generated Sow Seed Work Order','2019-12-06','2019-12-04',NULL),(861,'Harvest',91,'2019-11-04','2020-05-04','Completed',NULL,'Generated Harvest Work Order','2020-04-27','2020-04-29',NULL),(862,'Fertilizer Application',91,'2019-11-04','2019-12-13','Completed',NULL,'Custom Recommendation Item','2019-12-13','2019-12-13',NULL),(863,'Fertilizer Application',91,'2019-11-04','2019-12-13','Completed',NULL,'Custom Recommendation Item','2019-12-13','2019-12-13',NULL),(864,'Fertilizer Application',91,'2019-11-04','2019-12-13','Completed',NULL,'Custom Recommendation Item','2019-12-13','2019-12-13',NULL),(865,'Fertilizer Application',91,'2019-11-04','2020-01-06','Completed',NULL,'Custom Recommendation Item','2020-01-06','2020-01-06',NULL),(866,'Fertilizer Application',91,'2019-11-04','2020-01-06','Completed',NULL,'Custom Recommendation Item','2020-01-06','2020-01-06',NULL),(867,'Fertilizer Application',91,'2019-11-04','2020-01-06','Completed',NULL,'Custom Recommendation Item','2020-01-06','2020-01-06',NULL),(868,'Land Preparation',92,'2019-11-04','2019-12-05','Completed',NULL,'Generated Land Preparation Work Order','2019-11-14','2019-12-04',NULL),(869,'Sow Seed',92,'2019-11-04','2019-12-09','Completed',NULL,'Generated Sow Seed Work Order','2019-12-06','2019-12-04',NULL),(870,'Harvest',92,'2019-11-04','2020-05-04','Completed',NULL,'Generated Harvest Work Order','2020-04-27','2020-04-29',NULL),(871,'Fertilizer Application',92,'2019-11-04','2019-12-13','Completed',NULL,'Custom Recommendation Item','2019-12-13','2019-12-13',NULL),(872,'Fertilizer Application',92,'2019-11-04','2019-12-13','Completed',NULL,'Custom Recommendation Item','2019-12-13','2019-12-13',NULL),(873,'Fertilizer Application',92,'2019-11-04','2019-12-13','Completed',NULL,'Custom Recommendation Item','2019-12-13','2019-12-13',NULL),(874,'Fertilizer Application',92,'2019-11-04','2020-01-06','Completed',NULL,'Custom Recommendation Item','2020-01-06','2020-01-06',NULL),(875,'Fertilizer Application',92,'2019-11-04','2020-01-06','Completed',NULL,'Custom Recommendation Item','2020-01-06','2020-01-06',NULL),(876,'Fertilizer Application',92,'2019-11-04','2020-01-06','Completed',NULL,'Custom Recommendation Item','2020-01-06','2020-01-06',NULL),(877,'Pesticide Application',88,'2019-12-04','2019-12-27','Completed',NULL,'','2019-12-20','2019-12-20','Vegetation'),(878,'Pesticide Application',89,'2019-12-04','2019-12-27','Completed',NULL,'','2019-12-20','2019-12-20','Vegetation'),(879,'Pesticide Application',90,'2019-12-04','2019-12-27','Completed',NULL,'','2019-12-20','2019-12-20','Vegetation'),(880,'Pesticide Application',91,'2019-12-04','2019-12-28','Completed',NULL,'','2019-12-21','2019-12-21','Vegetation'),(881,'Pesticide Application',92,'2019-12-04','2019-12-28','Completed',NULL,'','2019-12-21','2019-12-21','Vegetation'),(891,'Land Preparation',94,'2020-05-14','2020-05-30','Completed',NULL,'Generated Land Preparation Work Order','2020-05-09','2020-05-09',NULL),(892,'Sow Seed',94,'2020-05-14','2020-06-02','Completed',NULL,'Generated Sow Seed Work Order','2020-05-15','2020-05-15',NULL),(893,'Harvest',94,'2020-05-14','2020-10-27','Completed',NULL,'Generated Harvest Work Order','2020-10-20','2020-10-26',NULL),(894,'Fertilizer Application',94,'2020-05-14','2020-06-06','Completed',NULL,'Custom Recommendation Item','2020-06-06','2020-06-06',NULL),(895,'Fertilizer Application',94,'2020-05-14','2020-06-06','Completed',NULL,'Custom Recommendation Item','2020-06-06','2020-06-06',NULL),(896,'Fertilizer Application',94,'2020-05-14','2020-06-06','Completed',NULL,'Custom Recommendation Item','2020-06-06','2020-06-06',NULL),(897,'Fertilizer Application',94,'2020-05-14','2020-06-30','Completed',NULL,'Custom Recommendation Item','2020-06-30','2020-06-30',NULL),(898,'Fertilizer Application',94,'2020-05-14','2020-06-30','Completed',NULL,'Custom Recommendation Item','2020-06-30','2020-06-30',NULL),(899,'Fertilizer Application',94,'2020-05-14','2020-06-30','Completed',NULL,'Custom Recommendation Item','2020-06-30','2020-06-30',NULL),(900,'Land Preparation',95,'2020-05-14','2020-05-30','Completed',NULL,'Generated Land Preparation Work Order','2020-05-09','2020-05-09',NULL),(901,'Sow Seed',95,'2020-05-14','2020-06-02','Completed',NULL,'Generated Sow Seed Work Order','2020-05-15','2020-05-15',NULL),(902,'Harvest',95,'2020-05-14','2020-10-27','Completed',NULL,'Generated Harvest Work Order','2020-10-20','2020-10-26',NULL),(903,'Fertilizer Application',95,'2020-05-14','2020-06-06','Completed',NULL,'Custom Recommendation Item','2020-06-06','2020-06-06',NULL),(904,'Fertilizer Application',95,'2020-05-14','2020-06-06','Completed',NULL,'Custom Recommendation Item','2020-06-06','2020-06-06',NULL),(905,'Fertilizer Application',95,'2020-05-14','2020-06-06','Completed',NULL,'Custom Recommendation Item','2020-06-06','2020-06-06',NULL),(906,'Fertilizer Application',95,'2020-05-14','2020-06-30','Completed',NULL,'Custom Recommendation Item','2020-06-30','2020-06-30',NULL),(907,'Fertilizer Application',95,'2020-05-14','2020-06-30','Completed',NULL,'Custom Recommendation Item','2020-06-30','2020-06-30',NULL),(908,'Fertilizer Application',95,'2020-05-14','2020-06-30','Completed',NULL,'Custom Recommendation Item','2020-06-30','2020-06-30',NULL),(909,'Land Preparation',96,'2020-05-14','2020-05-30','Completed',NULL,'Generated Land Preparation Work Order','2020-05-09','2020-05-09',NULL),(910,'Sow Seed',96,'2020-05-14','2020-06-02','Completed',NULL,'Generated Sow Seed Work Order','2020-05-15','2020-05-15',NULL),(911,'Harvest',96,'2020-05-14','2020-10-27','Completed',NULL,'Generated Harvest Work Order','2020-10-20','2020-10-26',NULL),(912,'Fertilizer Application',96,'2020-05-14','2020-06-06','Completed',NULL,'Custom Recommendation Item','2020-06-06','2020-06-06',NULL),(913,'Fertilizer Application',96,'2020-05-14','2020-06-06','Completed',NULL,'Custom Recommendation Item','2020-06-06','2020-06-06',NULL),(914,'Fertilizer Application',96,'2020-05-14','2020-06-06','Completed',NULL,'Custom Recommendation Item','2020-06-06','2020-06-06',NULL),(915,'Fertilizer Application',96,'2020-05-14','2020-06-30','Completed',NULL,'Custom Recommendation Item','2020-06-30','2020-06-30',NULL),(916,'Fertilizer Application',96,'2020-05-14','2020-06-30','Completed',NULL,'Custom Recommendation Item','2020-06-30','2020-06-30',NULL),(917,'Fertilizer Application',96,'2020-05-14','2020-06-30','Completed',NULL,'Custom Recommendation Item','2020-06-30','2020-06-30',NULL),(918,'Land Preparation',97,'2020-05-14','2020-05-30','Completed',NULL,'Generated Land Preparation Work Order','2020-05-09','2020-05-09',NULL),(919,'Sow Seed',97,'2020-05-14','2020-06-03','Completed',NULL,'Generated Sow Seed Work Order','2020-05-31','2020-05-31',NULL),(920,'Harvest',97,'2020-05-14','2020-10-28','Completed',NULL,'Generated Harvest Work Order','2020-10-21','2020-10-26',NULL),(921,'Fertilizer Application',97,'2020-05-14','2020-06-07','Completed',NULL,'Custom Recommendation Item','2020-06-07','2020-06-07',NULL),(922,'Fertilizer Application',97,'2020-05-14','2020-06-07','Completed',NULL,'Custom Recommendation Item','2020-06-07','2020-06-07',NULL),(923,'Fertilizer Application',97,'2020-05-14','2020-06-07','Completed',NULL,'Custom Recommendation Item','2020-06-07','2020-06-07',NULL),(924,'Fertilizer Application',97,'2020-05-14','2020-07-01','Completed',NULL,'Custom Recommendation Item','2020-07-01','2020-07-01',NULL),(925,'Fertilizer Application',97,'2020-05-14','2020-07-01','Completed',NULL,'Custom Recommendation Item','2020-07-01','2020-07-01',NULL),(926,'Fertilizer Application',97,'2020-05-14','2020-07-01','Completed',NULL,'Custom Recommendation Item','2020-07-01','2020-07-01',NULL),(927,'Land Preparation',98,'2020-05-14','2020-05-30','Completed',NULL,'Generated Land Preparation Work Order','2020-05-09','2020-05-09',NULL),(928,'Sow Seed',98,'2020-05-14','2020-06-03','Completed',NULL,'Generated Sow Seed Work Order','2020-05-31','2020-05-31',NULL),(929,'Harvest',98,'2020-05-14','2020-10-28','Completed',NULL,'Generated Harvest Work Order','2020-10-21','2020-10-26',NULL),(930,'Fertilizer Application',98,'2020-05-14','2020-06-07','Completed',NULL,'Custom Recommendation Item','2020-06-07','2020-06-07',NULL),(931,'Fertilizer Application',98,'2020-05-14','2020-06-07','Completed',NULL,'Custom Recommendation Item','2020-06-07','2020-06-07',NULL),(932,'Fertilizer Application',98,'2020-05-14','2020-06-07','Completed',NULL,'Custom Recommendation Item','2020-06-07','2020-06-07',NULL),(933,'Fertilizer Application',98,'2020-05-14','2020-07-01','Completed',NULL,'Custom Recommendation Item','2020-07-01','2020-07-01',NULL),(934,'Fertilizer Application',98,'2020-05-14','2020-07-01','Completed',NULL,'Custom Recommendation Item','2020-07-01','2020-07-01',NULL),(935,'Fertilizer Application',98,'2020-05-14','2020-07-01','Completed',NULL,'Custom Recommendation Item','2020-07-01','2020-07-01',NULL),(936,'Land Preparation',99,'2020-11-09','2020-11-30','Completed',NULL,'Generated Land Preparation Work Order','2020-11-09','2020-11-09',NULL),(937,'Sow Seed',99,'2020-11-09','2020-12-03','Completed',NULL,'Generated Sow Seed Work Order','2020-11-15','2020-11-15',NULL),(938,'Harvest',99,'2020-11-09','2021-04-29','Completed',NULL,'Generated Harvest Work Order','2021-04-22','2021-04-24',NULL),(939,'Fertilizer Application',99,'2020-11-09','2020-12-07','Completed',NULL,'Custom Recommendation Item','2020-12-07','2020-12-07',NULL),(940,'Fertilizer Application',99,'2020-11-09','2020-12-07','Completed',NULL,'Custom Recommendation Item','2020-12-07','2020-12-07',NULL),(941,'Fertilizer Application',99,'2020-11-09','2020-12-07','Completed',NULL,'Custom Recommendation Item','2020-12-07','2020-12-07',NULL),(942,'Fertilizer Application',99,'2020-11-09','2020-12-31','Completed',NULL,'Custom Recommendation Item','2020-12-31','2020-12-31',NULL),(943,'Fertilizer Application',99,'2020-11-09','2020-12-31','Completed',NULL,'Custom Recommendation Item','2020-12-31','2020-12-31',NULL),(944,'Fertilizer Application',99,'2020-11-09','2020-12-31','Completed',NULL,'Custom Recommendation Item','2020-12-31','2020-12-31',NULL),(945,'Land Preparation',100,'2020-11-09','2020-11-30','Completed',NULL,'Generated Land Preparation Work Order','2020-11-09','2020-11-09',NULL),(946,'Sow Seed',100,'2020-11-09','2020-12-03','Completed',NULL,'Generated Sow Seed Work Order','2020-11-15','2020-11-15',NULL),(947,'Harvest',100,'2020-11-09','2021-04-29','Completed',NULL,'Generated Harvest Work Order','2021-04-22','2021-04-24',NULL),(948,'Fertilizer Application',100,'2020-11-09','2020-12-07','Completed',NULL,'Custom Recommendation Item','2020-12-07','2020-12-07',NULL),(949,'Fertilizer Application',100,'2020-11-09','2020-12-07','Completed',NULL,'Custom Recommendation Item','2020-12-07','2020-12-07',NULL),(950,'Fertilizer Application',100,'2020-11-09','2020-12-07','Completed',NULL,'Custom Recommendation Item','2020-12-07','2020-12-07',NULL),(951,'Fertilizer Application',100,'2020-11-09','2020-12-31','Completed',NULL,'Custom Recommendation Item','2020-12-31','2020-12-31',NULL),(952,'Fertilizer Application',100,'2020-11-09','2020-12-31','Completed',NULL,'Custom Recommendation Item','2020-12-31','2020-12-31',NULL),(953,'Fertilizer Application',100,'2020-11-09','2020-12-31','Completed',NULL,'Custom Recommendation Item','2020-12-31','2020-12-31',NULL),(954,'Land Preparation',101,'2020-11-09','2020-11-30','Completed',NULL,'Generated Land Preparation Work Order','2020-11-09','2020-11-09',NULL),(955,'Sow Seed',101,'2020-11-09','2020-12-03','Completed',NULL,'Generated Sow Seed Work Order','2020-11-15','2020-11-15',NULL),(956,'Harvest',101,'2020-11-09','2021-04-29','Completed',NULL,'Generated Harvest Work Order','2021-04-22','2021-04-24',NULL),(957,'Fertilizer Application',101,'2020-11-09','2020-12-07','Completed',NULL,'Custom Recommendation Item','2020-12-07','2020-12-07',NULL),(958,'Fertilizer Application',101,'2020-11-09','2020-12-07','Completed',NULL,'Custom Recommendation Item','2020-12-07','2020-12-07',NULL),(959,'Fertilizer Application',101,'2020-11-09','2020-12-07','Completed',NULL,'Custom Recommendation Item','2020-12-07','2020-12-07',NULL),(960,'Fertilizer Application',101,'2020-11-09','2020-12-31','Completed',NULL,'Custom Recommendation Item','2020-12-31','2020-12-31',NULL),(961,'Fertilizer Application',101,'2020-11-09','2020-12-31','Completed',NULL,'Custom Recommendation Item','2020-12-31','2020-12-31',NULL),(962,'Fertilizer Application',101,'2020-11-09','2020-12-31','Completed',NULL,'Custom Recommendation Item','2020-12-31','2020-12-31',NULL),(963,'Land Preparation',102,'2020-11-09','2020-11-30','Completed',NULL,'Generated Land Preparation Work Order','2020-11-09','2020-11-09',NULL),(964,'Sow Seed',102,'2020-11-09','2020-12-04','Completed',NULL,'Generated Sow Seed Work Order','2020-12-01','2020-12-01',NULL),(965,'Harvest',102,'2020-11-09','2021-04-30','Completed',NULL,'Generated Harvest Work Order','2021-04-23','2021-04-24',NULL),(966,'Fertilizer Application',102,'2020-11-09','2020-12-08','Completed',NULL,'Custom Recommendation Item','2020-12-08','2020-12-08',NULL),(967,'Fertilizer Application',102,'2020-11-09','2020-12-08','Completed',NULL,'Custom Recommendation Item','2020-12-08','2020-12-08',NULL),(968,'Fertilizer Application',102,'2020-11-09','2020-12-08','Completed',NULL,'Custom Recommendation Item','2020-12-08','2020-12-08',NULL),(969,'Fertilizer Application',102,'2020-11-09','2021-01-01','Completed',NULL,'Custom Recommendation Item','2021-01-01','2021-01-01',NULL),(970,'Fertilizer Application',102,'2020-11-09','2021-01-01','Completed',NULL,'Custom Recommendation Item','2021-01-01','2021-01-01',NULL),(971,'Fertilizer Application',102,'2020-11-09','2021-01-01','Completed',NULL,'Custom Recommendation Item','2021-01-01','2021-01-01',NULL),(972,'Land Preparation',103,'2020-11-09','2020-11-30','Completed',NULL,'Generated Land Preparation Work Order','2020-11-09','2020-11-09',NULL),(973,'Sow Seed',103,'2020-11-09','2020-12-04','Completed',NULL,'Generated Sow Seed Work Order','2020-12-01','2020-12-01',NULL),(974,'Harvest',103,'2020-11-09','2021-04-30','Completed',NULL,'Generated Harvest Work Order','2021-04-23','2021-04-24',NULL),(975,'Fertilizer Application',103,'2020-11-09','2020-12-08','Completed',NULL,'Custom Recommendation Item','2020-12-08','2020-12-08',NULL),(976,'Fertilizer Application',103,'2020-11-09','2020-12-08','Completed',NULL,'Custom Recommendation Item','2020-12-08','2020-12-08',NULL),(977,'Fertilizer Application',103,'2020-11-09','2020-12-08','Completed',NULL,'Custom Recommendation Item','2020-12-08','2020-12-08',NULL),(978,'Fertilizer Application',103,'2020-11-09','2021-01-01','Completed',NULL,'Custom Recommendation Item','2021-01-01','2021-01-01',NULL),(979,'Fertilizer Application',103,'2020-11-09','2021-01-01','Completed',NULL,'Custom Recommendation Item','2021-01-01','2021-01-01',NULL),(980,'Fertilizer Application',103,'2020-11-09','2021-01-01','Completed',NULL,'Custom Recommendation Item','2021-01-01','2021-01-01',NULL),(981,'Land Preparation',104,'2021-05-07','2021-05-31','Completed',NULL,'Generated Land Preparation Work Order','2021-05-10','2021-05-10',NULL),(982,'Sow Seed',104,'2021-05-07','2021-06-03','Completed',NULL,'Generated Sow Seed Work Order','2021-05-16','2021-05-16',NULL),(983,'Harvest',104,'2021-05-07','2021-10-28','Completed',NULL,'Generated Harvest Work Order','2021-10-21','2021-10-26',NULL),(984,'Fertilizer Application',104,'2021-05-07','2021-06-07','Completed',NULL,'Phosphorous Application (P)','2021-05-31','2021-06-07',NULL),(985,'Fertilizer Application',104,'2021-05-07','2021-06-07','Completed',NULL,'Basal Potassium Application (K)','2021-05-31','2021-05-31',NULL),(986,'Fertilizer Application',104,'2021-05-07','2021-06-09','Completed',NULL,'Tillering Nitrogen Application (N)','2021-06-02','2021-06-02',NULL),(987,'Fertilizer Application',104,'2021-05-07','2021-06-15','Completed',NULL,'Midtillering Nitrogen Application (N)','2021-06-08','2021-06-08',NULL),(988,'Fertilizer Application',104,'2021-05-07','2021-07-05','Completed',NULL,'Early Panicle Potassium Application (K)','2021-06-28','2021-06-28',NULL),(989,'Fertilizer Application',104,'2021-05-07','2021-07-05','Completed',NULL,'Panicle Nitrogen Application (N)','2021-06-28','2021-06-28',NULL),(990,'Fertilizer Application',104,'2021-05-07','2021-07-25','Completed',NULL,'Flowering Nitrogen Application (N)','2021-07-18','2021-07-18',NULL),(991,'Land Preparation',105,'2021-05-07','2021-05-31','Completed',NULL,'Generated Land Preparation Work Order','2021-05-10','2021-05-10',NULL),(992,'Sow Seed',105,'2021-05-07','2021-06-03','Completed',NULL,'Generated Sow Seed Work Order','2021-05-16','2021-05-16',NULL),(993,'Harvest',105,'2021-05-07','2021-10-28','Completed',NULL,'Generated Harvest Work Order','2021-10-21','2021-10-26',NULL),(994,'Fertilizer Application',105,'2021-05-07','2021-06-07','Completed',NULL,'Phosphorous Application (P)','2021-05-31','2021-06-07',NULL),(995,'Fertilizer Application',105,'2021-05-07','2021-06-07','Completed',NULL,'Basal Potassium Application (K)','2021-05-31','2021-05-31',NULL),(996,'Fertilizer Application',105,'2021-05-07','2021-06-09','Completed',NULL,'Tillering Nitrogen Application (N)','2021-06-02','2021-06-02',NULL),(997,'Fertilizer Application',105,'2021-05-07','2021-06-15','Completed',NULL,'Midtillering Nitrogen Application (N)','2021-06-08','2021-06-08',NULL),(998,'Fertilizer Application',105,'2021-05-07','2021-07-05','Completed',NULL,'Early Panicle Potassium Application (K)','2021-06-28','2021-06-28',NULL),(999,'Fertilizer Application',105,'2021-05-07','2021-07-05','Completed',NULL,'Panicle Nitrogen Application (N)','2021-06-28','2021-06-28',NULL),(1000,'Fertilizer Application',105,'2021-05-07','2021-07-25','Completed',NULL,'Flowering Nitrogen Application (N)','2021-07-18','2021-07-18',NULL),(1001,'Land Preparation',106,'2021-05-07','2021-05-31','Completed',NULL,'Generated Land Preparation Work Order','2021-05-10','2021-05-10',NULL),(1002,'Sow Seed',106,'2021-05-07','2021-06-03','Completed',NULL,'Generated Sow Seed Work Order','2021-05-16','2021-05-16',NULL),(1003,'Harvest',106,'2021-05-07','2021-10-28','Completed',NULL,'Generated Harvest Work Order','2021-10-21','2021-10-26',NULL),(1004,'Fertilizer Application',106,'2021-05-07','2021-06-07','Completed',NULL,'Phosphorous Application (P)','2021-05-31','2021-06-07',NULL),(1005,'Fertilizer Application',106,'2021-05-07','2021-06-07','Completed',NULL,'Basal Potassium Application (K)','2021-05-31','2021-05-31',NULL),(1006,'Fertilizer Application',106,'2021-05-07','2021-06-09','Completed',NULL,'Tillering Nitrogen Application (N)','2021-06-02','2021-06-02',NULL),(1007,'Fertilizer Application',106,'2021-05-07','2021-06-15','Completed',NULL,'Midtillering Nitrogen Application (N)','2021-06-08','2021-06-08',NULL),(1008,'Fertilizer Application',106,'2021-05-07','2021-07-05','Completed',NULL,'Early Panicle Potassium Application (K)','2021-06-28','2021-06-28',NULL),(1009,'Fertilizer Application',106,'2021-05-07','2021-07-05','Completed',NULL,'Panicle Nitrogen Application (N)','2021-06-28','2021-06-28',NULL),(1010,'Fertilizer Application',106,'2021-05-07','2021-07-25','Completed',NULL,'Flowering Nitrogen Application (N)','2021-07-18','2021-07-18',NULL),(1011,'Land Preparation',107,'2021-05-07','2021-05-31','Completed',NULL,'Generated Land Preparation Work Order','2021-05-10','2021-05-10',NULL),(1012,'Sow Seed',107,'2021-05-07','2021-06-04','Completed',NULL,'Generated Sow Seed Work Order','2021-06-01','2021-06-01',NULL),(1013,'Harvest',107,'2021-05-07','2021-10-29','Completed',NULL,'Generated Harvest Work Order','2021-10-22','2021-10-26',NULL),(1014,'Fertilizer Application',107,'2021-05-07','2021-06-11','Completed',NULL,'Basal Nitrogen Application (N)','2021-06-04','2021-06-07',NULL),(1015,'Fertilizer Application',107,'2021-05-07','2021-06-21','Completed',NULL,'Basal Potassium Application (K)','2021-06-14','2021-06-14',NULL),(1016,'Fertilizer Application',107,'2021-05-07','2021-06-25','Completed',NULL,'Tillering Nitrogen Application (N)','2021-06-18','2021-06-18',NULL),(1017,'Fertilizer Application',107,'2021-05-07','2021-07-01','Completed',NULL,'Midtillering Nitrogen Application (N)','2021-06-24','2021-06-24',NULL),(1018,'Fertilizer Application',107,'2021-05-07','2021-07-21','Completed',NULL,'Early Panicle Potassium Application (K)','2021-07-14','2021-07-14',NULL),(1019,'Fertilizer Application',107,'2021-05-07','2021-07-21','Completed',NULL,'Panicle Nitrogen Application (N)','2021-07-14','2021-07-14',NULL),(1020,'Fertilizer Application',107,'2021-05-07','2021-07-26','Completed',NULL,'Phosphorous Application (P)','2021-07-19','2021-07-19',NULL),(1021,'Fertilizer Application',107,'2021-05-07','2021-08-10','Completed',NULL,'Flowering Nitrogen Application (N)','2021-08-03','2021-08-03',NULL),(1022,'Land Preparation',108,'2021-05-07','2021-05-31','Completed',NULL,'Generated Land Preparation Work Order','2021-05-10','2021-05-10',NULL),(1023,'Sow Seed',108,'2021-05-07','2021-06-04','Completed',NULL,'Generated Sow Seed Work Order','2021-06-01','2021-06-01',NULL),(1024,'Harvest',108,'2021-05-07','2021-10-29','Completed',NULL,'Generated Harvest Work Order','2021-10-22','2021-10-26',NULL),(1025,'Fertilizer Application',108,'2021-05-07','2021-06-11','Completed',NULL,'Basal Nitrogen Application (N)','2021-06-04','2021-06-07',NULL),(1026,'Fertilizer Application',108,'2021-05-07','2021-06-21','Completed',NULL,'Basal Potassium Application (K)','2021-06-14','2021-06-14',NULL),(1027,'Fertilizer Application',108,'2021-05-07','2021-06-25','Completed',NULL,'Tillering Nitrogen Application (N)','2021-06-18','2021-06-18',NULL),(1028,'Fertilizer Application',108,'2021-05-07','2021-07-01','Completed',NULL,'Midtillering Nitrogen Application (N)','2021-06-24','2021-06-24',NULL),(1029,'Fertilizer Application',108,'2021-05-07','2021-07-21','Completed',NULL,'Early Panicle Potassium Application (K)','2021-07-14','2021-07-14',NULL),(1030,'Fertilizer Application',108,'2021-05-07','2021-07-21','Completed',NULL,'Panicle Nitrogen Application (N)','2021-07-14','2021-07-14',NULL),(1031,'Fertilizer Application',108,'2021-05-07','2021-07-26','Completed',NULL,'Phosphorous Application (P)','2021-07-19','2021-07-19',NULL),(1032,'Fertilizer Application',108,'2021-05-07','2021-08-10','Completed',NULL,'Flowering Nitrogen Application (N)','2021-08-03','2021-08-03',NULL),(1033,'Pesticide Application',94,'2020-06-07','2020-06-14','Completed',NULL,'','2020-06-14','2020-06-14','Vegetation'),(1034,'Pesticide Application',95,'2020-06-07','2020-06-14','Completed',NULL,'','2020-06-14','2020-06-14','Vegetation'),(1035,'Pesticide Application',96,'2020-06-07','2020-06-14','Completed',NULL,'','2020-06-14','2020-06-14','Vegetation'),(1036,'Pesticide Application',97,'2020-06-07','2020-06-15','Completed',NULL,'','2020-06-15','2020-06-15','Vegetation'),(1037,'Pesticide Application',98,'2020-06-07','2020-06-15','Completed',NULL,'','2020-06-15','2020-06-15','Vegetation'),(1038,'Pesticide Application',99,'2020-12-07','2020-12-15','Completed',NULL,'','2020-12-15','2020-12-15','Vegetation'),(1039,'Pesticide Application',100,'2020-12-07','2020-12-15','Completed',NULL,'','2020-12-15','2020-12-15','Vegetation'),(1040,'Pesticide Application',101,'2020-12-07','2020-12-15','Completed',NULL,'','2020-12-15','2020-12-15','Vegetation'),(1041,'Pesticide Application',102,'2020-12-07','2020-12-16','Completed',NULL,'','2020-12-16','2020-12-16','Vegetation'),(1042,'Pesticide Application',103,'2020-12-07','2020-12-16','Completed',NULL,'','2020-12-16','2020-12-16','Vegetation'),(1043,'Land Preparation',109,'2021-10-26','2021-12-27','Completed',NULL,'Generated Land Preparation Work Order','2021-12-06','2021-12-06',NULL),(1044,'Sow Seed',109,'2021-10-26','2021-12-30','Completed',NULL,'Generated Sow Seed Work Order','2021-12-12','2021-12-12',NULL),(1045,'Harvest',109,'2021-10-26','2022-05-26','Completed',NULL,'Generated Harvest Work Order','2022-05-19','2022-05-20',NULL),(1046,'Fertilizer Application',109,'2021-10-26','2022-01-03','Completed',NULL,'Phosphorous Application (P)','2021-12-27','2022-01-03',NULL),(1047,'Fertilizer Application',109,'2021-10-26','2022-01-03','Completed',NULL,'Basal Potassium Application (K)','2021-12-27','2021-12-27',NULL),(1048,'Fertilizer Application',109,'2021-10-26','2022-01-05','Completed',NULL,'Tillering Nitrogen Application (N)','2021-12-29','2021-12-29',NULL),(1049,'Fertilizer Application',109,'2021-10-26','2022-01-11','Completed',NULL,'Midtillering Nitrogen Application (N)','2022-01-04','2022-01-04',NULL),(1050,'Fertilizer Application',109,'2021-10-26','2022-01-31','Completed',NULL,'Early Panicle Potassium Application (K)','2022-01-24','2022-01-24',NULL),(1051,'Fertilizer Application',109,'2021-10-26','2022-01-31','Completed',NULL,'Panicle Nitrogen Application (N)','2022-01-24','2022-01-24',NULL),(1052,'Fertilizer Application',109,'2021-10-26','2022-02-20','Completed',NULL,'Flowering Nitrogen Application (N)','2022-02-13','2022-02-13',NULL),(1053,'Land Preparation',110,'2021-10-26','2021-12-27','Completed',NULL,'Generated Land Preparation Work Order','2021-12-06','2021-12-06',NULL),(1054,'Sow Seed',110,'2021-10-26','2021-12-30','Completed',NULL,'Generated Sow Seed Work Order','2021-12-12','2021-12-12',NULL),(1055,'Harvest',110,'2021-10-26','2022-05-26','Completed',NULL,'Generated Harvest Work Order','2022-05-19','2022-05-20',NULL),(1056,'Fertilizer Application',110,'2021-10-26','2022-01-03','Completed',NULL,'Phosphorous Application (P)','2021-12-27','2022-01-03',NULL),(1057,'Fertilizer Application',110,'2021-10-26','2022-01-03','Completed',NULL,'Basal Potassium Application (K)','2021-12-27','2021-12-27',NULL),(1058,'Fertilizer Application',110,'2021-10-26','2022-01-05','Completed',NULL,'Tillering Nitrogen Application (N)','2021-12-29','2021-12-29',NULL),(1059,'Fertilizer Application',110,'2021-10-26','2022-01-11','Completed',NULL,'Midtillering Nitrogen Application (N)','2022-01-04','2022-01-04',NULL),(1060,'Fertilizer Application',110,'2021-10-26','2022-01-31','Completed',NULL,'Early Panicle Potassium Application (K)','2022-01-24','2022-01-24',NULL),(1061,'Fertilizer Application',110,'2021-10-26','2022-01-31','Completed',NULL,'Panicle Nitrogen Application (N)','2022-01-24','2022-01-24',NULL),(1062,'Fertilizer Application',110,'2021-10-26','2022-02-20','Completed',NULL,'Flowering Nitrogen Application (N)','2022-02-13','2022-02-13',NULL),(1063,'Land Preparation',111,'2021-10-26','2021-12-27','Completed',NULL,'Generated Land Preparation Work Order','2021-12-06','2021-12-06',NULL),(1064,'Sow Seed',111,'2021-10-26','2021-12-30','Completed',NULL,'Generated Sow Seed Work Order','2021-12-12','2021-12-12',NULL),(1065,'Harvest',111,'2021-10-26','2022-05-26','Completed',NULL,'Generated Harvest Work Order','2022-05-19','2022-05-20',NULL),(1066,'Fertilizer Application',111,'2021-10-26','2022-01-03','Completed',NULL,'Phosphorous Application (P)','2021-12-27','2022-01-03',NULL),(1067,'Fertilizer Application',111,'2021-10-26','2022-01-03','Completed',NULL,'Basal Potassium Application (K)','2021-12-27','2021-12-27',NULL),(1068,'Fertilizer Application',111,'2021-10-26','2022-01-05','Completed',NULL,'Tillering Nitrogen Application (N)','2021-12-29','2021-12-29',NULL),(1069,'Fertilizer Application',111,'2021-10-26','2022-01-11','Completed',NULL,'Midtillering Nitrogen Application (N)','2022-01-04','2022-01-04',NULL),(1070,'Fertilizer Application',111,'2021-10-26','2022-01-31','Completed',NULL,'Early Panicle Potassium Application (K)','2022-01-24','2022-01-24',NULL),(1071,'Fertilizer Application',111,'2021-10-26','2022-01-31','Completed',NULL,'Panicle Nitrogen Application (N)','2022-01-24','2022-01-24',NULL),(1072,'Fertilizer Application',111,'2021-10-26','2022-02-20','Completed',NULL,'Flowering Nitrogen Application (N)','2022-02-13','2022-02-13',NULL),(1073,'Land Preparation',112,'2021-10-26','2021-12-27','Completed',NULL,'Generated Land Preparation Work Order','2021-12-06','2021-12-06',NULL),(1074,'Sow Seed',112,'2021-10-26','2021-12-31','Completed',NULL,'Generated Sow Seed Work Order','2021-12-28','2021-12-28',NULL),(1075,'Harvest',112,'2021-10-26','2022-05-27','Completed',NULL,'Generated Harvest Work Order','2022-05-20','2022-05-20',NULL),(1076,'Fertilizer Application',112,'2021-10-26','2022-01-07','Completed',NULL,'Basal Nitrogen Application (N)','2021-12-31','2022-01-03',NULL),(1077,'Fertilizer Application',112,'2021-10-26','2022-01-17','Completed',NULL,'Basal Potassium Application (K)','2022-01-10','2022-01-10',NULL),(1078,'Fertilizer Application',112,'2021-10-26','2022-01-21','Completed',NULL,'Tillering Nitrogen Application (N)','2022-01-14','2022-01-14',NULL),(1079,'Fertilizer Application',112,'2021-10-26','2022-01-27','Completed',NULL,'Midtillering Nitrogen Application (N)','2022-01-20','2022-01-20',NULL),(1080,'Fertilizer Application',112,'2021-10-26','2022-02-16','Completed',NULL,'Early Panicle Potassium Application (K)','2022-02-09','2022-02-09',NULL),(1081,'Fertilizer Application',112,'2021-10-26','2022-02-16','Completed',NULL,'Panicle Nitrogen Application (N)','2022-02-09','2022-02-09',NULL),(1082,'Fertilizer Application',112,'2021-10-26','2022-03-08','Completed',NULL,'Flowering Nitrogen Application (N)','2022-03-01','2022-03-01',NULL),(1083,'Fertilizer Application',112,'2021-10-26','2022-03-25','Completed',NULL,'Phosphorous Application (P)','2022-03-18','2022-03-18',NULL),(1084,'Land Preparation',113,'2021-10-26','2021-12-27','Completed',NULL,'Generated Land Preparation Work Order','2021-12-06','2021-12-06',NULL),(1085,'Sow Seed',113,'2021-10-26','2021-12-30','Completed',NULL,'Generated Sow Seed Work Order','2021-12-12','2021-12-12',NULL),(1086,'Harvest',113,'2021-10-26','2022-05-26','Completed',NULL,'Generated Harvest Work Order','2022-05-19','2022-05-20',NULL),(1087,'Fertilizer Application',113,'2021-10-26','2022-01-03','Completed',NULL,'Phosphorous Application (P)','2021-12-27','2022-01-03',NULL),(1088,'Fertilizer Application',113,'2021-10-26','2022-01-03','Completed',NULL,'Basal Potassium Application (K)','2021-12-27','2021-12-27',NULL),(1089,'Fertilizer Application',113,'2021-10-26','2022-01-05','Completed',NULL,'Tillering Nitrogen Application (N)','2021-12-29','2021-12-29',NULL),(1090,'Fertilizer Application',113,'2021-10-26','2022-01-11','Completed',NULL,'Midtillering Nitrogen Application (N)','2022-01-04','2022-01-04',NULL),(1091,'Fertilizer Application',113,'2021-10-26','2022-01-31','Completed',NULL,'Early Panicle Potassium Application (K)','2022-01-24','2022-01-24',NULL),(1092,'Fertilizer Application',113,'2021-10-26','2022-01-31','Completed',NULL,'Panicle Nitrogen Application (N)','2022-01-24','2022-01-24',NULL),(1093,'Fertilizer Application',113,'2021-10-26','2022-02-20','Completed',NULL,'Flowering Nitrogen Application (N)','2022-02-13','2022-02-13',NULL);
/*!40000 ALTER TABLE `work_order_table` ENABLE KEYS */;
UNLOCK TABLES;
/*!40103 SET TIME_ZONE=@OLD_TIME_ZONE */;

/*!40101 SET SQL_MODE=@OLD_SQL_MODE */;
/*!40014 SET FOREIGN_KEY_CHECKS=@OLD_FOREIGN_KEY_CHECKS */;
/*!40014 SET UNIQUE_CHECKS=@OLD_UNIQUE_CHECKS */;
/*!40101 SET CHARACTER_SET_CLIENT=@OLD_CHARACTER_SET_CLIENT */;
/*!40101 SET CHARACTER_SET_RESULTS=@OLD_CHARACTER_SET_RESULTS */;
/*!40101 SET COLLATION_CONNECTION=@OLD_COLLATION_CONNECTION */;
/*!40111 SET SQL_NOTES=@OLD_SQL_NOTES */;

-- Dump completed on 2022-05-12  9:55:25
